512,1
513,2
514,3
515,7,4,5,6
516,8
517,9
518,13,10,12,11
519,14
520,15,19,17,16,22,21
521,40,26,25,29,33
522,45,44
523,48,47,46
524,49
525,50
526,51
527,55,52,53,54
528,56
529,57
530,58
531,59
532,63,60,61,62
533,64
534,65
535,69,66,68,67
536,70
537,71,75,73,72,78,77
538,96,82,81,85,89
539,101,100
540,104,103,102
541,105
542,106
543,107
544,111,108,109,110
545,112
546,113
547,117,114,116,115
548,118
549,119,123,121,120,126,125
550,144,130,129,133,137
551,149,148
552,152,151,150
553,153
554,154
555,155
556,159,156,157,158
557,160
558,161
559,162
560,163
561,167,164,165,166
562,168
563,169
564,173,170,172,171
565,174
566,175,179,177,176,182,181
567,200,186,185,189,193
568,205,204
569,208,207,206
570,209
571,210
572,211
573,215,212,213,214
574,216
575,217
576,221,218,220,219
577,222
578,223,227,225,224,230,229
579,248,234,233,237,241
580,253,252
581,256,255,254
582,257
583,258
584,259
585,263,260,261,262
586,264
587,265
588,266
589,267
590,271,268,269,270
591,272
592,273
593,277,274,276,275
594,278
595,279,283,281,280,286,285
596,304,290,289,293,297
597,309,308
598,312,311,310
599,313
600,314
601,315
602,319,316,317,318
603,320
604,321
605,325,322,324,323
606,326
607,327,331,329,328,334,333
608,352,338,337,341,345
609,357,356
610,360,359,358
611,361
612,362
613,366,363,364,365
614,367
615,368
616,369
617,370
618,374,371,372,373
619,375
620,376
621,380,377,378,379
622,388,381,382,383,384
623,395
624,396
625,397
626,401,398,399,400
627,402
628,403
629,407,404,406,405
630,408
631,409,413,411,410,416,415
632,419
633,420,424,425,428,427,432
634,434,440,446,435,452,443
635,454,466,459,464,471,461
636,472,491,485,477,483,480
637,493
638,497,494,496,495
639,498
640,499,503,501,500,506,505
641,524,510,509,513,517
642,529,528
643,532,531,530
644,533
645,534
646,535
647,539,536,537,538
648,540
649,541
650,545,542,543,544
651,553,546,547,548,549
652,560
653,561
654,562
655,566,563,564,565
656,567
657,568
658,572,569,571,570
659,573
660,574,578,576,575,581,580
661,584
662,585,589,590,593,592,597
663,599,605,611,600,617,608
664,619,631,624,629,636,626
665,637,656,650,642,648,645
666,658
667,662,659,661,660
668,663
669,664,668,666,665,671,670
670,689,675,674,678,682
671,694,693
672,697,696,695
673,698
674,699
675,700
676,701
677,702
678,703
679,704
680,705
681,706
682,707
683,708
684,709
685,710
686,711
687,712
688,713
689,714
690,715
691,716
692,717
693,718
694,719
695,720
696,722,721
697,725,724,723
698,726
699,728,727
700,730,733,732,729,731
701,735,740,743,742,747,749
702,751
703,752,755,768,757,753,758
704,769,776,773,775,770,774
705,781
706,782,786,788,795,784,783
707,796,804,799,800,801,797
708,807,806,805
709,811,817,819,814,815,816
710,820,824,821,826,823,827
711,837,845,841,839,842,838
712,851,848,847,846
713,852,860,856,858,854,857
714,861,865,862,867,864,868
715,878,888,883,891,881,885
716,892
717,893,897,899,908,895,894
718,909,917,919,910,913,915
719,923
720,924,928,930,939,926,925
721,940,948,943,944,945,941
722,951,950,949
723,955,961,963,958,956,959
724,964,968,965,970,967,971
725,981,989,985,983,986,982
726,995,992,991,990
727,996,1004,1000,1002,998,1001
728,1005,1009,1006,1011,1008,1012
729,1022,1032,1027,1035,1025,1029
730,1036
731,1037,1041,1043,1052,1039,1038
732,1053,1061,1063,1054,1057,1059
733,1067
734,1068,1072,1074,1083,1070,1069
735,1084,1092,1094,1088,1085,1090
736,1098
737,1099,1103,1105,1114,1101,1100
738,1115,1123,1125,1119,1116,1120
739,1129
740,1130,1134,1136,1145,1132,1131
741,1146,1154,1156,1150,1147,1151
742,1160
743,1161,1165,1167,1176,1163,1162
744,1177,1185,1187,1181,1178,1182
745,1191
746,1192,1196,1198,1207,1194,1193
747,1208,1216,1211,1212,1213,1209
748,1219,1218,1217
749,1223,1229,1231,1226,1227,1228
750,1232,1236,1233,1238,1235,1239
751,1249,1257,1253,1251,1254,1250
752,1263,1260,1259,1258
753,1264,1272,1268,1270,1266,1269
754,1273,1277,1274,1279,1276,1280
755,1290,1300,1295,1303,1293,1297
756,1304
757,1305,1309,1311,1320,1307,1306
758,1321,1329,1331,1322,1325,1327
759,1335
760,1336,1340,1342,1351,1338,1337
761,1352,1360,1362,1356,1353,1358
762,1366
763,1367,1371,1373,1382,1369,1368
764,1383,1391,1393,1387,1384,1388
765,1397
766,1398,1402,1404,1413,1400,1399
767,1414,1422,1424,1418,1415,1419
768,1428
769,1429,1433,1435,1444,1431,1430
770,1445,1453,1455,1449,1446,1450
771,1459
772,1460,1464,1466,1475,1462,1461
773,1476,1484,1479,1480,1481,1477
774,1487,1486,1485
775,1491,1497,1499,1494,1495,1496
776,1500,1504,1501,1506,1503,1507
777,1517,1525,1521,1519,1522,1518
778,1531,1528,1527,1526
779,1532,1540,1536,1538,1534,1537
780,1541,1545,1542,1547,1544,1548
781,1558,1568,1563,1571,1561,1565
782,1572
783,1573,1577,1579,1588,1575,1574
784,1589,1597,1599,1590,1593,1595
785,1603
786,1604,1608,1610,1619,1606,1605
787,1620,1628,1630,1624,1621,1626
788,1634
789,1635,1639,1641,1650,1637,1636
790,1651,1659,1661,1655,1652,1656
791,1665
792,1666,1670,1672,1681,1668,1667
793,1682,1690,1692,1686,1683,1687
794,1696
795,1697,1701,1703,1712,1699,1698
796,1713,1721,1723,1717,1714,1718
797,1727
798,1728,1732,1734,1743,1730,1729
799,1744
800,1745
801,1749,1746,1747,1748
802,1750
803,1751
804,1755,1752,1753,1754
805,1763,1756,1757,1758,1759
806,1770
807,1771
808,1772
809,1776,1773,1774,1775
810,1777,1778,1780,1781,1782,1783
811,1786,1802,1804,1805,1793,1794
812,1806,1811,1813,1808,1814,1809
813,1829,1832,1841,1837,1839,1833
814,1843
815,1844
816,1848,1845,1847,1846
817,1849
818,1850,1854,1852,1851,1857,1856
819,1875,1861,1860,1864,1868
820,1880,1879
821,1883,1882,1881
822,1884
823,1886,1885
824,1889,1888,1887
825,1890
826,1891,1894,1895,1898,1892,1896
827,1899
828,1900,1907,1904,1906,1910,1901
829,1911,1917,1928,1920,1912,1919
830,1930,1942,1935,1940,1947,1937
831,1948,1953,1959,1967,1961,1957
832,1969,1979,1970,1973,1977,1972
833,1986,2002,1992,2005,2004,1998
834,2010,2013,2011,2015,2014,2021
835,2024,2030,2041,2026,2031,2028
836,2042
837,2046,2043,2044,2045
838,2054,2047,2048,2049,2050
839,2061,2079,2080,2081,2082,2068
840,2083,2087,2085,2089,2090,2104
841,2105,2115,2108,2113,2109,2106
842,2121,2139,2127,2137,2143,2133
843,2144,2154,2147,2145,2151,2149
844,2167,2177,2171,2168,2172,2170
845,2180
846,2181
847,2182
848,2186,2183,2184,2185
849,2187
850,2188
851,2192,2189,2190,2191
852,2200,2193,2194,2195,2196
853,2207
854,2208
855,2209
856,2213,2210,2211,2212
857,2214,2215,2217,2218,2219,2220
858,2223,2239,2241,2242,2230,2231
859,2243,2249,2251,2253,2247,2250
860,2256,2262,2273,2258,2263,2260
861,2274
862,2275
863,2277,2276
864,2280,2279,2278
865,2281
866,2282,2285,2286,2289,2283,2287
867,2290
868,2291,2298,2295,2297,2301,2292
869,2302,2308,2319,2311,2303,2310
870,2321,2333,2326,2331,2338,2328
871,2339,2344,2350,2358,2352,2348
872,2360
873,2364,2361,2363,2362
874,2365
875,2366,2370,2368,2367,2373,2372
876,2376
877,2377,2381,2382,2385,2384,2389
878,2391,2397,2403,2392,2409,2400
879,2411,2412,2421,2417,2419,2434
880,2438,2442,2450,2449,2445,2452
881,2453,2456,2454,2460,2458,2471
882,2473
883,2477,2474,2475,2476
884,2478,2486,2492,2494,2481,2483
885,2496,2504,2506,2508,2512,2501
886,2514,2519,2515,2517,2521,2532
887,2536,2545,2540,2547,2539,2537
888,2552,2568,2558,2570,2574,2564
889,2575,2585,2578,2576,2582,2580
890,2598,2608,2602,2599,2603,2601
891,2611
892,2612,2622,2616,2613,2617,2615
893,2623,2630,2627,2629,2633,2624
894,2634,2648,2639,2641,2635,2637
895,2650
896,2651
897,2655,2652,2654,2653
898,2656
899,2657,2661,2659,2658,2664,2663
900,2667
901,2668,2672,2673,2676,2675,2680
902,2682,2688,2694,2683,2700,2691
903,2702,2714,2707,2712,2719,2709
904,2720,2727,2746,2722,2733,2725
905,2747
906,2751,2748,2749,2750
907,2759,2752,2753,2754,2755
908,2766,2769,2767,2771,2773,2787
909,2789,2801,2793,2799,2792,2790
910,2806,2822,2824,2812,2825,2829
911,2830,2838,2833,2831,2835,2834
912,2844
913,2845
914,2849,2846,2847,2848
915,2850
916,2851
917,2855,2852,2853,2854
918,2863,2856,2857,2858,2859
919,2870,2876,2889,2872,2877,2874
920,2890
921,2891
922,2895,2892,2894,2893
923,2896
924,2897,2901,2899,2898,2904,2903
925,2907
926,2908,2912,2913,2916,2915,2920
927,2922,2928,2934,2923,2940,2931
928,2942,2954,2947,2952,2959,2949
929,2960,2963,2961,2967,2965,2980
930,2982
931,2986,2983,2984,2985
932,2994,2987,2988,2989,2990
933,3001,3006,3002,3004,3008,3019
934,3023,3033,3027,3035,3026,3024
935,3040,3056,3058,3046,3059,3063
936,3064,3072,3067,3065,3069,3068
937,3078,3086,3082,3085,3088,3079
938,3089,3098,3103,3094,3097,3096
939,3105,3113,3111,3109,3108,3106
940,3118
941,3120,3119
942,3123,3122,3121
943,3124
944,3125,3128,3129,3132,3126,3130
945,3133
946,3134,3141,3138,3140,3144,3135
947,3145,3151,3162,3154,3146,3153
948,3164,3176,3169,3174,3181,3171
949,3182,3188,3200,3201,3184,3189
950,3202
951,3206,3203,3204,3205
952,3214,3207,3208,3209,3210
953,3221,3224,3222,3226,3228,3241
954,3243,3255,3247,3253,3246,3244
955,3260,3276,3278,3266,3279,3283
956,3284,3292,3287,3285,3289,3288
957,3298
958,3299
959,3303,3300,3301,3302
960,3304
961,3305
962,3309,3306,3307,3308
963,3317,3310,3311,3312,3313
964,3324,3330,3343,3326,3331,3328
965,3344
966,3345
967,3349,3346,3348,3347
968,3350
969,3351,3355,3353,3352,3358,3357
970,3361
971,3362,3366,3367,3370,3369,3374
972,3376,3382,3388,3377,3394,3385
973,3396,3408,3401,3406,3413,3403
974,3414,3417,3415,3421,3419,3434
975,3436
976,3440,3437,3438,3439
977,3448,3441,3442,3443,3444
978,3455,3460,3456,3458,3462,3473
979,3477,3487,3481,3489,3480,3478
980,3494,3510,3512,3500,3513,3517
981,3518,3526,3521,3519,3523,3522
982,3532,3540,3536,3539,3542,3533
983,3543,3552,3557,3548,3551,3550
984,3559,3567,3565,3563,3562,3560
985,3572
986,3574,3573
987,3577,3576,3575
988,3578
989,3579,3582,3583,3586,3580,3584
990,3587
991,3588,3595,3592,3594,3598,3589
992,3599,3605,3616,3608,3600,3607
993,3618,3630,3623,3628,3635,3625
994,3636,3642,3654,3655,3638,3643
995,3656
996,3660,3657,3658,3659
997,3668,3661,3662,3663,3664
998,3675,3678,3676,3680,3682,3695
999,3697,3709,3701,3707,3700,3698
1000,3714,3730,3732,3720,3733,3737
1001,3738,3746,3741,3739,3743,3742
1002,3752
1003,3753
1004,3757,3754,3755,3756
1005,3758
1006,3759
1007,3763,3760,3761,3762
1008,3771,3764,3765,3766,3767
1009,3778,3784,3797,3780,3785,3782
1010,3798
1011,3799
1012,3803,3800,3802,3801
1013,3804
1014,3805,3809,3807,3806,3812,3811
1015,3815
1016,3816,3820,3821,3824,3823,3828
1017,3830,3836,3842,3831,3848,3839
1018,3850,3862,3855,3860,3867,3857
1019,3868,3871,3869,3875,3873,3888
1020,3890
1021,3894,3891,3892,3893
1022,3902,3895,3896,3897,3898
1023,3909,3914,3910,3912,3916,3927
1024,3931,3941,3935,3943,3934,3932
1025,3948,3964,3966,3954,3967,3971
1026,3972,3980,3975,3973,3977,3976
1027,3986,3994,3990,3993,3996,3987
1028,3997,4006,4011,4002,4005,4004
1029,4013,4021,4019,4017,4016,4014
1030,4026
1031,4028,4027
1032,4031,4030,4029
1033,4032
1034,4033,4036,4037,4040,4034,4038
1035,4041
1036,4042,4049,4046,4048,4052,4043
1037,4053,4059,4070,4062,4054,4061
1038,4072,4084,4077,4082,4089,4079
1039,4090,4096,4108,4109,4092,4097
1040,4110
1041,4114,4111,4112,4113
1042,4122,4115,4116,4117,4118
1043,4129,4132,4130,4134,4136,4149
1044,4151,4163,4155,4161,4154,4152
1045,4168,4184,4186,4174,4187,4191
1046,4192,4200,4195,4193,4197,4196
1047,4206
1048,4207
1049,4211,4208,4209,4210
1050,4212
1051,4213
1052,4217,4214,4215,4216
1053,4225,4218,4219,4220,4221
1054,4232,4238,4251,4234,4239,4236
1055,4252
1056,4253
1057,4257,4254,4256,4255
1058,4258
1059,4259,4263,4261,4260,4266,4265
1060,4269
1061,4270,4274,4275,4278,4277,4282
1062,4284,4290,4296,4285,4302,4293
1063,4304,4316,4309,4314,4321,4311
1064,4322,4325,4323,4329,4327,4342
1065,4344
1066,4345
1067,4346
1068,4347
1069,4351,4348,4349,4350
1070,4352,4353,4355,4356,4357,4358
1071,4361,4365,4362,4364,4366,4370
1072,4372,4377,4373,4379,4375,4388
1073,4392
1074,4393
1075,4397,4394,4395,4396
1076,4398,4406,4412,4414,4404,4409
1077,4415
1078,4416,4423,4417,4419,4422,4432
1079,4434,4438,4441,4442,4440,4435
1080,4446,4451,4447,4453,4449,4466
1081,4467
1082,4468,4473,4481,4483,4475,4477
1083,4487,4485,4486,4484
1084,4492,4497,4495,4496,4498,4499
1085,4513,4503,4506,4500,4501
1086,4514,4518,4524,4519,4521,4515
1087,4525,4530,4531,4527,4529,4528
1088,4533
1089,4534
1090,4535
1091,4539,4536,4537,4538
1092,4540
1093,4541
1094,4545,4542,4544,4543
1095,4546
1096,4547,4551,4549,4548,4554,4553
1097,4572,4558,4557,4561,4565
1098,4577,4576
1099,4580,4579,4578
1100,4581
1101,4582
1102,4583
1103,4587,4584,4585,4586
1104,4588
1105,4589
1106,4590
1107,4591
1108,4595,4592,4593,4594
1109,4596
1110,4597
1111,4601,4598,4600,4599
1112,4602
1113,4603,4607,4605,4604,4610,4609
1114,4628,4614,4613,4617,4621
1115,4633,4632
1116,4636,4635,4634
1117,4637
1118,4638
1119,4639
1120,4643,4640,4641,4642
1121,4644
1122,4645
1123,4649,4646,4648,4647
1124,4650
1125,4651,4655,4653,4652,4658,4657
1126,4676,4662,4661,4665,4669
1127,4681,4680
1128,4684,4683,4682
1129,4685
1130,4686
1131,4687
1132,4691,4688,4689,4690
1133,4692
1134,4693
1135,4694
1136,4695
1137,4699,4696,4697,4698
1138,4700
1139,4701
1140,4705,4702,4704,4703
1141,4706
1142,4707,4711,4709,4708,4714,4713
1143,4732,4718,4717,4721,4725
1144,4737,4736
1145,4740,4739,4738
1146,4741
1147,4742
1148,4743
1149,4747,4744,4745,4746
1150,4748
1151,4749
1152,4753,4750,4752,4751
1153,4754
1154,4755,4759,4757,4756,4762,4761
1155,4780,4766,4765,4769,4773
1156,4785,4784
1157,4788,4787,4786
1158,4789
1159,4790
1160,4791
1161,4795,4792,4793,4794
1162,4796
1163,4797
1164,4798
1165,4799
1166,4803,4800,4801,4802
1167,4804
1168,4805
1169,4809,4806,4808,4807
1170,4810
1171,4811,4815,4813,4812,4818,4817
1172,4836,4822,4821,4825,4829
1173,4841,4840
1174,4844,4843,4842
1175,4845
1176,4846
1177,4847
1178,4851,4848,4849,4850
1179,4852
1180,4853
1181,4857,4854,4856,4855
1182,4858
1183,4859,4863,4861,4860,4866,4865
1184,4884,4870,4869,4873,4877
1185,4889,4888
1186,4892,4891,4890
1187,4893
1188,4894
1189,4898,4895,4896,4897
1190,4899
1191,4900
1192,4901
1193,4902
1194,4906,4903,4904,4905
1195,4907
1196,4908
1197,4912,4909,4910,4911
1198,4920,4913,4914,4915,4916
1199,4927
1200,4928
1201,4929
1202,4933,4930,4931,4932
1203,4934
1204,4935
1205,4939,4936,4938,4937
1206,4940
1207,4941,4945,4943,4942,4948,4947
1208,4951
1209,4952,4956,4957,4960,4959,4964
1210,4966,4972,4978,4967,4984,4975
1211,4986,4998,4991,4996,5003,4993
1212,5004,5023,5017,5009,5015,5012
1213,5025
1214,5029,5026,5028,5027
1215,5030
1216,5031,5035,5033,5032,5038,5037
1217,5056,5042,5041,5045,5049
1218,5061,5060
1219,5064,5063,5062
1220,5065
1221,5066
1222,5067
1223,5071,5068,5069,5070
1224,5072
1225,5073
1226,5077,5074,5075,5076
1227,5085,5078,5079,5080,5081
1228,5092
1229,5093
1230,5094
1231,5098,5095,5096,5097
1232,5099
1233,5100
1234,5104,5101,5103,5102
1235,5105
1236,5106,5110,5108,5107,5113,5112
1237,5116
1238,5117,5121,5122,5125,5124,5129
1239,5131,5137,5143,5132,5149,5140
1240,5151,5163,5156,5161,5168,5158
1241,5169,5188,5182,5174,5180,5177
1242,5190
1243,5194,5191,5193,5192
1244,5195
1245,5196,5200,5198,5197,5203,5202
1246,5221,5207,5206,5210,5214
1247,5226,5225
1248,5229,5228,5227
1249,5230
1250,5231
1251,5232
1252,5233
1253,5234
1254,5235
1255,5236
1256,5237
1257,5238
1258,5239
1259,5240
1260,5241
1261,5242
1262,5243
1263,5244
1264,5245
1265,5246
1266,5247
1267,5248
1268,5249
1269,5250
1270,5251
1271,5252
1272,5253
1273,5257,5254,5255,5256
1274,5258
1275,5259
1276,5263,5260,5261,5262
1277,5264,5272,5270,5277,5279,5273
1278,5281
1279,5282,5283,5285,5288,5299,5287
1280,5300,5304,5307,5308,5306,5301
1281,5312
1282,5313,5317,5319,5326,5315,5314
1283,5327,5335,5330,5331,5332,5328
1284,5338,5337,5336
1285,5342,5348,5350,5345,5346,5347
1286,5351,5355,5352,5357,5354,5358
1287,5368,5376,5372,5370,5373,5369
1288,5382,5379,5378,5377
1289,5383,5391,5387,5389,5385,5388
1290,5392,5396,5393,5398,5395,5399
1291,5409,5419,5414,5422,5412,5416
1292,5423
1293,5424,5428,5430,5439,5426,5425
1294,5440,5448,5450,5441,5444,5446
1295,5454
1296,5455,5459,5461,5470,5457,5456
1297,5471,5479,5474,5475,5476,5472
1298,5482,5481,5480
1299,5486,5492,5494,5489,5487,5490
1300,5495,5499,5496,5501,5498,5502
1301,5512,5520,5516,5514,5517,5513
1302,5526,5523,5522,5521
1303,5527,5535,5531,5533,5529,5532
1304,5536,5540,5537,5542,5539,5543
1305,5553,5563,5558,5566,5556,5560
1306,5567
1307,5568,5572,5574,5583,5570,5569
1308,5584,5592,5594,5585,5588,5590
1309,5598
1310,5599,5603,5605,5614,5601,5600
1311,5615,5623,5625,5619,5616,5621
1312,5629
1313,5630,5634,5636,5645,5632,5631
1314,5646,5654,5656,5650,5647,5651
1315,5660
1316,5661,5665,5667,5676,5663,5662
1317,5677,5685,5687,5681,5678,5682
1318,5691
1319,5692,5696,5698,5707,5694,5693
1320,5708,5716,5718,5712,5709,5713
1321,5722
1322,5723,5727,5729,5738,5725,5724
1323,5739,5747,5742,5743,5744,5740
1324,5750,5749,5748
1325,5754,5760,5762,5757,5758,5759
1326,5763,5767,5764,5769,5766,5770
1327,5780,5788,5784,5782,5785,5781
1328,5794,5791,5790,5789
1329,5795,5803,5799,5801,5797,5800
1330,5804,5808,5805,5810,5807,5811
1331,5821,5831,5826,5834,5824,5828
1332,5835
1333,5836,5840,5842,5851,5838,5837
1334,5852,5860,5862,5853,5856,5858
1335,5866
1336,5867,5871,5873,5882,5869,5868
1337,5883,5891,5893,5887,5884,5889
1338,5897
1339,5898,5902,5904,5913,5900,5899
1340,5914,5922,5924,5918,5915,5919
1341,5928
1342,5929,5933,5935,5944,5931,5930
1343,5945,5953,5955,5949,5946,5950
1344,5959
1345,5960,5964,5966,5975,5962,5961
1346,5976,5984,5986,5980,5977,5981
1347,5990
1348,5991,5995,5997,6006,5993,5992
1349,6007,6015,6010,6011,6012,6008
1350,6018,6017,6016
1351,6022,6028,6030,6025,6026,6027
1352,6031,6035,6032,6037,6034,6038
1353,6048,6056,6052,6050,6053,6049
1354,6062,6059,6058,6057
1355,6063,6071,6067,6069,6065,6068
1356,6072,6076,6073,6078,6075,6079
1357,6089,6099,6094,6102,6092,6096
1358,6103
1359,6104,6108,6110,6119,6106,6105
1360,6120,6128,6130,6121,6124,6126
1361,6134
1362,6135,6139,6141,6150,6137,6136
1363,6151,6159,6161,6155,6152,6157
1364,6165
1365,6166,6170,6172,6181,6168,6167
1366,6182,6190,6192,6186,6183,6187
1367,6196
1368,6197,6201,6203,6212,6199,6198
1369,6213,6221,6223,6217,6214,6218
1370,6227
1371,6228,6232,6234,6243,6230,6229
1372,6244,6252,6254,6248,6245,6249
1373,6258
1374,6259,6263,6265,6274,6261,6260
1375,6275
1376,6276
1377,6280,6277,6278,6279
1378,6281
1379,6282
1380,6286,6283,6284,6285
1381,6294,6287,6288,6289,6290
1382,6301
1383,6302
1384,6303
1385,6307,6304,6305,6306
1386,6308,6309,6311,6312,6313,6314
1387,6317,6333,6335,6336,6324,6325
1388,6337,6342,6344,6339,6345,6340
1389,6360,6363,6372,6368,6370,6364
1390,6374
1391,6375
1392,6379,6376,6378,6377
1393,6380
1394,6381,6385,6383,6382,6388,6387
1395,6406,6392,6391,6395,6399
1396,6411,6410
1397,6414,6413,6412
1398,6415
1399,6417,6416
1400,6420,6419,6418
1401,6421
1402,6422,6425,6426,6429,6423,6427
1403,6430
1404,6431,6438,6435,6437,6441,6432
1405,6442,6448,6459,6451,6443,6450
1406,6461,6473,6466,6471,6478,6468
1407,6479,6484,6490,6498,6492,6488
1408,6500,6510,6501,6504,6508,6503
1409,6517,6533,6523,6536,6535,6529
1410,6541,6544,6542,6546,6545,6552
1411,6555,6561,6572,6557,6562,6559
1412,6573
1413,6577,6574,6575,6576
1414,6585,6578,6579,6580,6581
1415,6592,6610,6611,6612,6613,6599
1416,6614,6618,6616,6620,6621,6635
1417,6636,6646,6639,6644,6640,6637
1418,6652,6670,6658,6668,6674,6664
1419,6675,6685,6678,6676,6682,6680
1420,6698,6708,6702,6699,6703,6701
1421,6711
1422,6712
1423,6713
1424,6717,6714,6715,6716
1425,6718
1426,6719
1427,6723,6720,6721,6722
1428,6731,6724,6725,6726,6727
1429,6738
1430,6739
1431,6740
1432,6744,6741,6742,6743
1433,6745,6746,6748,6749,6750,6751
1434,6754,6770,6772,6773,6761,6762
1435,6774,6780,6782,6784,6778,6781
1436,6787,6793,6804,6789,6794,6791
1437,6805
1438,6806
1439,6808,6807
1440,6811,6810,6809
1441,6812
1442,6813,6816,6817,6820,6814,6818
1443,6821
1444,6822,6829,6826,6828,6832,6823
1445,6833,6839,6850,6842,6834,6841
1446,6852,6864,6857,6862,6869,6859
1447,6870,6875,6881,6889,6883,6879
1448,6891
1449,6895,6892,6894,6893
1450,6896
1451,6897,6901,6899,6898,6904,6903
1452,6907
1453,6908,6912,6913,6916,6915,6920
1454,6922,6928,6934,6923,6940,6931
1455,6942,6943,6952,6948,6950,6965
1456,6969,6973,6981,6980,6976,6983
1457,6984,6987,6985,6991,6989,7002
1458,7004
1459,7008,7005,7006,7007
1460,7009,7017,7023,7025,7012,7014
1461,7027,7035,7037,7039,7043,7032
1462,7045,7050,7046,7048,7052,7063
1463,7067,7076,7071,7078,7070,7068
1464,7083,7099,7089,7101,7105,7095
1465,7106,7116,7109,7107,7113,7111
1466,7129,7139,7133,7130,7134,7132
1467,7142
1468,7143,7153,7147,7144,7148,7146
1469,7154,7161,7158,7160,7164,7155
1470,7165,7179,7170,7172,7166,7168
1471,7181
1472,7182
1473,7186,7183,7185,7184
1474,7187
1475,7188,7192,7190,7189,7195,7194
1476,7198
1477,7199,7203,7204,7207,7206,7211
1478,7213,7219,7225,7214,7231,7222
1479,7233,7245,7238,7243,7250,7240
1480,7251,7258,7277,7253,7264,7256
1481,7278
1482,7282,7279,7280,7281
1483,7290,7283,7284,7285,7286
1484,7297,7300,7298,7302,7304,7318
1485,7320,7332,7324,7330,7323,7321
1486,7337,7353,7355,7343,7356,7360
1487,7361,7369,7364,7362,7366,7365
1488,7375
1489,7376
1490,7380,7377,7378,7379
1491,7381
1492,7382
1493,7386,7383,7384,7385
1494,7394,7387,7388,7389,7390
1495,7401,7407,7420,7403,7408,7405
1496,7421
1497,7422
1498,7426,7423,7425,7424
1499,7427
1500,7428,7432,7430,7429,7435,7434
1501,7438
1502,7439,7443,7444,7447,7446,7451
1503,7453,7459,7465,7454,7471,7462
1504,7473,7485,7478,7483,7490,7480
1505,7491,7494,7492,7498,7496,7511
1506,7513
1507,7517,7514,7515,7516
1508,7525,7518,7519,7520,7521
1509,7532,7537,7533,7535,7539,7550
1510,7554,7564,7558,7566,7557,7555
1511,7571,7587,7589,7577,7590,7594
1512,7595,7603,7598,7596,7600,7599
1513,7609,7617,7613,7616,7619,7610
1514,7620,7629,7634,7625,7628,7627
1515,7636,7644,7642,7640,7639,7637
1516,7649
1517,7651,7650
1518,7654,7653,7652
1519,7655
1520,7656,7659,7660,7663,7657,7661
1521,7664
1522,7665,7672,7669,7671,7675,7666
1523,7676,7682,7693,7685,7677,7684
1524,7695,7707,7700,7705,7712,7702
1525,7713,7719,7731,7732,7715,7720
1526,7733
1527,7737,7734,7735,7736
1528,7745,7738,7739,7740,7741
1529,7752,7755,7753,7757,7759,7772
1530,7774,7786,7778,7784,7777,7775
1531,7791,7807,7809,7797,7810,7814
1532,7815,7823,7818,7816,7820,7819
1533,7829
1534,7830
1535,7834,7831,7832,7833
1536,7835
1537,7836
1538,7840,7837,7838,7839
1539,7848,7841,7842,7843,7844
1540,7855,7861,7874,7857,7862,7859
1541,7875
1542,7876
1543,7880,7877,7879,7878
1544,7881
1545,7882,7886,7884,7883,7889,7888
1546,7892
1547,7893,7897,7898,7901,7900,7905
1548,7907,7913,7919,7908,7925,7916
1549,7927,7939,7932,7937,7944,7934
1550,7945,7948,7946,7952,7950,7965
1551,7967
1552,7971,7968,7969,7970
1553,7979,7972,7973,7974,7975
1554,7986,7991,7987,7989,7993,8004
1555,8008,8018,8012,8020,8011,8009
1556,8025,8041,8043,8031,8044,8048
1557,8049,8057,8052,8050,8054,8053
1558,8063,8071,8067,8070,8073,8064
1559,8074,8083,8088,8079,8082,8081
1560,8090,8098,8096,8094,8093,8091
1561,8103
1562,8105,8104
1563,8108,8107,8106
1564,8109
1565,8110,8113,8114,8117,8111,8115
1566,8118
1567,8119,8126,8123,8125,8129,8120
1568,8130,8136,8147,8139,8131,8138
1569,8149,8161,8154,8159,8166,8156
1570,8167,8173,8185,8186,8169,8174
1571,8187
1572,8191,8188,8189,8190
1573,8199,8192,8193,8194,8195
1574,8206,8209,8207,8211,8213,8226
1575,8228,8240,8232,8238,8231,8229
1576,8245,8261,8263,8251,8264,8268
1577,8269,8277,8272,8270,8274,8273
1578,8283
1579,8284
1580,8288,8285,8286,8287
1581,8289
1582,8290
1583,8294,8291,8292,8293
1584,8302,8295,8296,8297,8298
1585,8309,8315,8328,8311,8316,8313
1586,8329
1587,8330
1588,8334,8331,8333,8332
1589,8335
1590,8336,8340,8338,8337,8343,8342
1591,8346
1592,8347,8351,8352,8355,8354,8359
1593,8361,8367,8373,8362,8379,8370
1594,8381,8393,8386,8391,8398,8388
1595,8399,8402,8400,8406,8404,8419
1596,8421
1597,8425,8422,8423,8424
1598,8433,8426,8427,8428,8429
1599,8440,8445,8441,8443,8447,8458
1600,8462,8472,8466,8474,8465,8463
1601,8479,8495,8497,8485,8498,8502
1602,8503,8511,8506,8504,8508,8507
1603,8517,8525,8521,8524,8527,8518
1604,8528,8537,8542,8533,8536,8535
1605,8544,8552,8550,8548,8547,8545
1606,8557
1607,8559,8558
1608,8562,8561,8560
1609,8563
1610,8564,8567,8568,8571,8565,8569
1611,8572
1612,8573,8580,8577,8579,8583,8574
1613,8584,8590,8601,8593,8585,8592
1614,8603,8615,8608,8613,8620,8610
1615,8621,8627,8639,8640,8623,8628
1616,8641
1617,8645,8642,8643,8644
1618,8653,8646,8647,8648,8649
1619,8660,8663,8661,8665,8667,8680
1620,8682,8694,8686,8692,8685,8683
1621,8699,8715,8717,8705,8718,8722
1622,8723,8731,8726,8724,8728,8727
1623,8737
1624,8738
1625,8742,8739,8740,8741
1626,8743
1627,8744
1628,8748,8745,8746,8747
1629,8756,8749,8750,8751,8752
1630,8763,8769,8782,8765,8770,8767
1631,8783
1632,8784
1633,8788,8785,8787,8786
1634,8789
1635,8790,8794,8792,8791,8797,8796
1636,8800
1637,8801,8805,8806,8809,8808,8813
1638,8815,8821,8827,8816,8833,8824
1639,8835,8847,8840,8845,8852,8842
1640,8853,8856,8854,8860,8858,8873
1641,8875
1642,8876
1643,8877
1644,8878
1645,8882,8879,8880,8881
1646,8883,8884,8886,8887,8888,8889
1647,8892,8896,8893,8895,8897,8901
1648,8903,8908,8904,8910,8906,8919
1649,8923
1650,8924
1651,8928,8925,8926,8927
1652,8929,8937,8943,8945,8935,8940
1653,8946
1654,8947,8954,8948,8950,8953,8963
1655,8965,8969,8972,8973,8971,8966
1656,8977,8982,8978,8984,8980,8997
1657,8998,9002,9008,9003,9005,8999
1658,9009,9014,9015,9011,9013,9012
1659,9017,9021,9026,9024,9028,9018
1660,9029
1661,9030,9035,9043,9045,9037,9039
1662,9049,9047,9048,9046
1663,9054,9059,9057,9058,9060,9061
1664,9075,9065,9068,9062,9063
1665,9079,9077,9078,9076
1666,9084,9089,9087,9088,9090,9091
1667,9105,9095,9098,9092,9093
1668,9106,9124,9122,9115,9126,9107
1669,9128,9147,9137,9145,9149,9129
1670,9153,9151,9152,9150
1671,9158,9163,9161,9162,9164,9165
1672,9179,9169,9172,9166,9167
1673,9183,9181,9182,9180
1674,9188,9193,9191,9192,9194,9195
1675,9209,9199,9202,9196,9197
1676,9210,9219,9228,9226,9230,9212
1677,9232,9239,9256,9257,9255,9233
1678,9261,9259,9260,9258
1679,9266,9271,9269,9270,9272,9273
1680,9287,9277,9280,9274,9275
1681,9291,9289,9290,9288
1682,9296,9301,9299,9300,9302,9303
1683,9317,9307,9310,9304,9305
1684,9321,9319,9320,9318
1685,9326,9331,9329,9330,9332,9333
1686,9347,9337,9340,9334,9335
1687,9348,9367,9357,9365,9369,9349
1688,9373,9371,9372,9370
1689,9378,9383,9381,9382,9384,9385
1690,9399,9389,9392,9386,9387
1691,9400,9401,9408,9421,9404,9406
1692,9424,9430,9439,9445,9428,9425
1693,9447,9465,9463,9456,9467,9448
1694,9469,9472,9480,9479,9497,9475
1695,9520,9500,9499,9504,9516
1696,9522,9541,9539,9531,9543,9524
1697,9551,9568,9567,9546,9544
1698,9573,9571,9572,9570
1699,9578,9583,9581,9582,9584,9585
1700,9599,9589,9592,9586,9587
1701,9603,9601,9602,9600
1702,9608,9613,9611,9612,9614,9615
1703,9629,9619,9622,9616,9617
1704,9630,9639,9648,9646,9650,9632
1705,9655,9653,9654,9652
1706,9660,9665,9663,9664,9666,9667
1707,9681,9671,9674,9668,9669
1708,9685,9683,9684,9682
1709,9690,9695,9693,9694,9696,9697
1710,9711,9701,9704,9698,9699
1711,9712,9731,9721,9729,9733,9713
1712,9737,9735,9736,9734
1713,9742,9747,9745,9746,9748,9749
1714,9763,9753,9756,9750,9751
1715,9767,9765,9766,9764
1716,9772,9777,9775,9776,9778,9779
1717,9793,9783,9786,9780,9781
1718,9794,9803,9812,9810,9814,9796
1719,9816,9823,9840,9841,9839,9817
1720,9845,9843,9844,9842
1721,9850,9855,9853,9854,9856,9857
1722,9871,9861,9864,9858,9859
1723,9875,9873,9874,9872
1724,9880,9885,9883,9884,9886,9887
1725,9901,9891,9894,9888,9889
1726,9902,9921,9911,9919,9923,9903
1727,9927,9925,9926,9924
1728,9932,9937,9935,9936,9938,9939
1729,9953,9943,9946,9940,9941
1730,9957,9955,9956,9954
1731,9962,9967,9965,9966,9968,9969
1732,9983,9973,9976,9970,9971
1733,9984,10002,10000,9993,10004,9985
1734,10006,10025,10015,10023,10027,10007
1735,10031,10029,10030,10028
1736,10036,10041,10039,10040,10042,10043
1737,10057,10047,10050,10044,10045
1738,10061,10059,10060,10058
1739,10066,10071,10069,10070,10072,10073
1740,10087,10077,10080,10074,10075
1741,10088,10097,10106,10104,10108,10090
1742,10110,10117,10134,10135,10133,10111
1743,10139,10137,10138,10136
1744,10144,10149,10147,10148,10150,10151
1745,10165,10155,10158,10152,10153
1746,10169,10167,10168,10166
1747,10174,10179,10177,10178,10180,10181
1748,10195,10185,10188,10182,10183
1749,10196,10215,10205,10213,10217,10197
1750,10221,10219,10220,10218
1751,10226,10231,10229,10230,10232,10233
1752,10247,10237,10240,10234,10235
1753,10251,10249,10250,10248
1754,10256,10261,10259,10260,10262,10263
1755,10277,10267,10270,10264,10265
1756,10278,10296,10294,10287,10298,10279
1757,10307,10323,10322,10302,10300
1758,10326,10344,10342,10335,10346,10327
1759,10348,10361,10352,10360,10349,10350
1760,10413,10411,10388,10389,10390
1761,10415,10434,10432,10424,10436,10417
1762,10444,10461,10460,10439,10437
1763,10466,10464,10465,10463
1764,10471,10476,10474,10475,10477,10478
1765,10492,10482,10485,10479,10480
1766,10496,10494,10495,10493
1767,10501,10506,10504,10505,10507,10508
1768,10522,10512,10515,10509,10510
1769,10523,10541,10539,10532,10543,10524
1770,10545,10564,10554,10562,10566,10546
1771,10570,10568,10569,10567
1772,10575,10580,10578,10579,10581,10582
1773,10596,10586,10589,10583,10584
1774,10600,10598,10599,10597
1775,10605,10610,10608,10609,10611,10612
1776,10626,10616,10619,10613,10614
1777,10627,10636,10645,10643,10647,10629
1778,10649,10656,10673,10674,10672,10650
1779,10678,10676,10677,10675
1780,10683,10688,10686,10687,10689,10690
1781,10704,10694,10697,10691,10692
1782,10708,10706,10707,10705
1783,10713,10718,10716,10717,10719,10720
1784,10734,10724,10727,10721,10722
1785,10735,10754,10744,10752,10756,10736
1786,10760,10758,10759,10757
1787,10765,10770,10768,10769,10771,10772
1788,10786,10776,10779,10773,10774
1789,10790,10788,10789,10787
1790,10795,10800,10798,10799,10801,10802
1791,10816,10806,10809,10803,10804
1792,10817,10835,10833,10826,10837,10818
1793,10846,10862,10861,10841,10839
1794,10865,10883,10881,10874,10885,10866
1795,10887,10900,10891,10899,10888,10889
1796,10952,10950,10927,10928,10929
1797,10954,10973,10971,10963,10975,10956
1798,10983,11000,10999,10978,10976
1799,11005,11003,11004,11002
1800,11010,11015,11013,11014,11016,11017
1801,11031,11021,11024,11018,11019
1802,11035,11033,11034,11032
1803,11040,11045,11043,11044,11046,11047
1804,11061,11051,11054,11048,11049
1805,11062,11071,11080,11078,11082,11064
1806,11087,11085,11086,11084
1807,11092,11097,11095,11096,11098,11099
1808,11113,11103,11106,11100,11101
1809,11117,11115,11116,11114
1810,11122,11127,11125,11126,11128,11129
1811,11143,11133,11136,11130,11131
1812,11144,11163,11153,11161,11165,11145
1813,11169,11167,11168,11166
1814,11174,11179,11177,11178,11180,11181
1815,11195,11185,11188,11182,11183
1816,11199,11197,11198,11196
1817,11204,11209,11207,11208,11210,11211
1818,11225,11215,11218,11212,11213
1819,11226,11235,11244,11242,11246,11228
1820,11248,11255,11272,11273,11271,11249
1821,11277,11275,11276,11274
1822,11282,11287,11285,11286,11288,11289
1823,11303,11293,11296,11290,11291
1824,11307,11305,11306,11304
1825,11312,11317,11315,11316,11318,11319
1826,11333,11323,11326,11320,11321
1827,11334,11353,11343,11351,11355,11335
1828,11359,11357,11358,11356
1829,11364,11369,11367,11368,11370,11371
1830,11385,11375,11378,11372,11373
1831,11389,11387,11388,11386
1832,11394,11399,11397,11398,11400,11401
1833,11415,11405,11408,11402,11403
1834,11416,11434,11432,11425,11436,11417
1835,11438,11457,11447,11455,11459,11439
1836,11463,11461,11462,11460
1837,11468,11473,11471,11472,11474,11475
1838,11489,11479,11482,11476,11477
1839,11493,11491,11492,11490
1840,11498,11503,11501,11502,11504,11505
1841,11519,11509,11512,11506,11507
1842,11520,11529,11538,11536,11540,11522
1843,11542,11549,11566,11567,11565,11543
1844,11571,11569,11570,11568
1845,11576,11581,11579,11580,11582,11583
1846,11597,11587,11590,11584,11585
1847,11601,11599,11600,11598
1848,11606,11611,11609,11610,11612,11613
1849,11627,11617,11620,11614,11615
1850,11628,11647,11637,11645,11649,11629
1851,11653,11651,11652,11650
1852,11658,11663,11661,11662,11664,11665
1853,11679,11669,11672,11666,11667
1854,11683,11681,11682,11680
1855,11688,11693,11691,11692,11694,11695
1856,11709,11699,11702,11696,11697
1857,11710,11728,11726,11719,11730,11711
1858,11739,11755,11754,11734,11732
1859,11758,11776,11774,11767,11778,11759
1860,11780,11793,11784,11792,11781,11782
1861,11845,11843,11820,11821,11822
1862,11847,11866,11864,11856,11868,11849
1863,11876,11893,11892,11871,11869
1864,11898,11896,11897,11895
1865,11903,11908,11906,11907,11909,11910
1866,11924,11914,11917,11911,11912
1867,11928,11926,11927,11925
1868,11933,11938,11936,11937,11939,11940
1869,11954,11944,11947,11941,11942
1870,11955,11973,11971,11964,11975,11956
1871,11977,11996,11986,11994,11998,11978
1872,12002,12000,12001,11999
1873,12007,12012,12010,12011,12013,12014
1874,12028,12018,12021,12015,12016
1875,12032,12030,12031,12029
1876,12037,12042,12040,12041,12043,12044
1877,12058,12048,12051,12045,12046
1878,12059,12068,12077,12075,12079,12061
1879,12081,12088,12105,12106,12104,12082
1880,12110,12108,12109,12107
1881,12115,12120,12118,12119,12121,12122
1882,12136,12126,12129,12123,12124
1883,12140,12138,12139,12137
1884,12145,12150,12148,12149,12151,12152
1885,12166,12156,12159,12153,12154
1886,12167,12186,12176,12184,12188,12168
1887,12192,12190,12191,12189
1888,12197,12202,12200,12201,12203,12204
1889,12218,12208,12211,12205,12206
1890,12222,12220,12221,12219
1891,12227,12232,12230,12231,12233,12234
1892,12248,12238,12241,12235,12236
1893,12249,12267,12265,12258,12269,12250
1894,12278,12294,12293,12273,12271
1895,12297,12315,12313,12306,12317,12298
1896,12319,12332,12323,12331,12320,12321
1897,12384,12382,12359,12360,12361
1898,12386,12405,12403,12395,12407,12388
1899,12415,12432,12431,12410,12408
1900,12437,12435,12436,12434
1901,12442,12447,12445,12446,12448,12449
1902,12463,12453,12456,12450,12451
1903,12467,12465,12466,12464
1904,12472,12477,12475,12476,12478,12479
1905,12493,12483,12486,12480,12481
1906,12494,12503,12512,12510,12514,12496
1907,12519,12517,12518,12516
1908,12524,12529,12527,12528,12530,12531
1909,12545,12535,12538,12532,12533
1910,12549,12547,12548,12546
1911,12554,12559,12557,12558,12560,12561
1912,12575,12565,12568,12562,12563
1913,12576,12595,12585,12593,12597,12577
1914,12601,12599,12600,12598
1915,12606,12611,12609,12610,12612,12613
1916,12627,12617,12620,12614,12615
1917,12631,12629,12630,12628
1918,12636,12641,12639,12640,12642,12643
1919,12657,12647,12650,12644,12645
1920,12658,12667,12676,12674,12678,12660
1921,12680,12687,12704,12705,12703,12681
1922,12709,12707,12708,12706
1923,12714,12719,12717,12718,12720,12721
1924,12735,12725,12728,12722,12723
1925,12739,12737,12738,12736
1926,12744,12749,12747,12748,12750,12751
1927,12765,12755,12758,12752,12753
1928,12766,12785,12775,12783,12787,12767
1929,12791,12789,12790,12788
1930,12796,12801,12799,12800,12802,12803
1931,12817,12807,12810,12804,12805
1932,12821,12819,12820,12818
1933,12826,12831,12829,12830,12832,12833
1934,12847,12837,12840,12834,12835
1935,12848,12866,12864,12857,12868,12849
1936,12870,12889,12879,12887,12891,12871
1937,12895,12893,12894,12892
1938,12900,12905,12903,12904,12906,12907
1939,12921,12911,12914,12908,12909
1940,12925,12923,12924,12922
1941,12930,12935,12933,12934,12936,12937
1942,12951,12941,12944,12938,12939
1943,12952,12961,12970,12968,12972,12954
1944,12974,12981,12998,12999,12997,12975
1945,13003,13001,13002,13000
1946,13008,13013,13011,13012,13014,13015
1947,13029,13019,13022,13016,13017
1948,13033,13031,13032,13030
1949,13038,13043,13041,13042,13044,13045
1950,13059,13049,13052,13046,13047
1951,13060,13079,13069,13077,13081,13061
1952,13085,13083,13084,13082
1953,13090,13095,13093,13094,13096,13097
1954,13111,13101,13104,13098,13099
1955,13115,13113,13114,13112
1956,13120,13125,13123,13124,13126,13127
1957,13141,13131,13134,13128,13129
1958,13142,13160,13158,13151,13162,13143
1959,13171,13187,13186,13166,13164
1960,13190,13208,13206,13199,13210,13191
1961,13212,13225,13216,13224,13213,13214
1962,13277,13275,13252,13253,13254
1963,13279,13298,13296,13288,13300,13281
1964,13308,13325,13324,13303,13301
1965,13330,13328,13329,13327
1966,13335,13340,13338,13339,13341,13342
1967,13356,13346,13349,13343,13344
1968,13360,13358,13359,13357
1969,13365,13370,13368,13369,13371,13372
1970,13386,13376,13379,13373,13374
1971,13387,13405,13403,13396,13407,13388
1972,13409,13428,13418,13426,13430,13410
1973,13434,13432,13433,13431
1974,13439,13444,13442,13443,13445,13446
1975,13460,13450,13453,13447,13448
1976,13464,13462,13463,13461
1977,13469,13474,13472,13473,13475,13476
1978,13490,13480,13483,13477,13478
1979,13491,13500,13509,13507,13511,13493
1980,13513,13520,13537,13538,13536,13514
1981,13542,13540,13541,13539
1982,13547,13552,13550,13551,13553,13554
1983,13568,13558,13561,13555,13556
1984,13572,13570,13571,13569
1985,13577,13582,13580,13581,13583,13584
1986,13598,13588,13591,13585,13586
1987,13599,13618,13608,13616,13620,13600
1988,13624,13622,13623,13621
1989,13629,13634,13632,13633,13635,13636
1990,13650,13640,13643,13637,13638
1991,13654,13652,13653,13651
1992,13659,13664,13662,13663,13665,13666
1993,13680,13670,13673,13667,13668
1994,13681,13699,13697,13690,13701,13682
1995,13710,13726,13725,13705,13703
1996,13729,13747,13745,13738,13749,13730
1997,13751,13764,13755,13763,13752,13753
1998,13816,13814,13791,13792,13793
1999,13818,13837,13835,13827,13839,13820
2000,13847,13864,13863,13842,13840
2001,13869,13867,13868,13866
2002,13874,13879,13877,13878,13880,13881
2003,13895,13885,13888,13882,13883
2004,13899,13897,13898,13896
2005,13904,13909,13907,13908,13910,13911
2006,13925,13915,13918,13912,13913
2007,13926,13945,13935,13943,13947,13927
2008,13951,13949,13950,13948
2009,13956,13961,13959,13960,13962,13963
2010,13977,13967,13970,13964,13965
2011,13981,13979,13980,13978
2012,13986,13991,13989,13990,13992,13993
2013,14007,13997,14000,13994,13995
2014,14008,14017,14026,14024,14028,14010
2015,14030,14037,14054,14055,14053,14031
2016,14059,14057,14058,14056
2017,14064,14069,14067,14068,14070,14071
2018,14085,14075,14078,14072,14073
2019,14089,14087,14088,14086
2020,14094,14099,14097,14098,14100,14101
2021,14115,14105,14108,14102,14103
2022,14116,14125,14134,14132,14136,14118
2023,14141,14139,14140,14138
2024,14146,14151,14149,14150,14152,14153
2025,14167,14157,14160,14154,14155
2026,14171,14169,14170,14168
2027,14176,14181,14179,14180,14182,14183
2028,14197,14187,14190,14184,14185
2029,14198,14217,14207,14215,14219,14199
2030,14223,14221,14222,14220
2031,14228,14233,14231,14232,14234,14235
2032,14249,14239,14242,14236,14237
2033,14253,14251,14252,14250
2034,14258,14263,14261,14262,14264,14265
2035,14279,14269,14272,14266,14267
2036,14280,14298,14296,14289,14300,14281
2037,14302,14321,14311,14319,14323,14303
2038,14327,14325,14326,14324
2039,14332,14337,14335,14336,14338,14339
2040,14353,14343,14346,14340,14341
2041,14357,14355,14356,14354
2042,14362,14367,14365,14366,14368,14369
2043,14383,14373,14376,14370,14371
2044,14384,14393,14402,14400,14404,14386
2045,14406,14413,14430,14431,14429,14407
2046,14435,14433,14434,14432
2047,14440,14445,14443,14444,14446,14447
2048,14461,14451,14454,14448,14449
2049,14465,14463,14464,14462
2050,14470,14475,14473,14474,14476,14477
2051,14491,14481,14484,14478,14479
2052,14492,14511,14501,14509,14513,14493
2053,14517,14515,14516,14514
2054,14522,14527,14525,14526,14528,14529
2055,14543,14533,14536,14530,14531
2056,14547,14545,14546,14544
2057,14552,14557,14555,14556,14558,14559
2058,14573,14563,14566,14560,14561
2059,14574,14593,14583,14591,14595,14575
2060,14596,14603,14618,14620,14621,14619
2061,14629,14642,14622,14624,14626
2062,14647,14645,14646,14644
2063,14652,14657,14655,14656,14658,14659
2064,14673,14663,14666,14660,14661
2065,14677,14675,14676,14674
2066,14682,14687,14685,14686,14688,14689
2067,14703,14693,14696,14690,14691
2068,14704,14722,14720,14713,14724,14705
2069,14726,14745,14735,14743,14747,14727
2070,14751,14749,14750,14748
2071,14756,14761,14759,14760,14762,14763
2072,14777,14767,14770,14764,14765
2073,14781,14779,14780,14778
2074,14786,14791,14789,14790,14792,14793
2075,14807,14797,14800,14794,14795
2076,14808,14827,14817,14825,14829,14809
2077,14830,14837,14852,14854,14855,14853
2078,14859,14857,14858,14856
2079,14864,14869,14867,14868,14870,14871
2080,14885,14875,14878,14872,14873
2081,14889,14887,14888,14886
2082,14894,14899,14897,14898,14900,14901
2083,14915,14905,14908,14902,14903
2084,14916,14935,14925,14933,14937,14917
2085,14941,14939,14940,14938
2086,14946,14951,14949,14950,14952,14953
2087,14967,14957,14960,14954,14955
2088,14971,14969,14970,14968
2089,14976,14981,14979,14980,14982,14983
2090,14997,14987,14990,14984,14985
2091,14998,15016,15014,15007,15018,14999
2092,15027,15043,15042,15022,15020
2093,15046,15064,15062,15055,15066,15047
2094,15068,15081,15072,15080,15069,15070
2095,15108,15126,15124,15117,15128,15109
2096,15130,15136,15134,15157,15149,15141
2097,15159,15160,15179,15165,15174,15167
2098,15187,15193,15202,15206,15212,15216
2099,15218,15239,15233,15223,15229,15226
2100,15241,15259,15257,15250,15261,15242
2101,15263,15288,15287,15270,15286,15285
2102,15289,15307,15305,15298,15309,15290
2103,15311,15315,15324,15323,15312,15313
2104,15351,15376,15374,15352,15359,15372
2105,15378,15397,15395,15387,15399,15380
2106,15407,15424,15423,15402,15400
2107,15429,15427,15428,15426
2108,15434,15439,15437,15438,15440,15441
2109,15455,15445,15448,15442,15443
2110,15459,15457,15458,15456
2111,15464,15469,15467,15468,15470,15471
2112,15485,15475,15478,15472,15473
2113,15486,15504,15502,15495,15506,15487
2114,15508,15527,15517,15525,15529,15509
2115,15533,15531,15532,15530
2116,15538,15543,15541,15542,15544,15545
2117,15559,15549,15552,15546,15547
2118,15563,15561,15562,15560
2119,15568,15573,15571,15572,15574,15575
2120,15589,15579,15582,15576,15577
2121,15590,15599,15608,15606,15610,15592
2122,15612,15619,15636,15637,15635,15613
2123,15641,15639,15640,15638
2124,15646,15651,15649,15650,15652,15653
2125,15667,15657,15660,15654,15655
2126,15671,15669,15670,15668
2127,15676,15681,15679,15680,15682,15683
2128,15697,15687,15690,15684,15685
2129,15698,15717,15707,15715,15719,15699
2130,15723,15721,15722,15720
2131,15728,15733,15731,15732,15734,15735
2132,15749,15739,15742,15736,15737
2133,15753,15751,15752,15750
2134,15758,15763,15761,15762,15764,15765
2135,15779,15769,15772,15766,15767
2136,15780,15799,15789,15797,15801,15781
2137,15802,15809,15824,15826,15827,15825
2138,15835,15848,15828,15830,15832
2139,15853,15851,15852,15850
2140,15858,15863,15861,15862,15864,15865
2141,15879,15869,15872,15866,15867
2142,15883,15881,15882,15880
2143,15888,15893,15891,15892,15894,15895
2144,15909,15899,15902,15896,15897
2145,15910,15928,15926,15919,15930,15911
2146,15932,15951,15941,15949,15953,15933
2147,15957,15955,15956,15954
2148,15962,15967,15965,15966,15968,15969
2149,15983,15973,15976,15970,15971
2150,15987,15985,15986,15984
2151,15992,15997,15995,15996,15998,15999
2152,16013,16003,16006,16000,16001
2153,16014,16033,16023,16031,16035,16015
2154,16036,16043,16058,16060,16061,16059
2155,16065,16063,16064,16062
2156,16070,16075,16073,16074,16076,16077
2157,16091,16081,16084,16078,16079
2158,16095,16093,16094,16092
2159,16100,16105,16103,16104,16106,16107
2160,16121,16111,16114,16108,16109
2161,16122,16141,16131,16139,16143,16123
2162,16147,16145,16146,16144
2163,16152,16157,16155,16156,16158,16159
2164,16173,16163,16166,16160,16161
2165,16177,16175,16176,16174
2166,16182,16187,16185,16186,16188,16189
2167,16203,16193,16196,16190,16191
2168,16204,16222,16220,16213,16224,16205
2169,16233,16249,16248,16228,16226
2170,16252,16270,16268,16261,16272,16253
2171,16274,16287,16278,16286,16275,16276
2172,16314,16332,16330,16323,16334,16315
2173,16336,16342,16340,16363,16355,16347
2174,16365,16366,16385,16371,16380,16373
2175,16393,16399,16408,16412,16418,16422
2176,16424,16445,16439,16429,16435,16432
2177,16447,16465,16463,16456,16467,16448
2178,16469,16494,16493,16476,16492,16491
2179,16495,16513,16511,16504,16515,16496
2180,16517,16521,16530,16529,16518,16519
2181,16557,16582,16580,16558,16565,16578
2182,16584,16603,16601,16593,16605,16586
2183,16613,16630,16629,16608,16606
2184,16635,16633,16634,16632
2185,16640,16645,16643,16644,16646,16647
2186,16661,16651,16654,16648,16649
2187,16665,16663,16664,16662
2188,16670,16675,16673,16674,16676,16677
2189,16691,16681,16684,16678,16679
2190,16692,16701,16710,16708,16712,16694
2191,16717,16715,16716,16714
2192,16722,16727,16725,16726,16728,16729
2193,16743,16733,16736,16730,16731
2194,16747,16745,16746,16744
2195,16752,16757,16755,16756,16758,16759
2196,16773,16763,16766,16760,16761
2197,16774,16793,16783,16791,16795,16775
2198,16799,16797,16798,16796
2199,16804,16809,16807,16808,16810,16811
2200,16825,16815,16818,16812,16813
2201,16829,16827,16828,16826
2202,16834,16839,16837,16838,16840,16841
2203,16855,16845,16848,16842,16843
2204,16856,16875,16865,16873,16877,16857
2205,16881,16879,16880,16878
2206,16886,16891,16889,16890,16892,16893
2207,16907,16897,16900,16894,16895
2208,16911,16909,16910,16908
2209,16916,16921,16919,16920,16922,16923
2210,16937,16927,16930,16924,16925
2211,16938,16957,16947,16955,16959,16939
2212,16963,16961,16962,16960
2213,16968,16973,16971,16972,16974,16975
2214,16989,16979,16982,16976,16977
2215,16993,16991,16992,16990
2216,16998,17003,17001,17002,17004,17005
2217,17019,17009,17012,17006,17007
2218,17020,17039,17029,17037,17041,17021
2219,17045,17043,17044,17042
2220,17050,17055,17053,17054,17056,17057
2221,17071,17061,17064,17058,17059
2222,17075,17073,17074,17072
2223,17080,17085,17083,17084,17086,17087
2224,17101,17091,17094,17088,17089
2225,17102,17121,17111,17119,17123,17103
2226,17127,17125,17126,17124
2227,17132,17137,17135,17136,17138,17139
2228,17153,17143,17146,17140,17141
2229,17157,17155,17156,17154
2230,17162,17167,17165,17166,17168,17169
2231,17183,17173,17176,17170,17171
2232,17184,17203,17193,17201,17205,17185
2233,17209,17207,17208,17206
2234,17214,17219,17217,17218,17220,17221
2235,17235,17225,17228,17222,17223
2236,17239,17237,17238,17236
2237,17244,17249,17247,17248,17250,17251
2238,17265,17255,17258,17252,17253
2239,17269,17267,17268,17266
2240,17274,17279,17277,17278,17280,17281
2241,17295,17285,17288,17282,17283
2242,17299,17297,17298,17296
2243,17304,17309,17307,17308,17310,17311
2244,17325,17315,17318,17312,17313
2245,17326,17345,17335,17343,17347,17327
2246,17351,17349,17350,17348
2247,17356,17361,17359,17360,17362,17363
2248,17377,17367,17370,17364,17365
2249,17381,17379,17380,17378
2250,17386,17391,17389,17390,17392,17393
2251,17407,17397,17400,17394,17395
2252,17408,17427,17417,17425,17429,17409
2253,17433,17431,17432,17430
2254,17438,17443,17441,17442,17444,17445
2255,17459,17449,17452,17446,17447
2256,17463,17461,17462,17460
2257,17468,17473,17471,17472,17474,17475
2258,17489,17479,17482,17476,17477
2259,17490,17509,17499,17507,17511,17491
2260,17515,17513,17514,17512
2261,17520,17525,17523,17524,17526,17527
2262,17541,17531,17534,17528,17529
2263,17545,17543,17544,17542
2264,17550,17555,17553,17554,17556,17557
2265,17571,17561,17564,17558,17559
2266,17572,17591,17581,17589,17593,17573
2267,17597,17595,17596,17594
2268,17602,17607,17605,17606,17608,17609
2269,17623,17613,17616,17610,17611
2270,17627,17625,17626,17624
2271,17632,17637,17635,17636,17638,17639
2272,17653,17643,17646,17640,17641
2273,17654,17673,17663,17671,17675,17655
2274,17679,17677,17678,17676
2275,17684,17689,17687,17688,17690,17691
2276,17705,17695,17698,17692,17693
2277,17709,17707,17708,17706
2278,17714,17719,17717,17718,17720,17721
2279,17735,17725,17728,17722,17723
2280,17736,17755,17745,17753,17757,17737
2281,17761,17759,17760,17758
2282,17766,17771,17769,17770,17772,17773
2283,17787,17777,17780,17774,17775
2284,17791,17789,17790,17788
2285,17796,17801,17799,17800,17802,17803
2286,17817,17807,17810,17804,17805
2287,17821,17819,17820,17818
2288,17826,17831,17829,17830,17832,17833
2289,17847,17837,17840,17834,17835
2290,17851,17849,17850,17848
2291,17856,17861,17859,17860,17862,17863
2292,17877,17867,17870,17864,17865
2293,17878,17897,17887,17895,17899,17879
2294,17903,17901,17902,17900
2295,17908,17913,17911,17912,17914,17915
2296,17929,17919,17922,17916,17917
2297,17933,17931,17932,17930
2298,17938,17943,17941,17942,17944,17945
2299,17959,17949,17952,17946,17947
2300,17960,17979,17969,17977,17981,17961
2301,17985,17983,17984,17982
2302,17990,17995,17993,17994,17996,17997
2303,18011,18001,18004,17998,17999
2304,18015,18013,18014,18012
2305,18020,18025,18023,18024,18026,18027
2306,18041,18031,18034,18028,18029
2307,18042,18061,18051,18059,18063,18043
2308,18067,18065,18066,18064
2309,18072,18077,18075,18076,18078,18079
2310,18093,18083,18086,18080,18081
2311,18097,18095,18096,18094
2312,18102,18107,18105,18106,18108,18109
2313,18123,18113,18116,18110,18111
2314,18124,18143,18133,18141,18145,18125
2315,18149,18147,18148,18146
2316,18154,18159,18157,18158,18160,18161
2317,18175,18165,18168,18162,18163
2318,18179,18177,18178,18176
2319,18184,18189,18187,18188,18190,18191
2320,18205,18195,18198,18192,18193
2321,18206,18225,18215,18223,18227,18207
2322,18231,18229,18230,18228
2323,18236,18241,18239,18240,18242,18243
2324,18257,18247,18250,18244,18245
2325,18261,18259,18260,18258
2326,18266,18271,18269,18270,18272,18273
2327,18287,18277,18280,18274,18275
2328,18288,18307,18297,18305,18309,18289
2329,18313,18311,18312,18310
2330,18318,18323,18321,18322,18324,18325
2331,18339,18329,18332,18326,18327
2332,18343,18341,18342,18340
2333,18348,18353,18351,18352,18354,18355
2334,18369,18359,18362,18356,18357
2335,18373,18371,18372,18370
2336,18378,18383,18381,18382,18384,18385
2337,18399,18389,18392,18386,18387
2338,18403,18401,18402,18400
2339,18408,18413,18411,18412,18414,18415
2340,18429,18419,18422,18416,18417
2341,18430,18449,18439,18447,18451,18431
2342,18455,18453,18454,18452
2343,18460,18465,18463,18464,18466,18467
2344,18481,18471,18474,18468,18469
2345,18485,18483,18484,18482
2346,18490,18495,18493,18494,18496,18497
2347,18511,18501,18504,18498,18499
2348,18515,18513,18514,18512
2349,18520,18525,18523,18524,18526,18527
2350,18541,18531,18534,18528,18529
2351,18545,18543,18544,18542
2352,18550,18555,18553,18554,18556,18557
2353,18571,18561,18564,18558,18559
2354,18575,18573,18574,18572
2355,18580,18585,18583,18584,18586,18587
2356,18601,18591,18594,18588,18589
2357,18605,18603,18604,18602
2358,18610,18615,18613,18614,18616,18617
2359,18631,18621,18624,18618,18619
2360,18635,18633,18634,18632
2361,18640,18645,18643,18644,18646,18647
2362,18661,18651,18654,18648,18649
2363,18665,18663,18664,18662
2364,18670,18675,18673,18674,18676,18677
2365,18691,18681,18684,18678,18679
2366,18692,18711,18701,18709,18713,18693
2367,18717,18715,18716,18714
2368,18722,18727,18725,18726,18728,18729
2369,18743,18733,18736,18730,18731
2370,18747,18745,18746,18744
2371,18752,18757,18755,18756,18758,18759
2372,18773,18763,18766,18760,18761
2373,18774,18793,18791,18783,18790,18794
2374,18796,18816,18800,18804,18797,18805
2375,18823,18821,18822,18820
2376,18828,18833,18831,18832,18834,18835
2377,18849,18839,18842,18836,18837
2378,18850,18856,18871,18851,18858,18870
2379,18876,18874,18875,18873
2380,18881,18886,18884,18885,18887,18888
2381,18902,18892,18895,18889,18890
2382,18906,18904,18905,18903
2383,18911,18916,18914,18915,18917,18918
2384,18932,18922,18925,18919,18920
2385,18933,18952,18942,18950,18954,18934
2386,18955,18975,18956,18961,18959,18963
2387,18979,18986,19001,19003,18980,18984
2388,19004,19015,19010,19012,19030,19029
2389,19032,19050,19048,19041,19052,19033
2390,19054,19057,19083,19060,19065,19055
2391,19085,19104,19098,19090,19094,19102
2392,19110,19128,19126,19119,19130,19111
2393,19132,19136,19141,19170,19146,19134
2394,19172,19177,19179,19197,19187,19181
2395,19199,19213,19208,19210,19205,19217
2396,19223,19235,19242,19228,19224,19230
2397,19250,19255,19274,19251,19256,19254
2398,19292,19299,19317,19311,19301,19293
2399,19319,19330,19328,19325,19333,19337
2400,19343,19360,19350,19362,19358,19368
2401,19370,19375,19394,19371,19376,19374
2402,19412,19419,19437,19431,19415,19421
2403,19439,19450,19448,19457,19445,19453
2404,19463,19480,19470,19482,19478,19488
2405,19490,19495,19514,19491,19496,19494
2406,19532,19551,19538,19553,19549,19559
2407,19561,19579,19577,19570,19581,19562
2408,19583,19587,19592,19623,19597,19585
2409,19628,19626,19627,19625
2410,19633,19638,19636,19637,19639,19640
2411,19654,19644,19647,19641,19642
2412,19655,19660,19662,19664,19665,19656
2413,19682,19696,19691,19693,19688,19700
2414,19706,19711,19713,19707,19731,19715
2415,19733,19757,19738,19734,19739,19737
2416,19778,19776,19777,19775
2417,19783,19788,19786,19787,19789,19790
2418,19804,19794,19797,19791,19792
2419,19805,19812,19824,19814,19806,19810
2420,19832,19843,19841,19838,19846,19850
2421,19856,19873,19863,19881,19857,19865
2422,19883,19907,19888,19884,19889,19887
2423,19925,19944,19931,19942,19946,19952
2424,19954,19972,19970,19963,19974,19955
2425,19976,19980,19985,20016,19990,19978
2426,20018,20029,20039,20022,20024,20027
2427,20047,20065,20063,20056,20067,20048
2428,20069,20073,20078,20109,20083,20071
2429,20111,20122,20132,20115,20117,20112
2430,20140,20158,20156,20149,20160,20141
2431,20162,20166,20171,20202,20176,20164
2432,20204,20215,20225,20208,20210,20213
2433,20233,20251,20249,20242,20253,20234
2434,20255,20259,20264,20295,20269,20257
2435,20297,20308,20318,20301,20303,20306
2436,20326,20344,20342,20335,20346,20327
2437,20348,20352,20357,20388,20362,20350
2438,20390,20401,20411,20394,20396,20399
2439,20419,20437,20435,20428,20439,20420
2440,20441,20445,20450,20481,20455,20443
2441,20486,20484,20485,20483
2442,20491,20496,20494,20495,20497,20498
2443,20512,20502,20505,20499,20500
2444,20513,20518,20520,20523,20522,20530
2445,20540,20554,20551,20549,20546,20558
2446,20564,20569,20571,20589,20565,20573
2447,20591,20615,20596,20592,20597,20595
2448,20636,20634,20635,20633
2449,20641,20646,20644,20645,20647,20648
2450,20662,20652,20655,20649,20650
2451,20663,20670,20682,20672,20664,20668
2452,20690,20701,20699,20696,20704,20708
2453,20714,20731,20721,20739,20715,20723
2454,20741,20765,20746,20742,20747,20745
2455,20783,20802,20789,20800,20804,20810
2456,20812,20830,20828,20821,20832,20813
2457,20834,20838,20843,20874,20848,20836
2458,20876,20887,20897,20880,20882,20885
2459,20905,20923,20921,20914,20925,20906
2460,20927,20931,20936,20967,20941,20929
2461,20969,20980,20990,20973,20975,20970
2462,20998,21016,21014,21007,21018,20999
2463,21020,21024,21029,21060,21034,21022
2464,21062,21073,21083,21066,21068,21071
2465,21091,21109,21107,21100,21111,21092
2466,21113,21117,21122,21153,21127,21115
2467,21155,21166,21176,21159,21161,21164
2468,21184,21202,21200,21193,21204,21185
2469,21206,21210,21215,21246,21220,21208
2470,21248,21259,21269,21252,21254,21257
2471,21277,21295,21293,21286,21297,21278
2472,21299,21303,21308,21339,21313,21301
2473,21344,21342,21343,21341
2474,21349,21354,21352,21353,21355,21356
2475,21370,21360,21363,21357,21358
2476,21371,21376,21378,21381,21380,21388
2477,21398,21412,21409,21407,21404,21416
2478,21422,21427,21429,21447,21423,21431
2479,21449,21473,21454,21450,21455,21453
2480,21494,21492,21493,21491
2481,21499,21504,21502,21503,21505,21506
2482,21520,21510,21513,21507,21508
2483,21521,21528,21540,21530,21522,21526
2484,21548,21559,21557,21554,21562,21566
2485,21572,21589,21579,21597,21573,21581
2486,21599,21623,21604,21600,21605,21603
2487,21641,21660,21647,21658,21662,21668
2488,21670,21688,21686,21679,21690,21671
2489,21692,21696,21701,21732,21706,21694
2490,21734,21745,21755,21738,21740,21743
2491,21763,21781,21779,21772,21783,21764
2492,21785,21789,21794,21825,21799,21787
2493,21827,21838,21848,21831,21833,21828
2494,21856,21874,21872,21865,21876,21857
2495,21878,21882,21887,21918,21892,21880
2496,21920,21931,21941,21924,21926,21929
2497,21949,21967,21965,21958,21969,21950
2498,21971,21975,21980,22011,21985,21973
2499,22013,22024,22034,22017,22019,22022
2500,22042,22060,22058,22051,22062,22043
2501,22064,22068,22073,22104,22078,22066
2502,22106,22117,22127,22110,22112,22115
2503,22135,22153,22151,22144,22155,22136
2504,22157,22161,22166,22197,22171,22159
2505,22202,22200,22201,22199
2506,22207,22212,22210,22211,22213,22214
2507,22228,22218,22221,22215,22216
2508,22232,22230,22231,22229
2509,22237,22242,22240,22241,22243,22244
2510,22258,22248,22251,22245,22246
2511,22259,22278,22268,22276,22280,22260
2512,22284,22282,22283,22281
2513,22289,22294,22292,22293,22295,22296
2514,22310,22300,22303,22297,22298
2515,22314,22312,22313,22311
2516,22319,22324,22322,22323,22325,22326
2517,22340,22330,22333,22327,22328
2518,22341,22350,22359,22357,22361,22343
2519,22363,22370,22387,22388,22386,22364
2520,22392,22390,22391,22389
2521,22397,22402,22400,22401,22403,22404
2522,22418,22408,22411,22405,22406
2523,22422,22420,22421,22419
2524,22427,22432,22430,22431,22433,22434
2525,22448,22438,22441,22435,22436
2526,22449,22468,22458,22466,22470,22450
2527,22474,22472,22473,22471
2528,22479,22484,22482,22483,22485,22486
2529,22500,22490,22493,22487,22488
2530,22504,22502,22503,22501
2531,22509,22514,22512,22513,22515,22516
2532,22530,22520,22523,22517,22518
2533,22531,22550,22540,22548,22552,22532
2534,22553,22560,22575,22577,22578,22576
2535,22586,22599,22579,22581,22583
2536,22604,22602,22603,22601
2537,22609,22614,22612,22613,22615,22616
2538,22630,22620,22623,22617,22618
2539,22634,22632,22633,22631
2540,22639,22644,22642,22643,22645,22646
2541,22660,22650,22653,22647,22648
2542,22661,22680,22670,22678,22682,22662
2543,22686,22684,22685,22683
2544,22691,22696,22694,22695,22697,22698
2545,22712,22702,22705,22699,22700
2546,22716,22714,22715,22713
2547,22721,22726,22724,22725,22727,22728
2548,22742,22732,22735,22729,22730
2549,22743,22762,22752,22760,22764,22744
2550,22768,22766,22767,22765
2551,22773,22778,22776,22777,22779,22780
2552,22794,22784,22787,22781,22782
2553,22798,22796,22797,22795
2554,22803,22808,22806,22807,22809,22810
2555,22824,22814,22817,22811,22812
2556,22825,22834,22843,22841,22845,22827
2557,22847,22854,22871,22872,22870,22848
2558,22873,22874,22878,22880,22887,22876
2559,22897,22916,22917,22918,22904,22906
2560,22919,22923,22925,22920,22927,22934
2561,22946,22951,22969,22957,22961,22949
2562,22971,22989,22987,22980,22991,22972
2563,22993,23011,23009,23002,23013,22994
2564,23015,23040,23039,23022,23038,23037
2565,23041,23059,23057,23050,23061,23042
2566,23063,23067,23076,23075,23064,23065
2567,23103,23128,23126,23104,23111,23124
2568,23130,23131,23138,23151,23134,23136
2569,23154,23160,23175,23169,23158,23155
2570,23177,23195,23193,23186,23197,23178
2571,23199,23200,23207,23220,23203,23205
2572,23223,23229,23244,23238,23227,23224
2573,23246,23265,23263,23255,23267,23248
2574,23268,23286,23284,23277,23288,23269
2575,23297,23314,23315,23313,23290
2576,23316,23342,23323,23318,23321,23324
2577,23343,23364,23351,23346,23352,23354
2578,23368,23387,23373,23383,23379,23391
2579,23393,23405,23398,23401,23409,23413
2580,23415,23430,23421,23426,23438,23417
2581,23439,23452,23443,23457,23456,23450
2582,23464,23467,23465,23471,23469,23488
2583,23489,23495,23510,23491,23496,23493
2584,23511,23530,23520,23528,23532,23512
2585,23533,23540,23555,23557,23558,23556
2586,23566,23579,23559,23560,23561
2587,23581,23600,23599,23601,23602,23588
2588,23603,23607,23605,23609,23610,23624
2589,23625,23640,23629,23636,23631,23627
2590,23647,23664,23651,23660,23669,23658
2591,23672,23686,23675,23673,23679,23677
2592,23695,23713,23700,23696,23702,23698
2593,23722,23720,23721,23719
2594,23727,23732,23730,23731,23733,23734
2595,23748,23738,23741,23735,23736
2596,23752,23750,23751,23749
2597,23757,23762,23760,23761,23763,23764
2598,23778,23768,23771,23765,23766
2599,23779,23788,23797,23795,23799,23781
2600,23804,23802,23803,23801
2601,23809,23814,23812,23813,23815,23816
2602,23830,23820,23823,23817,23818
2603,23834,23832,23833,23831
2604,23839,23844,23842,23843,23845,23846
2605,23860,23850,23853,23847,23848
2606,23861,23880,23870,23878,23882,23862
2607,23886,23884,23885,23883
2608,23891,23896,23894,23895,23897,23898
2609,23912,23902,23905,23899,23900
2610,23916,23914,23915,23913
2611,23921,23926,23924,23925,23927,23928
2612,23942,23932,23935,23929,23930
2613,23943,23952,23961,23959,23963,23945
2614,23965,23972,23989,23990,23988,23966
2615,23994,23992,23993,23991
2616,23999,24004,24002,24003,24005,24006
2617,24020,24010,24013,24007,24008
2618,24024,24022,24023,24021
2619,24029,24034,24032,24033,24035,24036
2620,24050,24040,24043,24037,24038
2621,24051,24070,24060,24068,24072,24052
2622,24076,24074,24075,24073
2623,24081,24086,24084,24085,24087,24088
2624,24102,24092,24095,24089,24090
2625,24106,24104,24105,24103
2626,24111,24116,24114,24115,24117,24118
2627,24132,24122,24125,24119,24120
2628,24133,24142,24151,24149,24153,24135
2629,24155,24162,24179,24180,24178,24156
2630,24188,24201,24181,24182,24183
2631,24206,24204,24205,24203
2632,24211,24216,24214,24215,24217,24218
2633,24232,24222,24225,24219,24220
2634,24236,24234,24235,24233
2635,24241,24246,24244,24245,24247,24248
2636,24262,24252,24255,24249,24250
2637,24263,24282,24272,24280,24284,24264
2638,24288,24286,24287,24285
2639,24293,24298,24296,24297,24299,24300
2640,24314,24304,24307,24301,24302
2641,24318,24316,24317,24315
2642,24323,24328,24326,24327,24329,24330
2643,24344,24334,24337,24331,24332
2644,24345,24364,24354,24362,24366,24346
2645,24370,24368,24369,24367
2646,24375,24380,24378,24379,24381,24382
2647,24396,24386,24389,24383,24384
2648,24400,24398,24399,24397
2649,24405,24410,24408,24409,24411,24412
2650,24426,24416,24419,24413,24414
2651,24427,24436,24445,24443,24447,24429
2652,24449,24456,24473,24474,24472,24450
2653,24475,24476,24480,24482,24489,24478
2654,24499,24518,24519,24520,24506,24508
2655,24521,24531,24533,24537,24524,24535
2656,24545,24551,24566,24547,24552,24549
2657,24567,24585,24583,24576,24587,24568
2658,24589,24607,24605,24598,24609,24590
2659,24611,24612,24619,24632,24615,24617
2660,24635,24641,24656,24650,24639,24636
2661,24658,24677,24675,24667,24679,24660
2662,24680,24698,24696,24689,24700,24681
2663,24709,24726,24727,24725,24702
2664,24728,24754,24735,24730,24733,24736
2665,24755,24776,24763,24758,24764,24766
2666,24780,24799,24785,24795,24791,24803
2667,24805,24817,24810,24813,24821,24825
2668,24827,24846,24844,24836,24848,24829
2669,24856,24873,24872,24851,24849
2670,24875,24893,24891,24884,24895,24876
2671,24897,24912,24901,24909,24910,24898
2672,24937,24956,24954,24946,24958,24939
2673,24959,24965,24963,24986,24978,24970
2674,24988,24989,24996,24991,25012,24994
2675,25016,25027,25023,25018,25024,25040
2676,25043,25046,25061,25059,25053,25065
2677,25069,25073,25071,25076,25075,25090
2678,25091,25110,25100,25108,25112,25092
2679,25113,25120,25135,25137,25138,25136
2680,25139,25148,25158,25160,25143,25145
2681,25161,25176,25170,25172,25180,25165
2682,25183,25187,25185,25189,25190,25204
2683,25205,25220,25209,25216,25211,25207
2684,25227,25244,25231,25240,25249,25238
2685,25252,25266,25255,25253,25259,25257
2686,25275,25293,25280,25276,25282,25278
2687,25299,25313,25304,25317,25309,25321
2688,25323,25337,25328,25341,25333,25345
2689,25347,25360,25368,25353,25354,25349
2690,25369,25387,25385,25378,25389,25370
2691,25391,25413,25392,25395,25397,25400
2692,25415,25426,25424,25421,25430,25436
2693,25438,25456,25454,25447,25458,25439
2694,25460,25463,25472,25471,25466,25488
2695,25490,25509,25507,25499,25511,25492
2696,25512,25525,25531,25517,25513,25535
2697,25537,25544,25563,25548,25554,25559
2698,25564,25581,25568,25579,25591,25573
2699,25595,25599,25622,25597,25613,25600
2700,25624,25643,25633,25641,25645,25625
2701,25646,25653,25668,25670,25671,25669
2702,25679,25692,25672,25674,25676
2703,25694,25697,25695,25699,25701,25715
2704,25717,25736,25723,25731,25721,25719
2705,25741,25754,25758,25745,25759,25764
2706,25767,25785,25770,25768,25774,25772
2707,25796,25794,25795,25793
2708,25801,25806,25804,25805,25807,25808
2709,25822,25812,25815,25809,25810
2710,25826,25824,25825,25823
2711,25831,25836,25834,25835,25837,25838
2712,25852,25842,25845,25839,25840
2713,25853,25872,25862,25870,25874,25854
2714,25878,25876,25877,25875
2715,25883,25888,25886,25887,25889,25890
2716,25904,25894,25897,25891,25892
2717,25908,25906,25907,25905
2718,25913,25918,25916,25917,25919,25920
2719,25934,25924,25927,25921,25922
2720,25935,25944,25953,25951,25955,25937
2721,25957,25964,25981,25982,25980,25958
2722,25986,25984,25985,25983
2723,25991,25996,25994,25995,25997,25998
2724,26012,26002,26005,25999,26000
2725,26016,26014,26015,26013
2726,26021,26026,26024,26025,26027,26028
2727,26042,26032,26035,26029,26030
2728,26043,26062,26052,26060,26064,26044
2729,26068,26066,26067,26065
2730,26073,26078,26076,26077,26079,26080
2731,26094,26084,26087,26081,26082
2732,26098,26096,26097,26095
2733,26103,26108,26106,26107,26109,26110
2734,26124,26114,26117,26111,26112
2735,26125,26134,26143,26141,26145,26127
2736,26147,26154,26171,26172,26170,26148
2737,26180,26193,26173,26174,26175
2738,26195,26200,26215,26196,26202,26198
2739,26217,26235,26233,26226,26237,26218
2740,26239,26258,26256,26248,26260,26241
2741,26268,26285,26284,26263,26261
2742,26287,26305,26303,26296,26307,26288
2743,26309,26324,26313,26321,26322,26310
2744,26349,26368,26366,26358,26370,26351
2745,26371,26377,26375,26398,26390,26382
2746,26400,26401,26408,26403,26424,26406
2747,26428,26443,26434,26447,26437,26457
2748,26459,26465,26461,26466,26463,26479
2749,26483,26502,26492,26500,26504,26484
2750,26505,26512,26527,26529,26530,26528
2751,26538,26551,26531,26533,26535
2752,26553,26556,26554,26558,26560,26573
2753,26575,26594,26581,26589,26579,26577
2754,26599,26612,26616,26603,26617,26622
2755,26625,26643,26628,26626,26632,26630
2756,26651,26669,26656,26665,26661,26673
2757,26675,26688,26696,26681,26692,26684
2758,26697,26709,26707,26700,26702,26698
2759,26721,26739,26737,26730,26741,26722
2760,26743,26765,26744,26747,26749,26752
2761,26767,26778,26776,26773,26782,26788
2762,26790,26808,26806,26799,26810,26791
2763,26812,26815,26824,26823,26818,26840
2764,26842,26861,26859,26851,26863,26844
2765,26864,26877,26883,26869,26865,26867
2766,26889,26896,26915,26900,26911,26891
2767,26916,26933,26920,26931,26943,26925
2768,26947,26953,26969,26970,26949,26954
2769,26971,26990,26980,26988,26992,26972
2770,26993,27000,27015,27017,27018,27016
2771,27026,27039,27019,27021,27023
2772,27041,27044,27042,27046,27048,27061
2773,27063,27082,27069,27077,27067,27065
2774,27087,27100,27104,27091,27105,27110
2775,27113,27131,27116,27114,27120,27118
2776,27142,27140,27141,27139
2777,27147,27152,27150,27151,27153,27154
2778,27168,27158,27161,27155,27156
2779,27172,27170,27171,27169
2780,27177,27182,27180,27181,27183,27184
2781,27198,27188,27191,27185,27186
2782,27199,27218,27208,27216,27220,27200
2783,27224,27222,27223,27221
2784,27229,27234,27232,27233,27235,27236
2785,27250,27240,27243,27237,27238
2786,27254,27252,27253,27251
2787,27259,27264,27262,27263,27265,27266
2788,27280,27270,27273,27267,27268
2789,27281,27290,27299,27297,27301,27283
2790,27303,27310,27327,27328,27326,27304
2791,27332,27330,27331,27329
2792,27337,27342,27340,27341,27343,27344
2793,27358,27348,27351,27345,27346
2794,27362,27360,27361,27359
2795,27367,27372,27370,27371,27373,27374
2796,27388,27378,27381,27375,27376
2797,27389,27408,27398,27406,27410,27390
2798,27414,27412,27413,27411
2799,27419,27424,27422,27423,27425,27426
2800,27440,27430,27433,27427,27428
2801,27444,27442,27443,27441
2802,27449,27454,27452,27453,27455,27456
2803,27470,27460,27463,27457,27458
2804,27471,27480,27489,27487,27491,27473
2805,27493,27500,27517,27518,27516,27494
2806,27526,27539,27519,27520,27521
2807,27541,27546,27561,27542,27548,27544
2808,27563,27581,27579,27572,27583,27564
2809,27585,27604,27602,27594,27606,27587
2810,27614,27631,27630,27609,27607
2811,27633,27651,27649,27642,27653,27634
2812,27655,27670,27659,27667,27668,27656
2813,27695,27714,27712,27704,27716,27697
2814,27717,27723,27721,27744,27736,27728
2815,27746,27747,27754,27749,27770,27752
2816,27774,27789,27780,27793,27783,27803
2817,27805,27811,27807,27812,27809,27825
2818,27829,27848,27838,27846,27850,27830
2819,27851,27858,27873,27875,27876,27874
2820,27884,27897,27877,27879,27881
2821,27899,27902,27900,27904,27906,27919
2822,27921,27940,27927,27935,27925,27923
2823,27945,27958,27962,27949,27963,27968
2824,27971,27989,27974,27972,27978,27976
2825,27997,28015,28002,28011,28007,28019
2826,28021,28034,28042,28027,28038,28030
2827,28043,28055,28053,28046,28048,28044
2828,28067,28085,28083,28076,28087,28068
2829,28089,28111,28090,28093,28095,28098
2830,28113,28124,28122,28119,28128,28134
2831,28136,28154,28152,28145,28156,28137
2832,28158,28161,28170,28169,28164,28186
2833,28188,28207,28205,28197,28209,28190
2834,28210,28223,28229,28215,28211,28213
2835,28235,28242,28261,28246,28257,28237
2836,28262,28279,28266,28277,28289,28271
2837,28293,28299,28315,28316,28295,28300
2838,28317,28336,28326,28334,28338,28318
2839,28339,28346,28361,28363,28364,28362
2840,28372,28385,28365,28367,28369
2841,28387,28390,28388,28392,28394,28407
2842,28409,28428,28415,28423,28413,28411
2843,28433,28446,28450,28437,28451,28456
2844,28459,28477,28462,28460,28466,28464
2845,28488,28486,28487,28485
2846,28493,28498,28496,28497,28499,28500
2847,28514,28504,28507,28501,28502
2848,28518,28516,28517,28515
2849,28523,28528,28526,28527,28529,28530
2850,28544,28534,28537,28531,28532
2851,28545,28564,28554,28562,28566,28546
2852,28570,28568,28569,28567
2853,28575,28580,28578,28579,28581,28582
2854,28596,28586,28589,28583,28584
2855,28600,28598,28599,28597
2856,28605,28610,28608,28609,28611,28612
2857,28626,28616,28619,28613,28614
2858,28627,28636,28645,28643,28647,28629
2859,28649,28656,28673,28674,28672,28650
2860,28678,28676,28677,28675
2861,28683,28688,28686,28687,28689,28690
2862,28704,28694,28697,28691,28692
2863,28708,28706,28707,28705
2864,28713,28718,28716,28717,28719,28720
2865,28734,28724,28727,28721,28722
2866,28735,28754,28744,28752,28756,28736
2867,28760,28758,28759,28757
2868,28765,28770,28768,28769,28771,28772
2869,28786,28776,28779,28773,28774
2870,28790,28788,28789,28787
2871,28795,28800,28798,28799,28801,28802
2872,28816,28806,28809,28803,28804
2873,28817,28826,28835,28833,28837,28819
2874,28839,28846,28863,28864,28862,28840
2875,28872,28885,28865,28866,28867
2876,28887,28892,28907,28888,28894,28890
2877,28909,28927,28925,28918,28929,28910
2878,28931,28950,28948,28940,28952,28933
2879,28960,28977,28976,28955,28953
2880,28979,28997,28995,28988,28999,28980
2881,29001,29016,29005,29013,29014,29002
2882,29041,29060,29058,29050,29062,29043
2883,29063,29069,29067,29090,29082,29074
2884,29092,29093,29100,29095,29116,29098
2885,29120,29135,29126,29139,29129,29149
2886,29151,29157,29153,29158,29155,29171
2887,29175,29194,29184,29192,29196,29176
2888,29197,29204,29219,29221,29222,29220
2889,29230,29243,29223,29225,29227
2890,29245,29248,29246,29250,29252,29265
2891,29267,29286,29273,29281,29271,29269
2892,29291,29304,29308,29295,29309,29314
2893,29317,29335,29320,29318,29324,29322
2894,29343,29361,29348,29357,29353,29365
2895,29367,29380,29388,29373,29384,29376
2896,29389,29401,29399,29392,29394,29390
2897,29413,29431,29429,29422,29433,29414
2898,29435,29457,29436,29439,29441,29444
2899,29459,29470,29468,29465,29474,29480
2900,29482,29500,29498,29491,29502,29483
2901,29504,29507,29516,29515,29510,29532
2902,29534,29553,29551,29543,29555,29536
2903,29556,29569,29575,29561,29557,29559
2904,29581,29588,29607,29592,29603,29583
2905,29608,29625,29612,29623,29635,29617
2906,29639,29645,29661,29662,29641,29646
2907,29663,29682,29672,29680,29684,29664
2908,29685,29692,29709,29708,29707,29686
2909,29718,29731,29711,29713,29715
2910,29733,29736,29734,29738,29740,29753
2911,29755,29774,29761,29769,29759,29757
2912,29779,29789,29794,29782,29795,29799
2913,29804,29824,29809,29805,29811,29807
2914,29833,29831,29832,29830
2915,29838,29843,29841,29842,29844,29845
2916,29859,29849,29852,29846,29847
2917,29863,29861,29862,29860
2918,29868,29873,29871,29872,29874,29875
2919,29889,29879,29882,29876,29877
2920,29890,29909,29899,29907,29911,29891
2921,29915,29913,29914,29912
2922,29920,29925,29923,29924,29926,29927
2923,29941,29931,29934,29928,29929
2924,29945,29943,29944,29942
2925,29950,29955,29953,29954,29956,29957
2926,29971,29961,29964,29958,29959
2927,29972,29981,29990,29988,29992,29974
2928,29994,30001,30018,30019,30017,29995
2929,30023,30021,30022,30020
2930,30028,30033,30031,30032,30034,30035
2931,30049,30039,30042,30036,30037
2932,30053,30051,30052,30050
2933,30058,30063,30061,30062,30064,30065
2934,30079,30069,30072,30066,30067
2935,30080,30099,30089,30097,30101,30081
2936,30105,30103,30104,30102
2937,30110,30115,30113,30114,30116,30117
2938,30131,30121,30124,30118,30119
2939,30135,30133,30134,30132
2940,30140,30145,30143,30144,30146,30147
2941,30161,30151,30154,30148,30149
2942,30162,30171,30180,30178,30182,30164
2943,30184,30191,30208,30209,30207,30185
2944,30217,30230,30210,30211,30212
2945,30232,30237,30252,30233,30239,30235
2946,30254,30272,30270,30263,30274,30255
2947,30276,30277,30284,30297,30280,30282
2948,30300,30306,30321,30315,30304,30301
2949,30323,30341,30339,30332,30343,30324
2950,30345,30357,30348,30356,30354,30373
2951,30375,30394,30392,30384,30396,30377
2952,30410,30397,30402,30399,30401
2953,30422,30424,30439,30430,30426,30446
2954,30449,30453,30464,30466,30476,30458
2955,30480,30486,30482,30487,30484,30500
2956,30507,30505,30506,30504
2957,30512,30517,30515,30516,30518,30519
2958,30533,30523,30526,30520,30521
2959,30537,30535,30536,30534
2960,30542,30547,30545,30546,30548,30549
2961,30563,30553,30556,30550,30551
2962,30564,30583,30573,30581,30585,30565
2963,30590,30588,30586,30591,30587
2964,30601,30599,30600,30598
2965,30606,30611,30609,30610,30612,30613
2966,30627,30617,30620,30614,30615
2967,30631,30629,30630,30628
2968,30636,30641,30639,30640,30642,30643
2969,30657,30647,30650,30644,30645
2970,30658,30677,30667,30675,30679,30659
2971,30683,30681,30682,30680
2972,30688,30693,30691,30692,30694,30695
2973,30709,30699,30702,30696,30697
2974,30713,30711,30712,30710
2975,30718,30723,30721,30722,30724,30725
2976,30739,30729,30732,30726,30727
2977,30740,30759,30749,30757,30761,30741
2978,30762,30769,30784,30786,30787,30785
2979,30788,30796,30789,30795,30791,30798
2980,30808,30814,30823,30810,30812,30815
2981,30832,30836,30834,30839,30838,30853
2982,30854,30872,30870,30863,30874,30855
2983,30876,30894,30892,30885,30896,30877
2984,30905,30922,30923,30898,30899
2985,30924,30932,30930,30949,30950,30935
2986,30951,30969,30967,30960,30971,30952
2987,30973,30982,30974,30979,31002,30976
2988,31004,31014,31009,31017,31012,31005
2989,31025,31028,31026,31032,31030,31047
2990,31048,31054,31063,31061,31071,31057
2991,31073,31079,31088,31074,31081,31077
2992,31096,31102,31111,31117,31097,31104
2993,31153,31122,31129,31126,31119
2994,31154,31160,31169,31155,31158,31162
2995,31177,31183,31192,31198,31178,31185
2996,31200,31211,31234,31203,31210,31207
2997,31235,31241,31250,31236,31239,31243
2998,31258,31264,31273,31279,31259,31266
2999,31315,31284,31291,31288,31281
3000,31316,31322,31331,31317,31320,31324
3001,31339,31345,31354,31360,31340,31347
3002,31396,31365,31372,31369,31362
3003,31397,31403,31412,31398,31401,31405
3004,31420,31426,31435,31441,31421,31428
3005,31443,31454,31477,31446,31453,31450
3006,31478,31484,31493,31479,31482,31486
3007,31501,31507,31516,31522,31502,31509
3008,31524,31535,31558,31527,31534,31531
3009,31559,31565,31574,31560,31563,31567
3010,31582,31588,31597,31603,31583,31590
3011,31605,31616,31639,31608,31615,31612
3012,31640,31646,31655,31641,31644,31648
3013,31663,31669,31678,31684,31664,31671
3014,31720,31689,31696,31693,31686
3015,31721,31727,31736,31722,31725,31729
3016,31744,31750,31759,31765,31745,31752
3017,31767,31778,31801,31770,31777,31774
3018,31802,31808,31817,31803,31806,31810
3019,31825,31831,31840,31846,31826,31833
3020,31848,31859,31882,31851,31858,31855
3021,31883,31889,31898,31884,31887,31891
3022,31906,31912,31921,31927,31907,31914
3023,31963,31932,31939,31936,31929
3024,31964,31970,31979,31965,31968,31972
3025,31987,31993,32002,32008,31988,31995
3026,32044,32013,32020,32017,32010
3027,32045,32051,32060,32046,32049,32053
3028,32068,32074,32083,32089,32069,32076
3029,32125,32094,32101,32098,32091
3030,32126,32132,32141,32127,32130,32134
3031,32149,32155,32164,32170,32150,32157
3032,32206,32175,32182,32179,32172
3033,32207,32213,32222,32208,32211,32215
3034,32230,32236,32245,32251,32231,32238
3035,32287,32256,32263,32260,32253
3036,32288,32294,32303,32289,32292,32296
3037,32311,32317,32326,32332,32312,32319
3038,32368,32337,32344,32341,32334
3039,32369,32375,32384,32370,32373,32377
3040,32392,32398,32407,32413,32393,32400
3041,32415,32426,32449,32418,32425,32422
3042,32450,32456,32465,32451,32454,32458
3043,32473,32479,32488,32494,32474,32481
3044,32496,32507,32530,32499,32506,32503
3045,32531,32537,32546,32532,32535,32539
3046,32554,32560,32569,32575,32555,32562
3047,32611,32580,32587,32584,32577
3048,32612,32618,32627,32613,32616,32620
3049,32635,32641,32650,32656,32636,32643
3050,32692,32661,32668,32665,32658
3051,32693,32699,32708,32694,32697,32701
3052,32716,32722,32731,32737,32717,32724
3053,32773,32742,32749,32746,32739
3054,32774,32780,32789,32775,32778,32782
3055,32797,32803,32812,32818,32798,32805
3056,32854,32823,32830,32827,32820
3057,32855,32861,32870,32856,32859,32863
3058,32878,32884,32893,32899,32879,32886
3059,32935,32904,32911,32908,32901
3060,32936,32942,32951,32937,32940,32944
3061,32959,32965,32974,32980,32960,32967
3062,33016,32985,32992,32989,32982
3063,33017,33023,33032,33018,33021,33025
3064,33040,33046,33055,33061,33041,33048
3065,33063,33074,33097,33066,33073,33070
3066,33098,33104,33113,33099,33102,33106
3067,33121,33127,33136,33142,33122,33129
3068,33144,33155,33178,33147,33154,33151
3069,33179,33185,33194,33180,33183,33187
3070,33202,33208,33217,33223,33203,33210
3071,33259,33228,33235,33232,33225
3072,33260,33266,33275,33261,33264,33268
3073,33283,33289,33298,33304,33284,33291
3074,33340,33309,33316,33313,33306
3075,33341,33347,33356,33342,33345,33349
3076,33364,33370,33379,33385,33365,33372
3077,33421,33390,33397,33394,33387
3078,33422,33428,33437,33423,33426,33430
3079,33445,33451,33460,33466,33446,33453
3080,33502,33471,33478,33475,33468
3081,33503,33509,33518,33504,33507,33511
3082,33526,33532,33541,33547,33527,33534
3083,33583,33552,33559,33556,33549
3084,33584,33590,33599,33585,33588,33592
3085,33607,33613,33622,33628,33608,33615
3086,33664,33633,33640,33637,33630
3087,33665,33671,33680,33666,33669,33673
3088,33688,33694,33703,33709,33689,33696
3089,33711,33722,33745,33714,33721,33718
3090,33746,33752,33761,33747,33750,33754
3091,33769,33775,33784,33790,33770,33777
3092,33826,33795,33802,33799,33792
3093,33827,33833,33842,33828,33831,33835
3094,33850,33856,33865,33871,33851,33858
3095,33873,33884,33907,33876,33883,33880
3096,33908,33914,33923,33909,33912,33916
3097,33931,33937,33946,33952,33932,33939
3098,33988,33957,33964,33961,33954
3099,33989,33995,34004,33990,33993,33997
3100,34012,34018,34027,34033,34013,34020
3101,34069,34038,34045,34042,34035
3102,34070,34076,34085,34071,34074,34078
3103,34093,34099,34108,34114,34094,34101
3104,34150,34119,34126,34123,34116
3105,34151,34157,34166,34152,34155,34159
3106,34174,34180,34189,34195,34175,34182
3107,34197,34208,34231,34200,34207,34204
3108,34232,34238,34247,34233,34236,34240
3109,34255,34261,34270,34276,34256,34263
3110,34312,34281,34288,34285,34278
3111,34313,34319,34328,34314,34317,34321
3112,34336,34342,34351,34357,34337,34344
3113,34393,34362,34369,34366,34359
3114,34394,34400,34409,34395,34398,34402
3115,34417,34423,34432,34438,34418,34425
3116,34474,34443,34450,34447,34440
3117,34475,34481,34490,34476,34479,34483
3118,34498,34504,34513,34519,34499,34506
3119,34555,34524,34531,34528,34521
3120,34556,34562,34571,34557,34560,34564
3121,34579,34585,34594,34600,34580,34587
3122,34636,34605,34612,34609,34602
3123,34637,34643,34652,34638,34641,34645
3124,34660,34666,34675,34681,34661,34668
3125,34717,34686,34693,34690,34683
3126,34718,34724,34733,34719,34722,34726
3127,34741,34747,34756,34762,34742,34749
3128,34798,34767,34774,34771,34764
3129,34799,34805,34814,34800,34803,34807
3130,34822,34828,34837,34843,34823,34830
3131,34845,34856,34879,34848,34855,34852
3132,34880,34886,34895,34881,34884,34888
3133,34903,34909,34918,34924,34904,34911
3134,34960,34929,34936,34933,34926
3135,34961,34967,34976,34962,34965,34969
3136,34984,34990,34999,35005,34985,34992
3137,35007,35018,35041,35010,35017,35014
3138,35042,35048,35057,35043,35046,35050
3139,35065,35071,35080,35086,35066,35073
3140,35122,35091,35098,35095,35088
3141,35123,35129,35138,35124,35127,35131
3142,35146,35152,35161,35167,35147,35154
3143,35169,35180,35203,35172,35179,35176
3144,35204,35210,35219,35205,35208,35212
3145,35227,35233,35242,35248,35228,35235
3146,35284,35253,35260,35257,35250
3147,35285,35291,35300,35286,35289,35293
3148,35308,35314,35323,35329,35309,35316
3149,35331,35342,35365,35334,35341,35338
3150,35366,35372,35381,35367,35370,35374
3151,35389,35395,35404,35410,35390,35397
3152,35446,35415,35422,35419,35412
3153,35447,35453,35462,35448,35451,35455
3154,35470,35476,35485,35491,35471,35478
3155,35493,35504,35527,35496,35503,35500
3156,35528,35534,35543,35529,35532,35536
3157,35551,35557,35566,35572,35552,35559
3158,35608,35577,35584,35581,35574
3159,35609,35615,35624,35610,35613,35617
3160,35632,35638,35647,35653,35633,35640
3161,35689,35658,35665,35662,35655
3162,35690,35696,35705,35691,35694,35698
3163,35713,35719,35728,35734,35714,35721
3164,35770,35739,35746,35743,35736
3165,35771,35777,35786,35772,35775,35779
3166,35794,35800,35809,35815,35795,35802
3167,35851,35820,35827,35824,35817
3168,35852,35858,35867,35853,35856,35860
3169,35875,35881,35890,35896,35876,35883
3170,35932,35901,35908,35905,35898
3171,35933,35939,35948,35934,35937,35941
3172,35956,35962,35971,35977,35957,35964
3173,36013,35982,35989,35986,35979
3174,36014,36020,36029,36015,36018,36022
3175,36037,36043,36052,36058,36038,36045
3176,36094,36063,36070,36067,36060
3177,36095,36101,36110,36096,36099,36103
3178,36118,36124,36133,36139,36119,36126
3179,36141,36152,36175,36144,36151,36148
3180,36176,36182,36191,36177,36180,36184
3181,36199,36205,36214,36220,36200,36207
3182,36256,36225,36232,36229,36222
3183,36257,36263,36272,36258,36261,36265
3184,36280,36286,36295,36301,36281,36288
3185,36303,36314,36337,36306,36313,36310
3186,36338,36344,36353,36339,36342,36346
3187,36361,36367,36376,36382,36362,36369
3188,36418,36387,36394,36391,36384
3189,36419,36425,36434,36420,36423,36427
3190,36442,36448,36457,36463,36443,36450
3191,36465,36476,36499,36468,36475,36472
3192,36500,36506,36515,36501,36504,36508
3193,36523,36529,36538,36544,36524,36531
3194,36580,36549,36556,36553,36546
3195,36581,36587,36596,36582,36585,36589
3196,36604,36610,36619,36625,36605,36612
3197,36661,36630,36637,36634,36627
3198,36662,36668,36677,36663,36666,36670
3199,36685,36691,36700,36706,36686,36693
3200,36742,36711,36718,36715,36708
3201,36743,36749,36758,36744,36747,36751
3202,36766,36772,36781,36787,36767,36774
3203,36789,36800,36823,36792,36799,36796
3204,36824,36830,36839,36825,36828,36832
3205,36847,36853,36862,36868,36848,36855
3206,36904,36873,36880,36877,36870
3207,36905,36911,36920,36906,36909,36913
3208,36928,36934,36943,36949,36929,36936
3209,36951,36962,36985,36954,36961,36958
3210,36986,36992,37001,36987,36990,36994
3211,37009,37015,37024,37030,37010,37017
3212,37066,37035,37042,37039,37032
3213,37067,37073,37082,37068,37071,37075
3214,37090,37096,37105,37111,37091,37098
3215,37113,37124,37147,37116,37123,37120
3216,37148,37154,37163,37149,37152,37156
3217,37171,37177,37186,37192,37172,37179
3218,37228,37197,37204,37201,37194
3219,37229,37235,37244,37230,37233,37237
3220,37252,37258,37267,37273,37253,37260
3221,37309,37278,37285,37282,37275
3222,37310,37316,37325,37311,37314,37318
3223,37333,37339,37348,37354,37334,37341
3224,37390,37359,37366,37363,37356
3225,37391,37397,37406,37392,37395,37399
3226,37414,37420,37429,37435,37415,37422
3227,37437,37448,37471,37440,37447,37444
3228,37472,37478,37487,37473,37476,37480
3229,37495,37501,37510,37516,37496,37503
3230,37552,37521,37528,37525,37518
3231,37553,37559,37568,37554,37557,37561
3232,37576,37582,37591,37597,37577,37584
3233,37599,37610,37633,37602,37609,37606
3234,37634,37640,37649,37635,37638,37642
3235,37657,37663,37672,37678,37658,37665
3236,37714,37683,37690,37687,37680
3237,37715,37721,37730,37716,37719,37723
3238,37738,37744,37753,37759,37739,37746
3239,37761,37772,37795,37764,37771,37768
3240,37796,37802,37811,37797,37800,37804
3241,37819,37825,37834,37840,37820,37827
3242,37876,37845,37852,37849,37842
3243,37877,37883,37892,37878,37881,37885
3244,37900,37906,37915,37921,37901,37908
3245,37957,37926,37933,37930,37923
3246,37958,37964,37973,37959,37962,37966
3247,37981,37987,37996,38002,37982,37989
3248,38038,38007,38014,38011,38004
3249,38039,38045,38054,38040,38043,38047
3250,38062,38068,38077,38083,38063,38070
3251,38085,38096,38119,38088,38095,38092
3252,38120,38126,38135,38121,38124,38128
3253,38143,38149,38158,38164,38144,38151
3254,38200,38169,38176,38173,38166
3255,38201,38207,38216,38202,38205,38209
3256,38224,38230,38239,38245,38225,38232
3257,38247,38258,38281,38250,38257,38254
3258,38282,38288,38297,38283,38286,38290
3259,38305,38311,38320,38326,38306,38313
3260,38362,38331,38338,38335,38328
3261,38363,38369,38378,38364,38367,38371
3262,38386,38392,38401,38407,38387,38394
3263,38409,38420,38443,38412,38419,38416
3264,38444,38450,38459,38445,38448,38452
3265,38467,38473,38482,38488,38468,38475
3266,38524,38493,38500,38497,38490
3267,38525,38531,38540,38526,38529,38533
3268,38548,38554,38563,38569,38549,38556
3269,38605,38574,38581,38578,38571
3270,38606,38612,38621,38607,38610,38614
3271,38629,38635,38644,38650,38630,38637
3272,38686,38655,38662,38659,38652
3273,38687,38693,38702,38688,38691,38695
3274,38710,38716,38725,38731,38711,38718
3275,38733,38744,38767,38736,38743,38740
3276,38768,38774,38783,38769,38772,38776
3277,38791,38797,38806,38812,38792,38799
3278,38848,38817,38824,38821,38814
3279,38849,38855,38864,38850,38853,38857
3280,38872,38878,38887,38893,38873,38880
3281,38895,38906,38929,38898,38905,38902
3282,38930,38936,38945,38931,38934,38938
3283,38953,38959,38968,38974,38954,38961
3284,39010,38979,38986,38983,38976
3285,39011,39017,39026,39012,39015,39019
3286,39034,39040,39049,39055,39035,39042
3287,39057,39068,39091,39060,39067,39064
3288,39092,39098,39107,39093,39096,39100
3289,39115,39121,39130,39136,39116,39123
3290,39172,39141,39148,39145,39138
3291,39173,39179,39188,39174,39177,39181
3292,39196,39202,39211,39217,39197,39204
3293,39253,39222,39229,39226,39219
3294,39254,39260,39269,39255,39258,39262
3295,39277,39283,39292,39298,39278,39285
3296,39334,39303,39310,39307,39300
3297,39335,39341,39350,39336,39339,39343
3298,39358,39364,39373,39379,39359,39366
3299,39381,39392,39415,39384,39391,39388
3300,39416,39422,39431,39417,39420,39424
3301,39439,39445,39454,39460,39440,39447
3302,39496,39465,39472,39469,39462
3303,39497,39503,39512,39498,39501,39505
3304,39520,39526,39535,39541,39521,39528
3305,39543,39554,39577,39546,39553,39550
3306,39578,39584,39593,39579,39582,39586
3307,39601,39607,39616,39622,39602,39609
3308,39658,39627,39634,39631,39624
3309,39659,39665,39674,39660,39663,39667
3310,39682,39688,39697,39703,39683,39690
3311,39705,39716,39739,39708,39715,39712
3312,39740,39746,39755,39741,39744,39748
3313,39763,39769,39778,39784,39764,39771
3314,39820,39789,39796,39793,39786
3315,39821,39827,39836,39822,39825,39829
3316,39844,39850,39859,39865,39845,39852
3317,39901,39870,39877,39874,39867
3318,39902,39908,39917,39903,39906,39910
3319,39925,39931,39940,39946,39926,39933
3320,39982,39951,39958,39955,39948
3321,39983,39989,39998,39984,39987,39991
3322,40006,40012,40021,40027,40007,40014
3323,40029,40040,40063,40032,40039,40036
3324,40064,40070,40079,40065,40068,40072
3325,40087,40093,40102,40108,40088,40095
3326,40144,40113,40120,40117,40110
3327,40145,40151,40160,40146,40149,40153
3328,40168,40174,40183,40189,40169,40176
3329,40191,40202,40225,40194,40201,40198
3330,40226,40232,40241,40227,40230,40234
3331,40249,40255,40264,40270,40250,40257
3332,40306,40275,40282,40279,40272
3333,40307,40313,40322,40308,40311,40315
3334,40330,40336,40345,40351,40331,40338
3335,40353,40364,40387,40356,40363,40360
3336,40388,40394,40403,40389,40392,40396
3337,40411,40417,40426,40432,40412,40419
3338,40468,40437,40444,40441,40434
3339,40469,40475,40484,40470,40473,40477
3340,40492,40498,40507,40513,40493,40500
3341,40549,40518,40525,40522,40515
3342,40550,40556,40565,40551,40554,40558
3343,40573,40579,40588,40594,40574,40581
3344,40630,40599,40606,40603,40596
3345,40631,40637,40646,40632,40635,40639
3346,40654,40660,40669,40675,40655,40662
3347,40677,40688,40711,40680,40687,40684
3348,40712,40718,40727,40713,40716,40720
3349,40735,40741,40750,40756,40736,40743
3350,40792,40761,40768,40765,40758
3351,40793,40799,40808,40794,40797,40801
3352,40816,40822,40831,40837,40817,40824
3353,40839,40850,40873,40842,40849,40846
3354,40874,40880,40889,40875,40878,40882
3355,40897,40903,40912,40918,40898,40905
3356,40954,40923,40930,40927,40920
3357,40955,40961,40970,40956,40959,40963
3358,40978,40984,40993,40999,40979,40986
3359,41001,41012,41035,41004,41011,41008
3360,41036,41042,41051,41037,41040,41044
3361,41059,41065,41074,41080,41060,41067
3362,41116,41085,41092,41089,41082
3363,41117,41123,41132,41118,41121,41125
3364,41140,41151,41146,41155,41161,41141
3365,41197,41166,41173,41170,41163
3366,41204,41199,41202,41206,41198
3367,41221,41232,41227,41242,41236,41222
3368,41278,41247,41254,41251,41244
3369,41285,41280,41283,41287,41279
3370,41302,41313,41308,41323,41317,41303
3371,41359,41328,41335,41332,41325
3372,41360,41365,41368,41374,41372,41379
3373,41381,41392,41386,41384,41389,41396
3374,41402,41423,41407,41417,41424,41409
3375,41425,41430,41440,41446,41426,41432
3376,41478,41449,41448,41451,41456
