node_idx,type,node_inv,num_fo,lvl,rev_lvl,c1_idx,c2_idx
0,0,0,2,0,287,-1,-1
1,0,0,3,0,287,-1,-1
2,0,0,3,0,287,-1,-1
3,0,0,3,0,287,-1,-1
4,0,0,3,0,287,-1,-1
5,0,0,3,0,287,-1,-1
6,0,0,3,0,287,-1,-1
7,0,0,3,0,287,-1,-1
8,0,0,3,0,287,-1,-1
9,0,0,3,0,287,-1,-1
10,0,0,3,0,287,-1,-1
11,0,0,3,0,287,-1,-1
12,0,0,3,0,287,-1,-1
13,0,0,3,0,287,-1,-1
14,0,0,3,0,287,-1,-1
15,0,0,3,0,287,-1,-1
16,0,0,3,0,287,-1,-1
17,0,0,3,0,287,-1,-1
18,0,0,3,0,287,-1,-1
19,0,0,3,0,287,-1,-1
20,0,0,3,0,287,-1,-1
21,0,0,3,0,287,-1,-1
22,0,0,3,0,287,-1,-1
23,0,0,3,0,287,-1,-1
24,0,0,3,0,287,-1,-1
25,0,0,3,0,287,-1,-1
26,0,0,3,0,287,-1,-1
27,0,0,3,0,287,-1,-1
28,0,0,3,0,287,-1,-1
29,0,0,3,0,287,-1,-1
30,0,0,3,0,287,-1,-1
31,0,0,3,0,287,-1,-1
32,0,0,3,0,287,-1,-1
33,0,0,3,0,287,-1,-1
34,0,0,3,0,287,-1,-1
35,0,0,3,0,287,-1,-1
36,0,0,3,0,287,-1,-1
37,0,0,3,0,287,-1,-1
38,0,0,3,0,287,-1,-1
39,0,0,3,0,287,-1,-1
40,0,0,3,0,287,-1,-1
41,0,0,3,0,287,-1,-1
42,0,0,3,0,287,-1,-1
43,0,0,3,0,287,-1,-1
44,0,0,3,0,287,-1,-1
45,0,0,3,0,287,-1,-1
46,0,0,3,0,287,-1,-1
47,0,0,3,0,287,-1,-1
48,0,0,3,0,287,-1,-1
49,0,0,3,0,287,-1,-1
50,0,0,3,0,287,-1,-1
51,0,0,3,0,287,-1,-1
52,0,0,3,0,287,-1,-1
53,0,0,3,0,287,-1,-1
54,0,0,3,0,287,-1,-1
55,0,0,3,0,287,-1,-1
56,0,0,3,0,287,-1,-1
57,0,0,3,0,287,-1,-1
58,0,0,3,0,287,-1,-1
59,0,0,3,0,287,-1,-1
60,0,0,3,0,287,-1,-1
61,0,0,3,0,287,-1,-1
62,0,0,3,0,287,-1,-1
63,0,0,3,0,287,-1,-1
64,0,0,3,0,287,-1,-1
65,0,0,3,0,287,-1,-1
66,0,0,3,0,287,-1,-1
67,0,0,3,0,287,-1,-1
68,0,0,3,0,287,-1,-1
69,0,0,3,0,287,-1,-1
70,0,0,3,0,287,-1,-1
71,0,0,3,0,287,-1,-1
72,0,0,3,0,287,-1,-1
73,0,0,3,0,287,-1,-1
74,0,0,3,0,287,-1,-1
75,0,0,3,0,287,-1,-1
76,0,0,3,0,287,-1,-1
77,0,0,3,0,287,-1,-1
78,0,0,3,0,287,-1,-1
79,0,0,3,0,287,-1,-1
80,0,0,3,0,287,-1,-1
81,0,0,3,0,287,-1,-1
82,0,0,3,0,287,-1,-1
83,0,0,3,0,287,-1,-1
84,0,0,3,0,287,-1,-1
85,0,0,3,0,287,-1,-1
86,0,0,3,0,287,-1,-1
87,0,0,3,0,287,-1,-1
88,0,0,3,0,287,-1,-1
89,0,0,3,0,287,-1,-1
90,0,0,3,0,287,-1,-1
91,0,0,3,0,287,-1,-1
92,0,0,3,0,287,-1,-1
93,0,0,3,0,287,-1,-1
94,0,0,3,0,287,-1,-1
95,0,0,3,0,287,-1,-1
96,0,0,3,0,287,-1,-1
97,0,0,3,0,287,-1,-1
98,0,0,3,0,287,-1,-1
99,0,0,3,0,287,-1,-1
100,0,0,3,0,287,-1,-1
101,0,0,3,0,287,-1,-1
102,0,0,3,0,287,-1,-1
103,0,0,3,0,287,-1,-1
104,0,0,3,0,287,-1,-1
105,0,0,3,0,287,-1,-1
106,0,0,3,0,287,-1,-1
107,0,0,3,0,287,-1,-1
108,0,0,3,0,287,-1,-1
109,0,0,3,0,287,-1,-1
110,0,0,3,0,287,-1,-1
111,0,0,3,0,287,-1,-1
112,0,0,3,0,287,-1,-1
113,0,0,3,0,287,-1,-1
114,0,0,3,0,287,-1,-1
115,0,0,3,0,287,-1,-1
116,0,0,3,0,287,-1,-1
117,0,0,3,0,287,-1,-1
118,0,0,3,0,287,-1,-1
119,0,0,3,0,287,-1,-1
120,0,0,3,0,287,-1,-1
121,0,0,3,0,287,-1,-1
122,0,0,3,0,287,-1,-1
123,0,0,3,0,287,-1,-1
124,0,0,3,0,287,-1,-1
125,0,0,3,0,287,-1,-1
126,0,0,3,0,287,-1,-1
127,0,0,3,0,287,-1,-1
128,0,0,2,0,287,-1,-1
129,0,0,3,0,287,-1,-1
130,0,0,3,0,287,-1,-1
131,0,0,3,0,287,-1,-1
132,0,0,2,0,287,-1,-1
133,0,0,2,0,287,-1,-1
134,0,0,3,0,287,-1,-1
135,0,0,3,0,287,-1,-1
136,0,0,2,0,287,-1,-1
137,0,0,2,0,287,-1,-1
138,0,0,3,0,287,-1,-1
139,0,0,3,0,287,-1,-1
140,0,0,3,0,287,-1,-1
141,0,0,3,0,287,-1,-1
142,0,0,3,0,287,-1,-1
143,0,0,3,0,287,-1,-1
144,0,0,2,0,287,-1,-1
145,0,0,2,0,287,-1,-1
146,0,0,3,0,287,-1,-1
147,0,0,3,0,287,-1,-1
148,0,0,3,0,287,-1,-1
149,0,0,3,0,287,-1,-1
150,0,0,3,0,287,-1,-1
151,0,0,3,0,287,-1,-1
152,0,0,2,0,287,-1,-1
153,0,0,2,0,287,-1,-1
154,0,0,3,0,287,-1,-1
155,0,0,3,0,287,-1,-1
156,0,0,3,0,287,-1,-1
157,0,0,3,0,287,-1,-1
158,0,0,3,0,287,-1,-1
159,0,0,3,0,287,-1,-1
160,0,0,3,0,287,-1,-1
161,0,0,3,0,287,-1,-1
162,0,0,3,0,287,-1,-1
163,0,0,3,0,287,-1,-1
164,0,0,3,0,287,-1,-1
165,0,0,3,0,287,-1,-1
166,0,0,3,0,287,-1,-1
167,0,0,3,0,287,-1,-1
168,0,0,3,0,287,-1,-1
169,0,0,3,0,287,-1,-1
170,0,0,3,0,287,-1,-1
171,0,0,3,0,287,-1,-1
172,0,0,3,0,287,-1,-1
173,0,0,3,0,287,-1,-1
174,0,0,3,0,287,-1,-1
175,0,0,3,0,287,-1,-1
176,0,0,3,0,287,-1,-1
177,0,0,3,0,287,-1,-1
178,0,0,3,0,287,-1,-1
179,0,0,3,0,287,-1,-1
180,0,0,3,0,287,-1,-1
181,0,0,3,0,287,-1,-1
182,0,0,3,0,287,-1,-1
183,0,0,3,0,287,-1,-1
184,0,0,3,0,287,-1,-1
185,0,0,3,0,287,-1,-1
186,0,0,3,0,287,-1,-1
187,0,0,3,0,287,-1,-1
188,0,0,3,0,287,-1,-1
189,0,0,3,0,287,-1,-1
190,0,0,3,0,287,-1,-1
191,0,0,3,0,287,-1,-1
192,0,0,3,0,287,-1,-1
193,0,0,3,0,287,-1,-1
194,0,0,3,0,287,-1,-1
195,0,0,3,0,287,-1,-1
196,0,0,3,0,287,-1,-1
197,0,0,3,0,287,-1,-1
198,0,0,3,0,287,-1,-1
199,0,0,3,0,287,-1,-1
200,0,0,3,0,287,-1,-1
201,0,0,3,0,287,-1,-1
202,0,0,3,0,287,-1,-1
203,0,0,3,0,287,-1,-1
204,0,0,3,0,287,-1,-1
205,0,0,3,0,287,-1,-1
206,0,0,3,0,287,-1,-1
207,0,0,3,0,287,-1,-1
208,0,0,3,0,287,-1,-1
209,0,0,3,0,287,-1,-1
210,0,0,3,0,287,-1,-1
211,0,0,3,0,287,-1,-1
212,0,0,3,0,287,-1,-1
213,0,0,3,0,287,-1,-1
214,0,0,3,0,287,-1,-1
215,0,0,3,0,287,-1,-1
216,0,0,3,0,287,-1,-1
217,0,0,3,0,287,-1,-1
218,0,0,3,0,287,-1,-1
219,0,0,3,0,287,-1,-1
220,0,0,3,0,287,-1,-1
221,0,0,3,0,287,-1,-1
222,0,0,3,0,287,-1,-1
223,0,0,3,0,287,-1,-1
224,0,0,3,0,287,-1,-1
225,0,0,3,0,287,-1,-1
226,0,0,3,0,287,-1,-1
227,0,0,3,0,287,-1,-1
228,0,0,3,0,287,-1,-1
229,0,0,3,0,287,-1,-1
230,0,0,3,0,287,-1,-1
231,0,0,3,0,287,-1,-1
232,0,0,3,0,287,-1,-1
233,0,0,3,0,287,-1,-1
234,0,0,3,0,287,-1,-1
235,0,0,3,0,287,-1,-1
236,0,0,3,0,287,-1,-1
237,0,0,3,0,287,-1,-1
238,0,0,3,0,287,-1,-1
239,0,0,3,0,287,-1,-1
240,0,0,3,0,287,-1,-1
241,0,0,3,0,287,-1,-1
242,0,0,3,0,287,-1,-1
243,0,0,3,0,287,-1,-1
244,0,0,3,0,287,-1,-1
245,0,0,3,0,287,-1,-1
246,0,0,3,0,287,-1,-1
247,0,0,3,0,287,-1,-1
248,0,0,3,0,287,-1,-1
249,0,0,3,0,287,-1,-1
250,0,0,3,0,287,-1,-1
251,0,0,3,0,287,-1,-1
252,0,0,3,0,287,-1,-1
253,0,0,3,0,287,-1,-1
254,0,0,3,0,287,-1,-1
255,0,0,3,0,287,-1,-1
256,0,0,2,0,287,-1,-1
257,0,0,3,0,287,-1,-1
258,0,0,3,0,287,-1,-1
259,0,0,3,0,287,-1,-1
260,0,0,3,0,287,-1,-1
261,0,0,3,0,287,-1,-1
262,0,0,3,0,287,-1,-1
263,0,0,3,0,287,-1,-1
264,0,0,3,0,287,-1,-1
265,0,0,3,0,287,-1,-1
266,0,0,3,0,287,-1,-1
267,0,0,3,0,287,-1,-1
268,0,0,3,0,287,-1,-1
269,0,0,3,0,287,-1,-1
270,0,0,3,0,287,-1,-1
271,0,0,3,0,287,-1,-1
272,0,0,3,0,287,-1,-1
273,0,0,3,0,287,-1,-1
274,0,0,3,0,287,-1,-1
275,0,0,3,0,287,-1,-1
276,0,0,3,0,287,-1,-1
277,0,0,3,0,287,-1,-1
278,0,0,3,0,287,-1,-1
279,0,0,3,0,287,-1,-1
280,0,0,3,0,287,-1,-1
281,0,0,3,0,287,-1,-1
282,0,0,3,0,287,-1,-1
283,0,0,3,0,287,-1,-1
284,0,0,3,0,287,-1,-1
285,0,0,3,0,287,-1,-1
286,0,0,3,0,287,-1,-1
287,0,0,3,0,287,-1,-1
288,0,0,3,0,287,-1,-1
289,0,0,3,0,287,-1,-1
290,0,0,3,0,287,-1,-1
291,0,0,3,0,287,-1,-1
292,0,0,3,0,287,-1,-1
293,0,0,3,0,287,-1,-1
294,0,0,3,0,287,-1,-1
295,0,0,3,0,287,-1,-1
296,0,0,3,0,287,-1,-1
297,0,0,3,0,287,-1,-1
298,0,0,3,0,287,-1,-1
299,0,0,3,0,287,-1,-1
300,0,0,3,0,287,-1,-1
301,0,0,3,0,287,-1,-1
302,0,0,3,0,287,-1,-1
303,0,0,3,0,287,-1,-1
304,0,0,3,0,287,-1,-1
305,0,0,3,0,287,-1,-1
306,0,0,3,0,287,-1,-1
307,0,0,3,0,287,-1,-1
308,0,0,3,0,287,-1,-1
309,0,0,3,0,287,-1,-1
310,0,0,3,0,287,-1,-1
311,0,0,3,0,287,-1,-1
312,0,0,3,0,287,-1,-1
313,0,0,3,0,287,-1,-1
314,0,0,3,0,287,-1,-1
315,0,0,3,0,287,-1,-1
316,0,0,3,0,287,-1,-1
317,0,0,3,0,287,-1,-1
318,0,0,3,0,287,-1,-1
319,0,0,3,0,287,-1,-1
320,0,0,3,0,287,-1,-1
321,0,0,3,0,287,-1,-1
322,0,0,3,0,287,-1,-1
323,0,0,3,0,287,-1,-1
324,0,0,3,0,287,-1,-1
325,0,0,3,0,287,-1,-1
326,0,0,3,0,287,-1,-1
327,0,0,3,0,287,-1,-1
328,0,0,3,0,287,-1,-1
329,0,0,3,0,287,-1,-1
330,0,0,3,0,287,-1,-1
331,0,0,3,0,287,-1,-1
332,0,0,3,0,287,-1,-1
333,0,0,3,0,287,-1,-1
334,0,0,3,0,287,-1,-1
335,0,0,3,0,287,-1,-1
336,0,0,3,0,287,-1,-1
337,0,0,3,0,287,-1,-1
338,0,0,3,0,287,-1,-1
339,0,0,3,0,287,-1,-1
340,0,0,3,0,287,-1,-1
341,0,0,3,0,287,-1,-1
342,0,0,3,0,287,-1,-1
343,0,0,3,0,287,-1,-1
344,0,0,3,0,287,-1,-1
345,0,0,3,0,287,-1,-1
346,0,0,3,0,287,-1,-1
347,0,0,3,0,287,-1,-1
348,0,0,3,0,287,-1,-1
349,0,0,3,0,287,-1,-1
350,0,0,3,0,287,-1,-1
351,0,0,3,0,287,-1,-1
352,0,0,3,0,287,-1,-1
353,0,0,3,0,287,-1,-1
354,0,0,3,0,287,-1,-1
355,0,0,3,0,287,-1,-1
356,0,0,3,0,287,-1,-1
357,0,0,3,0,287,-1,-1
358,0,0,3,0,287,-1,-1
359,0,0,3,0,287,-1,-1
360,0,0,3,0,287,-1,-1
361,0,0,3,0,287,-1,-1
362,0,0,3,0,287,-1,-1
363,0,0,3,0,287,-1,-1
364,0,0,3,0,287,-1,-1
365,0,0,3,0,287,-1,-1
366,0,0,3,0,287,-1,-1
367,0,0,3,0,287,-1,-1
368,0,0,3,0,287,-1,-1
369,0,0,3,0,287,-1,-1
370,0,0,3,0,287,-1,-1
371,0,0,3,0,287,-1,-1
372,0,0,3,0,287,-1,-1
373,0,0,3,0,287,-1,-1
374,0,0,3,0,287,-1,-1
375,0,0,3,0,287,-1,-1
376,0,0,3,0,287,-1,-1
377,0,0,3,0,287,-1,-1
378,0,0,3,0,287,-1,-1
379,0,0,3,0,287,-1,-1
380,0,0,3,0,287,-1,-1
381,0,0,3,0,287,-1,-1
382,0,0,3,0,287,-1,-1
383,0,0,3,0,287,-1,-1
384,0,0,2,0,287,-1,-1
385,0,0,2,0,287,-1,-1
386,0,0,3,0,287,-1,-1
387,0,0,3,0,287,-1,-1
388,0,0,2,0,287,-1,-1
389,0,0,2,0,287,-1,-1
390,0,0,3,0,287,-1,-1
391,0,0,3,0,287,-1,-1
392,0,0,2,0,287,-1,-1
393,0,0,2,0,287,-1,-1
394,0,0,3,0,287,-1,-1
395,0,0,3,0,287,-1,-1
396,0,0,3,0,287,-1,-1
397,0,0,3,0,287,-1,-1
398,0,0,3,0,287,-1,-1
399,0,0,3,0,287,-1,-1
400,0,0,2,0,287,-1,-1
401,0,0,2,0,287,-1,-1
402,0,0,3,0,287,-1,-1
403,0,0,3,0,287,-1,-1
404,0,0,3,0,287,-1,-1
405,0,0,3,0,287,-1,-1
406,0,0,3,0,287,-1,-1
407,0,0,3,0,287,-1,-1
408,0,0,2,0,287,-1,-1
409,0,0,2,0,287,-1,-1
410,0,0,3,0,287,-1,-1
411,0,0,3,0,287,-1,-1
412,0,0,3,0,287,-1,-1
413,0,0,3,0,287,-1,-1
414,0,0,3,0,287,-1,-1
415,0,0,3,0,287,-1,-1
416,0,0,3,0,287,-1,-1
417,0,0,3,0,287,-1,-1
418,0,0,3,0,287,-1,-1
419,0,0,3,0,287,-1,-1
420,0,0,3,0,287,-1,-1
421,0,0,3,0,287,-1,-1
422,0,0,3,0,287,-1,-1
423,0,0,3,0,287,-1,-1
424,0,0,3,0,287,-1,-1
425,0,0,3,0,287,-1,-1
426,0,0,3,0,287,-1,-1
427,0,0,3,0,287,-1,-1
428,0,0,3,0,287,-1,-1
429,0,0,3,0,287,-1,-1
430,0,0,3,0,287,-1,-1
431,0,0,3,0,287,-1,-1
432,0,0,3,0,287,-1,-1
433,0,0,3,0,287,-1,-1
434,0,0,3,0,287,-1,-1
435,0,0,3,0,287,-1,-1
436,0,0,3,0,287,-1,-1
437,0,0,3,0,287,-1,-1
438,0,0,3,0,287,-1,-1
439,0,0,3,0,287,-1,-1
440,0,0,3,0,287,-1,-1
441,0,0,3,0,287,-1,-1
442,0,0,3,0,287,-1,-1
443,0,0,3,0,287,-1,-1
444,0,0,3,0,287,-1,-1
445,0,0,3,0,287,-1,-1
446,0,0,3,0,287,-1,-1
447,0,0,3,0,287,-1,-1
448,0,0,3,0,287,-1,-1
449,0,0,3,0,287,-1,-1
450,0,0,3,0,287,-1,-1
451,0,0,3,0,287,-1,-1
452,0,0,3,0,287,-1,-1
453,0,0,3,0,287,-1,-1
454,0,0,3,0,287,-1,-1
455,0,0,3,0,287,-1,-1
456,0,0,3,0,287,-1,-1
457,0,0,3,0,287,-1,-1
458,0,0,3,0,287,-1,-1
459,0,0,3,0,287,-1,-1
460,0,0,3,0,287,-1,-1
461,0,0,3,0,287,-1,-1
462,0,0,3,0,287,-1,-1
463,0,0,3,0,287,-1,-1
464,0,0,3,0,287,-1,-1
465,0,0,3,0,287,-1,-1
466,0,0,3,0,287,-1,-1
467,0,0,3,0,287,-1,-1
468,0,0,3,0,287,-1,-1
469,0,0,3,0,287,-1,-1
470,0,0,3,0,287,-1,-1
471,0,0,3,0,287,-1,-1
472,0,0,3,0,287,-1,-1
473,0,0,3,0,287,-1,-1
474,0,0,3,0,287,-1,-1
475,0,0,3,0,287,-1,-1
476,0,0,3,0,287,-1,-1
477,0,0,3,0,287,-1,-1
478,0,0,3,0,287,-1,-1
479,0,0,3,0,287,-1,-1
480,0,0,3,0,287,-1,-1
481,0,0,3,0,287,-1,-1
482,0,0,3,0,287,-1,-1
483,0,0,3,0,287,-1,-1
484,0,0,3,0,287,-1,-1
485,0,0,3,0,287,-1,-1
486,0,0,3,0,287,-1,-1
487,0,0,3,0,287,-1,-1
488,0,0,3,0,287,-1,-1
489,0,0,3,0,287,-1,-1
490,0,0,3,0,287,-1,-1
491,0,0,3,0,287,-1,-1
492,0,0,3,0,287,-1,-1
493,0,0,3,0,287,-1,-1
494,0,0,3,0,287,-1,-1
495,0,0,3,0,287,-1,-1
496,0,0,3,0,287,-1,-1
497,0,0,3,0,287,-1,-1
498,0,0,3,0,287,-1,-1
499,0,0,3,0,287,-1,-1
500,0,0,3,0,287,-1,-1
501,0,0,3,0,287,-1,-1
502,0,0,3,0,287,-1,-1
503,0,0,3,0,287,-1,-1
504,0,0,3,0,287,-1,-1
505,0,0,3,0,287,-1,-1
506,0,0,3,0,287,-1,-1
507,0,0,3,0,287,-1,-1
508,0,0,3,0,287,-1,-1
509,0,0,3,0,287,-1,-1
510,0,0,3,0,287,-1,-1
511,0,0,3,0,287,-1,-1
512,1,0,1,1,286,375,503
513,1,0,2,1,286,375,503
514,1,0,1,1,286,374,502
515,1,1,2,2,285,513,514
516,1,0,2,1,286,373,501
517,1,0,1,1,286,372,500
518,1,0,1,2,285,516,517
519,1,0,1,1,286,373,501
520,1,1,1,3,284,518,519
521,1,0,1,4,283,515,520
522,1,1,1,2,285,502,513
523,1,0,1,3,284,374,522
524,1,0,1,1,286,368,496
525,1,0,1,1,286,371,499
526,1,0,1,1,286,370,498
527,1,1,2,2,285,525,526
528,1,0,2,1,286,369,497
529,1,0,1,1,286,367,495
530,1,0,2,1,286,367,495
531,1,0,1,1,286,366,494
532,1,1,2,2,285,530,531
533,1,0,2,1,286,365,493
534,1,0,1,1,286,364,492
535,1,0,1,2,285,533,534
536,1,0,1,1,286,365,493
537,1,1,1,3,284,535,536
538,1,0,1,4,283,532,537
539,1,1,1,2,285,494,530
540,1,0,1,3,284,366,539
541,1,0,1,1,286,359,487
542,1,0,2,1,286,359,487
543,1,0,1,1,286,358,486
544,1,1,2,2,285,542,543
545,1,0,2,1,286,357,485
546,1,0,1,1,286,356,484
547,1,0,1,2,285,545,546
548,1,0,1,1,286,357,485
549,1,1,1,3,284,547,548
550,1,0,1,4,283,544,549
551,1,1,1,2,285,486,542
552,1,0,1,3,284,358,551
553,1,0,1,1,286,352,480
554,1,0,1,1,286,355,483
555,1,0,1,1,286,354,482
556,1,1,2,2,285,554,555
557,1,0,2,1,286,353,481
558,1,0,1,1,286,351,479
559,1,0,2,1,286,351,479
560,1,0,1,1,286,350,478
561,1,1,2,2,285,559,560
562,1,0,2,1,286,349,477
563,1,0,1,1,286,348,476
564,1,0,1,2,285,562,563
565,1,0,1,1,286,349,477
566,1,1,1,3,284,564,565
567,1,0,1,4,283,561,566
568,1,1,1,2,285,478,559
569,1,0,1,3,284,350,568
570,1,0,1,1,286,343,471
571,1,0,2,1,286,343,471
572,1,0,1,1,286,342,470
573,1,1,2,2,285,571,572
574,1,0,2,1,286,341,469
575,1,0,1,1,286,340,468
576,1,0,1,2,285,574,575
577,1,0,1,1,286,341,469
578,1,1,1,3,284,576,577
579,1,0,1,4,283,573,578
580,1,1,1,2,285,470,571
581,1,0,1,3,284,342,580
582,1,0,1,1,286,336,464
583,1,0,1,1,286,339,467
584,1,0,1,1,286,338,466
585,1,1,2,2,285,583,584
586,1,0,2,1,286,337,465
587,1,0,1,1,286,335,463
588,1,0,2,1,286,335,463
589,1,0,1,1,286,334,462
590,1,1,2,2,285,588,589
591,1,0,2,1,286,333,461
592,1,0,1,1,286,332,460
593,1,0,1,2,285,591,592
594,1,0,1,1,286,333,461
595,1,1,1,3,284,593,594
596,1,0,1,4,283,590,595
597,1,1,1,2,285,462,588
598,1,0,1,3,284,334,597
599,1,0,1,1,286,327,455
600,1,0,2,1,286,327,455
601,1,0,1,1,286,326,454
602,1,1,2,2,285,600,601
603,1,0,2,1,286,325,453
604,1,0,1,1,286,324,452
605,1,0,1,2,285,603,604
606,1,0,1,1,286,325,453
607,1,1,1,3,284,605,606
608,1,0,1,4,283,602,607
609,1,1,1,2,285,454,600
610,1,0,1,3,284,326,609
611,1,0,1,1,286,323,451
612,1,0,1,1,286,322,450
613,1,1,2,2,285,611,612
614,1,0,2,1,286,321,449
615,1,0,1,1,286,319,447
616,1,0,2,1,286,319,447
617,1,0,1,1,286,318,446
618,1,1,2,2,285,616,617
619,1,0,1,1,286,316,444
620,1,0,2,1,286,317,445
621,1,1,1,2,285,619,620
622,1,1,2,3,284,618,621
623,1,0,1,1,286,315,443
624,1,0,1,1,286,315,443
625,1,0,1,1,286,314,442
626,1,1,2,2,285,624,625
627,1,0,2,1,286,313,441
628,1,0,1,1,286,312,440
629,1,0,1,2,285,627,628
630,1,0,1,1,286,313,441
631,1,1,1,3,284,629,630
632,1,0,1,1,286,314,442
633,1,1,1,4,283,631,632
634,1,0,1,5,282,626,633
635,1,1,1,6,281,623,634
636,1,0,1,7,280,622,635
637,1,0,1,1,286,316,444
638,1,0,1,2,285,620,637
639,1,0,1,1,286,317,445
640,1,1,1,3,284,638,639
641,1,0,1,4,283,618,640
642,1,1,1,2,285,446,616
643,1,0,1,3,284,318,642
644,1,0,1,1,286,303,431
645,1,0,2,1,286,303,431
646,1,0,1,1,286,302,430
647,1,1,2,2,285,645,646
648,1,0,1,1,286,300,428
649,1,0,2,1,286,301,429
650,1,1,1,2,285,648,649
651,1,1,2,3,284,647,650
652,1,0,1,1,286,299,427
653,1,0,1,1,286,299,427
654,1,0,1,1,286,298,426
655,1,1,2,2,285,653,654
656,1,0,2,1,286,297,425
657,1,0,1,1,286,296,424
658,1,0,1,2,285,656,657
659,1,0,1,1,286,297,425
660,1,1,1,3,284,658,659
661,1,0,1,1,286,298,426
662,1,1,1,4,283,660,661
663,1,0,1,5,282,655,662
664,1,1,1,6,281,652,663
665,1,0,1,7,280,651,664
666,1,0,1,1,286,300,428
667,1,0,1,2,285,649,666
668,1,0,1,1,286,301,429
669,1,1,1,3,284,667,668
670,1,0,1,4,283,647,669
671,1,1,1,2,285,430,645
672,1,0,1,3,284,302,671
673,1,0,1,1,286,288,416
674,1,0,1,1,286,287,415
675,1,0,1,1,286,286,414
676,1,0,1,1,286,285,413
677,1,0,1,1,286,284,412
678,1,0,1,1,286,283,411
679,1,0,1,1,286,282,410
680,1,0,1,1,286,279,407
681,1,0,1,1,286,278,406
682,1,0,1,1,286,277,405
683,1,0,1,1,286,276,404
684,1,0,1,1,286,275,403
685,1,0,1,1,286,274,402
686,1,0,1,1,286,271,399
687,1,0,1,1,286,270,398
688,1,0,1,1,286,269,397
689,1,0,1,1,286,268,396
690,1,0,1,1,286,267,395
691,1,0,1,1,286,266,394
692,1,0,1,1,286,263,391
693,1,0,1,1,286,262,390
694,1,0,1,1,286,259,387
695,1,0,2,1,286,256,384
696,1,0,1,2,285,257,695
697,1,0,1,3,284,385,696
698,1,0,1,1,286,258,386
699,1,1,1,2,285,257,695
700,1,0,1,3,284,698,699
701,1,0,1,4,283,697,700
702,1,0,1,1,286,258,386
703,1,1,1,5,282,701,702
704,1,0,1,6,281,694,703
705,1,0,1,1,286,259,387
706,1,1,2,7,280,704,705
707,1,1,1,8,279,260,706
708,1,0,1,9,278,388,707
709,1,0,1,8,279,260,706
710,1,1,2,10,277,708,709
711,1,1,1,11,276,261,710
712,1,0,1,12,275,389,711
713,1,0,1,11,276,261,710
714,1,1,1,13,274,712,713
715,1,0,1,14,273,693,714
716,1,0,1,1,286,262,390
717,1,1,1,15,272,715,716
718,1,0,1,16,271,692,717
719,1,0,1,1,286,263,391
720,1,1,2,17,270,718,719
721,1,1,1,18,269,264,720
722,1,0,1,19,268,392,721
723,1,0,1,18,269,264,720
724,1,1,2,20,267,722,723
725,1,1,1,21,266,265,724
726,1,0,1,22,265,393,725
727,1,0,1,21,266,265,724
728,1,1,1,23,264,726,727
729,1,0,1,24,263,691,728
730,1,0,1,1,286,266,394
731,1,1,1,25,262,729,730
732,1,0,1,26,261,690,731
733,1,0,1,1,286,267,395
734,1,1,1,27,260,732,733
735,1,0,1,28,259,689,734
736,1,0,1,1,286,268,396
737,1,1,1,29,258,735,736
738,1,0,1,30,257,688,737
739,1,0,1,1,286,269,397
740,1,1,1,31,256,738,739
741,1,0,1,32,255,687,740
742,1,0,1,1,286,270,398
743,1,1,1,33,254,741,742
744,1,0,1,34,253,686,743
745,1,0,1,1,286,271,399
746,1,1,2,35,252,744,745
747,1,1,1,36,251,272,746
748,1,0,1,37,250,400,747
749,1,0,1,36,251,272,746
750,1,1,2,38,249,748,749
751,1,1,1,39,248,273,750
752,1,0,1,40,247,401,751
753,1,0,1,39,248,273,750
754,1,1,1,41,246,752,753
755,1,0,1,42,245,685,754
756,1,0,1,1,286,274,402
757,1,1,1,43,244,755,756
758,1,0,1,44,243,684,757
759,1,0,1,1,286,275,403
760,1,1,1,45,242,758,759
761,1,0,1,46,241,683,760
762,1,0,1,1,286,276,404
763,1,1,1,47,240,761,762
764,1,0,1,48,239,682,763
765,1,0,1,1,286,277,405
766,1,1,1,49,238,764,765
767,1,0,1,50,237,681,766
768,1,0,1,1,286,278,406
769,1,1,1,51,236,767,768
770,1,0,1,52,235,680,769
771,1,0,1,1,286,279,407
772,1,1,2,53,234,770,771
773,1,1,1,54,233,280,772
774,1,0,1,55,232,408,773
775,1,0,1,54,233,280,772
776,1,1,2,56,231,774,775
777,1,1,1,57,230,281,776
778,1,0,1,58,229,409,777
779,1,0,1,57,230,281,776
780,1,1,1,59,228,778,779
781,1,0,1,60,227,679,780
782,1,0,1,1,286,282,410
783,1,1,1,61,226,781,782
784,1,0,1,62,225,678,783
785,1,0,1,1,286,283,411
786,1,1,1,63,224,784,785
787,1,0,1,64,223,677,786
788,1,0,1,1,286,284,412
789,1,1,1,65,222,787,788
790,1,0,1,66,221,676,789
791,1,0,1,1,286,285,413
792,1,1,1,67,220,790,791
793,1,0,1,68,219,675,792
794,1,0,1,1,286,286,414
795,1,1,1,69,218,793,794
796,1,0,1,70,217,674,795
797,1,0,1,1,286,287,415
798,1,1,1,71,216,796,797
799,1,0,2,1,286,295,423
800,1,0,1,1,286,294,422
801,1,1,2,2,285,799,800
802,1,0,1,1,286,292,420
803,1,0,2,1,286,293,421
804,1,1,1,2,285,802,803
805,1,1,2,3,284,801,804
806,1,0,2,1,286,289,417
807,1,0,1,1,286,291,419
808,1,0,1,1,286,290,418
809,1,1,2,2,285,807,808
810,1,1,1,3,284,806,809
811,1,1,1,4,283,805,810
812,1,0,1,72,215,798,811
813,1,0,1,73,214,673,812
814,1,0,1,1,286,295,423
815,1,0,1,1,286,292,420
816,1,0,1,2,285,803,815
817,1,0,1,1,286,293,421
818,1,1,1,3,284,816,817
819,1,0,1,4,283,801,818
820,1,1,1,2,285,422,799
821,1,0,1,3,284,294,820
822,1,0,1,1,286,291,419
823,1,1,1,2,285,416,806
824,1,0,1,3,284,288,823
825,1,0,1,1,286,289,417
826,1,1,1,4,283,824,825
827,1,0,1,1,286,290,418
828,1,1,1,5,282,826,827
829,1,0,1,6,281,809,828
830,1,1,1,7,280,822,829
831,1,0,1,8,279,805,830
832,1,1,1,9,278,821,831
833,1,1,1,10,277,819,832
834,1,1,1,11,276,814,833
835,1,1,1,74,213,813,834
836,1,0,1,1,286,296,424
837,1,1,1,2,285,656,836
838,1,1,1,3,284,655,837
839,1,1,1,4,283,651,838
840,1,0,1,75,212,835,839
841,1,1,1,76,211,672,840
842,1,1,1,77,210,670,841
843,1,1,1,78,209,665,842
844,1,1,1,79,208,644,843
845,1,0,1,1,286,304,432
846,1,0,1,1,286,311,439
847,1,0,1,1,286,310,438
848,1,1,2,2,285,846,847
849,1,0,2,1,286,309,437
850,1,0,1,1,286,308,436
851,1,1,1,2,285,849,850
852,1,1,2,3,284,848,851
853,1,0,2,1,286,305,433
854,1,0,1,1,286,307,435
855,1,0,1,1,286,306,434
856,1,1,2,2,285,854,855
857,1,1,1,3,284,853,856
858,1,1,1,4,283,852,857
859,1,1,1,5,282,845,858
860,1,0,1,80,207,844,859
861,1,0,1,1,286,311,439
862,1,0,1,1,286,307,435
863,1,1,1,2,285,432,853
864,1,0,1,3,284,304,863
865,1,0,1,1,286,305,433
866,1,1,1,4,283,864,865
867,1,0,1,1,286,306,434
868,1,1,1,5,282,866,867
869,1,0,1,6,281,856,868
870,1,1,1,7,280,862,869
871,1,0,1,8,279,852,870
872,1,0,1,1,286,308,436
873,1,0,1,2,285,849,872
874,1,0,1,1,286,309,437
875,1,1,1,3,284,873,874
876,1,0,1,1,286,310,438
877,1,1,1,4,283,875,876
878,1,0,1,5,282,848,877
879,1,1,1,9,278,871,878
880,1,1,1,10,277,861,879
881,1,1,1,81,206,860,880
882,1,0,1,1,286,312,440
883,1,1,1,2,285,627,882
884,1,1,1,4,283,622,883
885,1,1,1,5,282,626,884
886,1,0,1,82,205,881,885
887,1,1,1,83,204,643,886
888,1,1,1,84,203,641,887
889,1,1,1,85,202,636,888
890,1,1,1,86,201,615,889
891,1,0,1,1,286,320,448
892,1,0,1,87,200,890,891
893,1,0,1,88,199,614,892
894,1,0,1,89,198,613,893
895,1,0,1,1,286,323,451
896,1,0,1,1,286,320,448
897,1,0,1,2,285,614,896
898,1,0,1,1,286,321,449
899,1,1,1,3,284,897,898
900,1,0,1,1,286,322,450
901,1,1,1,4,283,899,900
902,1,0,1,5,282,613,901
903,1,1,1,6,281,895,902
904,1,1,1,90,197,894,903
905,1,0,1,1,286,324,452
906,1,1,1,2,285,603,905
907,1,1,1,3,284,602,906
908,1,0,1,91,196,904,907
909,1,1,1,92,195,610,908
910,1,1,1,93,194,608,909
911,1,1,1,94,193,599,910
912,1,0,1,1,286,331,459
913,1,0,1,1,286,330,458
914,1,1,2,2,285,912,913
915,1,0,2,1,286,329,457
916,1,0,1,1,286,328,456
917,1,1,1,2,285,915,916
918,1,1,1,3,284,914,917
919,1,0,1,95,192,911,918
920,1,0,1,1,286,331,459
921,1,0,1,1,286,328,456
922,1,0,1,2,285,915,921
923,1,0,1,1,286,329,457
924,1,1,1,3,284,922,923
925,1,0,1,1,286,330,458
926,1,1,1,4,283,924,925
927,1,0,1,5,282,914,926
928,1,1,1,6,281,920,927
929,1,1,1,96,191,919,928
930,1,0,1,1,286,332,460
931,1,1,1,2,285,591,930
932,1,1,1,3,284,590,931
933,1,0,1,97,190,929,932
934,1,1,1,98,189,598,933
935,1,1,1,99,188,596,934
936,1,1,1,100,187,587,935
937,1,0,1,101,186,586,936
938,1,0,1,102,185,585,937
939,1,0,1,103,184,582,938
940,1,0,1,1,286,339,467
941,1,1,1,2,285,464,586
942,1,0,1,3,284,336,941
943,1,0,1,1,286,337,465
944,1,1,1,4,283,942,943
945,1,0,1,1,286,338,466
946,1,1,1,5,282,944,945
947,1,0,1,6,281,585,946
948,1,1,1,7,280,940,947
949,1,1,1,104,183,939,948
950,1,0,1,1,286,340,468
951,1,1,1,2,285,574,950
952,1,1,1,3,284,573,951
953,1,0,1,105,182,949,952
954,1,1,1,106,181,581,953
955,1,1,1,107,180,579,954
956,1,1,1,108,179,570,955
957,1,0,1,1,286,347,475
958,1,0,1,1,286,346,474
959,1,1,2,2,285,957,958
960,1,0,2,1,286,345,473
961,1,0,1,1,286,344,472
962,1,1,1,2,285,960,961
963,1,1,1,3,284,959,962
964,1,0,1,109,178,956,963
965,1,0,1,1,286,347,475
966,1,0,1,1,286,344,472
967,1,0,1,2,285,960,966
968,1,0,1,1,286,345,473
969,1,1,1,3,284,967,968
970,1,0,1,1,286,346,474
971,1,1,1,4,283,969,970
972,1,0,1,5,282,959,971
973,1,1,1,6,281,965,972
974,1,1,1,110,177,964,973
975,1,0,1,1,286,348,476
976,1,1,1,2,285,562,975
977,1,1,1,3,284,561,976
978,1,0,1,111,176,974,977
979,1,1,1,112,175,569,978
980,1,1,1,113,174,567,979
981,1,1,1,114,173,558,980
982,1,0,1,115,172,557,981
983,1,0,1,116,171,556,982
984,1,0,1,117,170,553,983
985,1,0,1,1,286,355,483
986,1,1,1,2,285,480,557
987,1,0,1,3,284,352,986
988,1,0,1,1,286,353,481
989,1,1,1,4,283,987,988
990,1,0,1,1,286,354,482
991,1,1,1,5,282,989,990
992,1,0,1,6,281,556,991
993,1,1,1,7,280,985,992
994,1,1,1,118,169,984,993
995,1,0,1,1,286,356,484
996,1,1,1,2,285,545,995
997,1,1,1,3,284,544,996
998,1,0,1,119,168,994,997
999,1,1,1,120,167,552,998
1000,1,1,1,121,166,550,999
1001,1,1,1,122,165,541,1000
1002,1,0,1,1,286,363,491
1003,1,0,1,1,286,362,490
1004,1,1,2,2,285,1002,1003
1005,1,0,2,1,286,361,489
1006,1,0,1,1,286,360,488
1007,1,1,1,2,285,1005,1006
1008,1,1,1,3,284,1004,1007
1009,1,0,1,123,164,1001,1008
1010,1,0,1,1,286,363,491
1011,1,0,1,1,286,360,488
1012,1,0,1,2,285,1005,1011
1013,1,0,1,1,286,361,489
1014,1,1,1,3,284,1012,1013
1015,1,0,1,1,286,362,490
1016,1,1,1,4,283,1014,1015
1017,1,0,1,5,282,1004,1016
1018,1,1,1,6,281,1010,1017
1019,1,1,1,124,163,1009,1018
1020,1,0,1,1,286,364,492
1021,1,1,1,2,285,533,1020
1022,1,1,1,3,284,532,1021
1023,1,0,1,125,162,1019,1022
1024,1,1,1,126,161,540,1023
1025,1,1,1,127,160,538,1024
1026,1,1,1,128,159,529,1025
1027,1,0,1,129,158,528,1026
1028,1,0,1,130,157,527,1027
1029,1,0,1,131,156,524,1028
1030,1,0,1,1,286,371,499
1031,1,1,1,2,285,496,528
1032,1,0,1,3,284,368,1031
1033,1,0,1,1,286,369,497
1034,1,1,1,4,283,1032,1033
1035,1,0,1,1,286,370,498
1036,1,1,1,5,282,1034,1035
1037,1,0,1,6,281,527,1036
1038,1,1,1,7,280,1030,1037
1039,1,1,1,132,155,1029,1038
1040,1,0,1,1,286,372,500
1041,1,1,1,2,285,516,1040
1042,1,1,1,3,284,515,1041
1043,1,0,1,133,154,1039,1042
1044,1,1,1,134,153,523,1043
1045,1,1,1,135,152,521,1044
1046,1,1,1,136,151,512,1045
1047,1,0,1,1,286,379,507
1048,1,0,1,1,286,378,506
1049,1,1,2,2,285,1047,1048
1050,1,0,2,1,286,377,505
1051,1,0,1,1,286,376,504
1052,1,1,1,2,285,1050,1051
1053,1,1,1,3,284,1049,1052
1054,1,0,1,137,150,1046,1053
1055,1,0,1,1,286,379,507
1056,1,0,1,1,286,376,504
1057,1,0,1,2,285,1050,1056
1058,1,0,1,1,286,377,505
1059,1,1,1,3,284,1057,1058
1060,1,0,1,1,286,378,506
1061,1,1,1,4,283,1059,1060
1062,1,0,1,5,282,1049,1061
1063,1,1,1,6,281,1055,1062
1064,1,1,1,138,149,1054,1063
1065,1,0,1,1,286,380,508
1066,1,0,2,1,286,383,511
1067,1,0,1,1,286,382,510
1068,1,0,1,1,286,381,509
1069,1,1,2,2,285,1067,1068
1070,1,1,1,3,284,1066,1069
1071,1,1,1,4,283,1065,1070
1072,1,0,1,139,148,1064,1071
1073,1,0,1,1,286,380,508
1074,1,0,1,1,286,381,509
1075,1,1,1,2,285,1073,1074
1076,1,0,1,3,284,1069,1075
1077,1,0,1,1,286,382,510
1078,1,1,1,4,283,1076,1077
1079,1,0,1,5,282,1066,1078
1080,1,1,2,140,147,1072,1079
1081,1,0,1,1,286,383,511
1082,1,1,255,141,146,1080,1081
1083,1,0,1,142,145,384,1082
1084,1,0,1,142,145,256,1082
1085,1,1,2,143,144,1083,1084
1086,1,1,1,141,146,511,1080
1087,1,0,3,142,145,383,1086
1088,1,0,1,1,286,119,247
1089,1,0,2,1,286,119,247
1090,1,0,1,1,286,118,246
1091,1,1,2,2,285,1089,1090
1092,1,0,2,1,286,117,245
1093,1,0,1,1,286,116,244
1094,1,0,1,2,285,1092,1093
1095,1,0,1,1,286,117,245
1096,1,1,1,3,284,1094,1095
1097,1,0,1,4,283,1091,1096
1098,1,1,1,2,285,246,1089
1099,1,0,1,3,284,118,1098
1100,1,0,1,1,286,112,240
1101,1,0,1,1,286,115,243
1102,1,0,1,1,286,114,242
1103,1,1,2,2,285,1101,1102
1104,1,0,2,1,286,113,241
1105,1,0,1,1,286,111,239
1106,1,0,2,1,286,111,239
1107,1,0,1,1,286,110,238
1108,1,1,2,2,285,1106,1107
1109,1,0,2,1,286,109,237
1110,1,0,1,1,286,108,236
1111,1,0,1,2,285,1109,1110
1112,1,0,1,1,286,109,237
1113,1,1,1,3,284,1111,1112
1114,1,0,1,4,283,1108,1113
1115,1,1,1,2,285,238,1106
1116,1,0,1,3,284,110,1115
1117,1,0,1,1,286,103,231
1118,1,0,2,1,286,103,231
1119,1,0,1,1,286,102,230
1120,1,1,2,2,285,1118,1119
1121,1,0,2,1,286,101,229
1122,1,0,1,1,286,100,228
1123,1,0,1,2,285,1121,1122
1124,1,0,1,1,286,101,229
1125,1,1,1,3,284,1123,1124
1126,1,0,1,4,283,1120,1125
1127,1,1,1,2,285,230,1118
1128,1,0,1,3,284,102,1127
1129,1,0,1,1,286,96,224
1130,1,0,1,1,286,99,227
1131,1,0,1,1,286,98,226
1132,1,1,2,2,285,1130,1131
1133,1,0,2,1,286,97,225
1134,1,0,1,1,286,95,223
1135,1,0,2,1,286,95,223
1136,1,0,1,1,286,94,222
1137,1,1,2,2,285,1135,1136
1138,1,0,2,1,286,93,221
1139,1,0,1,1,286,92,220
1140,1,0,1,2,285,1138,1139
1141,1,0,1,1,286,93,221
1142,1,1,1,3,284,1140,1141
1143,1,0,1,4,283,1137,1142
1144,1,1,1,2,285,222,1135
1145,1,0,1,3,284,94,1144
1146,1,0,1,1,286,87,215
1147,1,0,2,1,286,87,215
1148,1,0,1,1,286,86,214
1149,1,1,2,2,285,1147,1148
1150,1,0,2,1,286,85,213
1151,1,0,1,1,286,84,212
1152,1,0,1,2,285,1150,1151
1153,1,0,1,1,286,85,213
1154,1,1,1,3,284,1152,1153
1155,1,0,1,4,283,1149,1154
1156,1,1,1,2,285,214,1147
1157,1,0,1,3,284,86,1156
1158,1,0,1,1,286,80,208
1159,1,0,1,1,286,83,211
1160,1,0,1,1,286,82,210
1161,1,1,2,2,285,1159,1160
1162,1,0,2,1,286,81,209
1163,1,0,1,1,286,79,207
1164,1,0,2,1,286,79,207
1165,1,0,1,1,286,78,206
1166,1,1,2,2,285,1164,1165
1167,1,0,2,1,286,77,205
1168,1,0,1,1,286,76,204
1169,1,0,1,2,285,1167,1168
1170,1,0,1,1,286,77,205
1171,1,1,1,3,284,1169,1170
1172,1,0,1,4,283,1166,1171
1173,1,1,1,2,285,206,1164
1174,1,0,1,3,284,78,1173
1175,1,0,1,1,286,71,199
1176,1,0,2,1,286,71,199
1177,1,0,1,1,286,70,198
1178,1,1,2,2,285,1176,1177
1179,1,0,2,1,286,69,197
1180,1,0,1,1,286,68,196
1181,1,0,1,2,285,1179,1180
1182,1,0,1,1,286,69,197
1183,1,1,1,3,284,1181,1182
1184,1,0,1,4,283,1178,1183
1185,1,1,1,2,285,198,1176
1186,1,0,1,3,284,70,1185
1187,1,0,1,1,286,67,195
1188,1,0,1,1,286,66,194
1189,1,1,2,2,285,1187,1188
1190,1,0,2,1,286,65,193
1191,1,0,1,1,286,63,191
1192,1,0,2,1,286,63,191
1193,1,0,1,1,286,62,190
1194,1,1,2,2,285,1192,1193
1195,1,0,1,1,286,60,188
1196,1,0,2,1,286,61,189
1197,1,1,1,2,285,1195,1196
1198,1,1,2,3,284,1194,1197
1199,1,0,1,1,286,59,187
1200,1,0,1,1,286,59,187
1201,1,0,1,1,286,58,186
1202,1,1,2,2,285,1200,1201
1203,1,0,2,1,286,57,185
1204,1,0,1,1,286,56,184
1205,1,0,1,2,285,1203,1204
1206,1,0,1,1,286,57,185
1207,1,1,1,3,284,1205,1206
1208,1,0,1,1,286,58,186
1209,1,1,1,4,283,1207,1208
1210,1,0,1,5,282,1202,1209
1211,1,1,1,6,281,1199,1210
1212,1,0,1,7,280,1198,1211
1213,1,0,1,1,286,60,188
1214,1,0,1,2,285,1196,1213
1215,1,0,1,1,286,61,189
1216,1,1,1,3,284,1214,1215
1217,1,0,1,4,283,1194,1216
1218,1,1,1,2,285,190,1192
1219,1,0,1,3,284,62,1218
1220,1,0,1,1,286,47,175
1221,1,0,2,1,286,47,175
1222,1,0,1,1,286,46,174
1223,1,1,2,2,285,1221,1222
1224,1,0,1,1,286,44,172
1225,1,0,2,1,286,45,173
1226,1,1,1,2,285,1224,1225
1227,1,1,2,3,284,1223,1226
1228,1,0,1,1,286,43,171
1229,1,0,1,1,286,43,171
1230,1,0,1,1,286,42,170
1231,1,1,2,2,285,1229,1230
1232,1,0,2,1,286,41,169
1233,1,0,1,1,286,40,168
1234,1,0,1,2,285,1232,1233
1235,1,0,1,1,286,41,169
1236,1,1,1,3,284,1234,1235
1237,1,0,1,1,286,42,170
1238,1,1,1,4,283,1236,1237
1239,1,0,1,5,282,1231,1238
1240,1,1,1,6,281,1228,1239
1241,1,0,1,7,280,1227,1240
1242,1,0,1,1,286,44,172
1243,1,0,1,2,285,1225,1242
1244,1,0,1,1,286,45,173
1245,1,1,1,3,284,1243,1244
1246,1,0,1,4,283,1223,1245
1247,1,1,1,2,285,174,1221
1248,1,0,1,3,284,46,1247
1249,1,0,1,1,286,32,160
1250,1,0,1,1,286,31,159
1251,1,0,1,1,286,30,158
1252,1,0,1,1,286,29,157
1253,1,0,1,1,286,28,156
1254,1,0,1,1,286,27,155
1255,1,0,1,1,286,26,154
1256,1,0,1,1,286,23,151
1257,1,0,1,1,286,22,150
1258,1,0,1,1,286,21,149
1259,1,0,1,1,286,20,148
1260,1,0,1,1,286,19,147
1261,1,0,1,1,286,18,146
1262,1,0,1,1,286,15,143
1263,1,0,1,1,286,14,142
1264,1,0,1,1,286,13,141
1265,1,0,1,1,286,12,140
1266,1,0,1,1,286,11,139
1267,1,0,1,1,286,10,138
1268,1,0,1,1,286,7,135
1269,1,0,1,1,286,6,134
1270,1,0,1,1,286,3,131
1271,1,0,1,1,286,0,128
1272,1,0,1,1,286,1,129
1273,1,1,1,2,285,1271,1272
1274,1,0,1,1,286,2,130
1275,1,0,1,1,286,1,129
1276,1,1,1,2,285,1274,1275
1277,1,0,1,3,284,1273,1276
1278,1,0,1,1,286,2,130
1279,1,1,1,4,283,1277,1278
1280,1,0,1,5,282,1270,1279
1281,1,0,1,1,286,3,131
1282,1,1,2,6,281,1280,1281
1283,1,1,1,7,280,4,1282
1284,1,0,1,8,279,132,1283
1285,1,0,1,7,280,4,1282
1286,1,1,2,9,278,1284,1285
1287,1,1,1,10,277,5,1286
1288,1,0,1,11,276,133,1287
1289,1,0,1,10,277,5,1286
1290,1,1,1,12,275,1288,1289
1291,1,0,1,13,274,1269,1290
1292,1,0,1,1,286,6,134
1293,1,1,1,14,273,1291,1292
1294,1,0,1,15,272,1268,1293
1295,1,0,1,1,286,7,135
1296,1,1,2,16,271,1294,1295
1297,1,1,1,17,270,8,1296
1298,1,0,1,18,269,136,1297
1299,1,0,1,17,270,8,1296
1300,1,1,2,19,268,1298,1299
1301,1,1,1,20,267,9,1300
1302,1,0,1,21,266,137,1301
1303,1,0,1,20,267,9,1300
1304,1,1,1,22,265,1302,1303
1305,1,0,1,23,264,1267,1304
1306,1,0,1,1,286,10,138
1307,1,1,1,24,263,1305,1306
1308,1,0,1,25,262,1266,1307
1309,1,0,1,1,286,11,139
1310,1,1,1,26,261,1308,1309
1311,1,0,1,27,260,1265,1310
1312,1,0,1,1,286,12,140
1313,1,1,1,28,259,1311,1312
1314,1,0,1,29,258,1264,1313
1315,1,0,1,1,286,13,141
1316,1,1,1,30,257,1314,1315
1317,1,0,1,31,256,1263,1316
1318,1,0,1,1,286,14,142
1319,1,1,1,32,255,1317,1318
1320,1,0,1,33,254,1262,1319
1321,1,0,1,1,286,15,143
1322,1,1,2,34,253,1320,1321
1323,1,1,1,35,252,16,1322
1324,1,0,1,36,251,144,1323
1325,1,0,1,35,252,16,1322
1326,1,1,2,37,250,1324,1325
1327,1,1,1,38,249,17,1326
1328,1,0,1,39,248,145,1327
1329,1,0,1,38,249,17,1326
1330,1,1,1,40,247,1328,1329
1331,1,0,1,41,246,1261,1330
1332,1,0,1,1,286,18,146
1333,1,1,1,42,245,1331,1332
1334,1,0,1,43,244,1260,1333
1335,1,0,1,1,286,19,147
1336,1,1,1,44,243,1334,1335
1337,1,0,1,45,242,1259,1336
1338,1,0,1,1,286,20,148
1339,1,1,1,46,241,1337,1338
1340,1,0,1,47,240,1258,1339
1341,1,0,1,1,286,21,149
1342,1,1,1,48,239,1340,1341
1343,1,0,1,49,238,1257,1342
1344,1,0,1,1,286,22,150
1345,1,1,1,50,237,1343,1344
1346,1,0,1,51,236,1256,1345
1347,1,0,1,1,286,23,151
1348,1,1,2,52,235,1346,1347
1349,1,1,1,53,234,24,1348
1350,1,0,1,54,233,152,1349
1351,1,0,1,53,234,24,1348
1352,1,1,2,55,232,1350,1351
1353,1,1,1,56,231,25,1352
1354,1,0,1,57,230,153,1353
1355,1,0,1,56,231,25,1352
1356,1,1,1,58,229,1354,1355
1357,1,0,1,59,228,1255,1356
1358,1,0,1,1,286,26,154
1359,1,1,1,60,227,1357,1358
1360,1,0,1,61,226,1254,1359
1361,1,0,1,1,286,27,155
1362,1,1,1,62,225,1360,1361
1363,1,0,1,63,224,1253,1362
1364,1,0,1,1,286,28,156
1365,1,1,1,64,223,1363,1364
1366,1,0,1,65,222,1252,1365
1367,1,0,1,1,286,29,157
1368,1,1,1,66,221,1366,1367
1369,1,0,1,67,220,1251,1368
1370,1,0,1,1,286,30,158
1371,1,1,1,68,219,1369,1370
1372,1,0,1,69,218,1250,1371
1373,1,0,1,1,286,31,159
1374,1,1,1,70,217,1372,1373
1375,1,0,2,1,286,39,167
1376,1,0,1,1,286,38,166
1377,1,1,2,2,285,1375,1376
1378,1,0,1,1,286,36,164
1379,1,0,2,1,286,37,165
1380,1,1,1,2,285,1378,1379
1381,1,1,2,3,284,1377,1380
1382,1,0,2,1,286,33,161
1383,1,0,1,1,286,35,163
1384,1,0,1,1,286,34,162
1385,1,1,2,2,285,1383,1384
1386,1,1,1,3,284,1382,1385
1387,1,1,1,4,283,1381,1386
1388,1,0,1,71,216,1374,1387
1389,1,0,1,72,215,1249,1388
1390,1,0,1,1,286,39,167
1391,1,0,1,1,286,36,164
1392,1,0,1,2,285,1379,1391
1393,1,0,1,1,286,37,165
1394,1,1,1,3,284,1392,1393
1395,1,0,1,4,283,1377,1394
1396,1,1,1,2,285,166,1375
1397,1,0,1,3,284,38,1396
1398,1,0,1,1,286,35,163
1399,1,1,1,2,285,160,1382
1400,1,0,1,3,284,32,1399
1401,1,0,1,1,286,33,161
1402,1,1,1,4,283,1400,1401
1403,1,0,1,1,286,34,162
1404,1,1,1,5,282,1402,1403
1405,1,0,1,6,281,1385,1404
1406,1,1,1,7,280,1398,1405
1407,1,0,1,8,279,1381,1406
1408,1,1,1,9,278,1397,1407
1409,1,1,1,10,277,1395,1408
1410,1,1,1,11,276,1390,1409
1411,1,1,1,73,214,1389,1410
1412,1,0,1,1,286,40,168
1413,1,1,1,2,285,1232,1412
1414,1,1,1,3,284,1231,1413
1415,1,1,1,4,283,1227,1414
1416,1,0,1,74,213,1411,1415
1417,1,1,1,75,212,1248,1416
1418,1,1,1,76,211,1246,1417
1419,1,1,1,77,210,1241,1418
1420,1,1,1,78,209,1220,1419
1421,1,0,1,1,286,48,176
1422,1,0,1,1,286,55,183
1423,1,0,1,1,286,54,182
1424,1,1,2,2,285,1422,1423
1425,1,0,2,1,286,53,181
1426,1,0,1,1,286,52,180
1427,1,1,1,2,285,1425,1426
1428,1,1,2,3,284,1424,1427
1429,1,0,2,1,286,49,177
1430,1,0,1,1,286,51,179
1431,1,0,1,1,286,50,178
1432,1,1,2,2,285,1430,1431
1433,1,1,1,3,284,1429,1432
1434,1,1,1,4,283,1428,1433
1435,1,1,1,5,282,1421,1434
1436,1,0,1,79,208,1420,1435
1437,1,0,1,1,286,55,183
1438,1,0,1,1,286,51,179
1439,1,1,1,2,285,176,1429
1440,1,0,1,3,284,48,1439
1441,1,0,1,1,286,49,177
1442,1,1,1,4,283,1440,1441
1443,1,0,1,1,286,50,178
1444,1,1,1,5,282,1442,1443
1445,1,0,1,6,281,1432,1444
1446,1,1,1,7,280,1438,1445
1447,1,0,1,8,279,1428,1446
1448,1,0,1,1,286,52,180
1449,1,0,1,2,285,1425,1448
1450,1,0,1,1,286,53,181
1451,1,1,1,3,284,1449,1450
1452,1,0,1,1,286,54,182
1453,1,1,1,4,283,1451,1452
1454,1,0,1,5,282,1424,1453
1455,1,1,1,9,278,1447,1454
1456,1,1,1,10,277,1437,1455
1457,1,1,1,80,207,1436,1456
1458,1,0,1,1,286,56,184
1459,1,1,1,2,285,1203,1458
1460,1,1,1,4,283,1198,1459
1461,1,1,1,5,282,1202,1460
1462,1,0,1,81,206,1457,1461
1463,1,1,1,82,205,1219,1462
1464,1,1,1,83,204,1217,1463
1465,1,1,1,84,203,1212,1464
1466,1,1,1,85,202,1191,1465
1467,1,0,1,1,286,64,192
1468,1,0,1,86,201,1466,1467
1469,1,0,1,87,200,1190,1468
1470,1,0,1,88,199,1189,1469
1471,1,0,1,1,286,67,195
1472,1,0,1,1,286,64,192
1473,1,0,1,2,285,1190,1472
1474,1,0,1,1,286,65,193
1475,1,1,1,3,284,1473,1474
1476,1,0,1,1,286,66,194
1477,1,1,1,4,283,1475,1476
1478,1,0,1,5,282,1189,1477
1479,1,1,1,6,281,1471,1478
1480,1,1,1,89,198,1470,1479
1481,1,0,1,1,286,68,196
1482,1,1,1,2,285,1179,1481
1483,1,1,1,3,284,1178,1482
1484,1,0,1,90,197,1480,1483
1485,1,1,1,91,196,1186,1484
1486,1,1,1,92,195,1184,1485
1487,1,1,1,93,194,1175,1486
1488,1,0,1,1,286,75,203
1489,1,0,1,1,286,74,202
1490,1,1,2,2,285,1488,1489
1491,1,0,2,1,286,73,201
1492,1,0,1,1,286,72,200
1493,1,1,1,2,285,1491,1492
1494,1,1,1,3,284,1490,1493
1495,1,0,1,94,193,1487,1494
1496,1,0,1,1,286,75,203
1497,1,0,1,1,286,72,200
1498,1,0,1,2,285,1491,1497
1499,1,0,1,1,286,73,201
1500,1,1,1,3,284,1498,1499
1501,1,0,1,1,286,74,202
1502,1,1,1,4,283,1500,1501
1503,1,0,1,5,282,1490,1502
1504,1,1,1,6,281,1496,1503
1505,1,1,1,95,192,1495,1504
1506,1,0,1,1,286,76,204
1507,1,1,1,2,285,1167,1506
1508,1,1,1,3,284,1166,1507
1509,1,0,1,96,191,1505,1508
1510,1,1,1,97,190,1174,1509
1511,1,1,1,98,189,1172,1510
1512,1,1,1,99,188,1163,1511
1513,1,0,1,100,187,1162,1512
1514,1,0,1,101,186,1161,1513
1515,1,0,1,102,185,1158,1514
1516,1,0,1,1,286,83,211
1517,1,1,1,2,285,208,1162
1518,1,0,1,3,284,80,1517
1519,1,0,1,1,286,81,209
1520,1,1,1,4,283,1518,1519
1521,1,0,1,1,286,82,210
1522,1,1,1,5,282,1520,1521
1523,1,0,1,6,281,1161,1522
1524,1,1,1,7,280,1516,1523
1525,1,1,1,103,184,1515,1524
1526,1,0,1,1,286,84,212
1527,1,1,1,2,285,1150,1526
1528,1,1,1,3,284,1149,1527
1529,1,0,1,104,183,1525,1528
1530,1,1,1,105,182,1157,1529
1531,1,1,1,106,181,1155,1530
1532,1,1,1,107,180,1146,1531
1533,1,0,1,1,286,91,219
1534,1,0,1,1,286,90,218
1535,1,1,2,2,285,1533,1534
1536,1,0,2,1,286,89,217
1537,1,0,1,1,286,88,216
1538,1,1,1,2,285,1536,1537
1539,1,1,1,3,284,1535,1538
1540,1,0,1,108,179,1532,1539
1541,1,0,1,1,286,91,219
1542,1,0,1,1,286,88,216
1543,1,0,1,2,285,1536,1542
1544,1,0,1,1,286,89,217
1545,1,1,1,3,284,1543,1544
1546,1,0,1,1,286,90,218
1547,1,1,1,4,283,1545,1546
1548,1,0,1,5,282,1535,1547
1549,1,1,1,6,281,1541,1548
1550,1,1,1,109,178,1540,1549
1551,1,0,1,1,286,92,220
1552,1,1,1,2,285,1138,1551
1553,1,1,1,3,284,1137,1552
1554,1,0,1,110,177,1550,1553
1555,1,1,1,111,176,1145,1554
1556,1,1,1,112,175,1143,1555
1557,1,1,1,113,174,1134,1556
1558,1,0,1,114,173,1133,1557
1559,1,0,1,115,172,1132,1558
1560,1,0,1,116,171,1129,1559
1561,1,0,1,1,286,99,227
1562,1,1,1,2,285,224,1133
1563,1,0,1,3,284,96,1562
1564,1,0,1,1,286,97,225
1565,1,1,1,4,283,1563,1564
1566,1,0,1,1,286,98,226
1567,1,1,1,5,282,1565,1566
1568,1,0,1,6,281,1132,1567
1569,1,1,1,7,280,1561,1568
1570,1,1,1,117,170,1560,1569
1571,1,0,1,1,286,100,228
1572,1,1,1,2,285,1121,1571
1573,1,1,1,3,284,1120,1572
1574,1,0,1,118,169,1570,1573
1575,1,1,1,119,168,1128,1574
1576,1,1,1,120,167,1126,1575
1577,1,1,1,121,166,1117,1576
1578,1,0,1,1,286,107,235
1579,1,0,1,1,286,106,234
1580,1,1,2,2,285,1578,1579
1581,1,0,2,1,286,105,233
1582,1,0,1,1,286,104,232
1583,1,1,1,2,285,1581,1582
1584,1,1,1,3,284,1580,1583
1585,1,0,1,122,165,1577,1584
1586,1,0,1,1,286,107,235
1587,1,0,1,1,286,104,232
1588,1,0,1,2,285,1581,1587
1589,1,0,1,1,286,105,233
1590,1,1,1,3,284,1588,1589
1591,1,0,1,1,286,106,234
1592,1,1,1,4,283,1590,1591
1593,1,0,1,5,282,1580,1592
1594,1,1,1,6,281,1586,1593
1595,1,1,1,123,164,1585,1594
1596,1,0,1,1,286,108,236
1597,1,1,1,2,285,1109,1596
1598,1,1,1,3,284,1108,1597
1599,1,0,1,124,163,1595,1598
1600,1,1,1,125,162,1116,1599
1601,1,1,1,126,161,1114,1600
1602,1,1,1,127,160,1105,1601
1603,1,0,1,128,159,1104,1602
1604,1,0,1,129,158,1103,1603
1605,1,0,1,130,157,1100,1604
1606,1,0,1,1,286,115,243
1607,1,1,1,2,285,240,1104
1608,1,0,1,3,284,112,1607
1609,1,0,1,1,286,113,241
1610,1,1,1,4,283,1608,1609
1611,1,0,1,1,286,114,242
1612,1,1,1,5,282,1610,1611
1613,1,0,1,6,281,1103,1612
1614,1,1,1,7,280,1606,1613
1615,1,1,1,131,156,1605,1614
1616,1,0,1,1,286,116,244
1617,1,1,1,2,285,1092,1616
1618,1,1,1,3,284,1091,1617
1619,1,0,1,132,155,1615,1618
1620,1,1,1,133,154,1099,1619
1621,1,1,1,134,153,1097,1620
1622,1,1,1,135,152,1088,1621
1623,1,0,1,1,286,123,251
1624,1,0,1,1,286,122,250
1625,1,1,2,2,285,1623,1624
1626,1,0,2,1,286,121,249
1627,1,0,1,1,286,120,248
1628,1,1,1,2,285,1626,1627
1629,1,1,1,3,284,1625,1628
1630,1,0,1,136,151,1622,1629
1631,1,0,1,1,286,123,251
1632,1,0,1,1,286,120,248
1633,1,0,1,2,285,1626,1632
1634,1,0,1,1,286,121,249
1635,1,1,1,3,284,1633,1634
1636,1,0,1,1,286,122,250
1637,1,1,1,4,283,1635,1636
1638,1,0,1,5,282,1625,1637
1639,1,1,1,6,281,1631,1638
1640,1,1,1,137,150,1630,1639
1641,1,0,1,1,286,124,252
1642,1,0,2,1,286,127,255
1643,1,0,1,1,286,126,254
1644,1,0,1,1,286,125,253
1645,1,1,2,2,285,1643,1644
1646,1,1,1,3,284,1642,1645
1647,1,1,1,4,283,1641,1646
1648,1,0,1,138,149,1640,1647
1649,1,0,1,1,286,124,252
1650,1,0,1,1,286,125,253
1651,1,1,1,2,285,1649,1650
1652,1,0,1,3,284,1645,1651
1653,1,0,1,1,286,126,254
1654,1,1,1,4,283,1652,1653
1655,1,0,1,5,282,1642,1654
1656,1,1,2,139,148,1648,1655
1657,1,1,1,140,147,255,1656
1658,1,0,3,141,146,127,1657
1659,1,0,1,143,144,1087,1658
1660,1,0,1,1,286,127,255
1661,1,1,255,140,147,1656,1660
1662,1,0,1,141,146,247,1661
1663,1,0,1,141,146,119,1661
1664,1,1,3,142,145,1662,1663
1665,1,0,1,142,145,503,1082
1666,1,0,1,142,145,375,1082
1667,1,1,3,143,144,1665,1666
1668,1,0,1,144,143,1664,1667
1669,1,0,2,144,143,1664,1667
1670,1,0,1,142,145,502,1082
1671,1,0,1,142,145,374,1082
1672,1,1,3,143,144,1670,1671
1673,1,0,1,141,146,246,1661
1674,1,0,1,141,146,118,1661
1675,1,1,3,142,145,1673,1674
1676,1,0,1,144,143,1672,1675
1677,1,1,2,145,142,1669,1676
1678,1,0,1,141,146,244,1661
1679,1,0,1,141,146,116,1661
1680,1,1,3,142,145,1678,1679
1681,1,0,1,141,146,245,1661
1682,1,0,1,141,146,117,1661
1683,1,1,3,142,145,1681,1682
1684,1,0,1,142,145,501,1082
1685,1,0,1,142,145,373,1082
1686,1,1,3,143,144,1684,1685
1687,1,0,2,144,143,1683,1686
1688,1,0,1,142,145,500,1082
1689,1,0,1,142,145,372,1082
1690,1,1,3,143,144,1688,1689
1691,1,1,1,145,142,1687,1690
1692,1,0,1,146,141,1680,1691
1693,1,0,1,144,143,1683,1686
1694,1,1,1,147,140,1692,1693
1695,1,0,1,148,139,1677,1694
1696,1,0,1,144,143,1672,1675
1697,1,0,1,145,142,1669,1696
1698,1,0,1,142,145,496,1082
1699,1,0,1,142,145,368,1082
1700,1,1,3,143,144,1698,1699
1701,1,0,1,141,146,240,1661
1702,1,0,1,141,146,112,1661
1703,1,1,3,142,145,1701,1702
1704,1,0,1,144,143,1700,1703
1705,1,0,1,141,146,243,1661
1706,1,0,1,141,146,115,1661
1707,1,1,3,142,145,1705,1706
1708,1,0,1,142,145,499,1082
1709,1,0,1,142,145,371,1082
1710,1,1,3,143,144,1708,1709
1711,1,0,1,144,143,1707,1710
1712,1,0,1,142,145,498,1082
1713,1,0,1,142,145,370,1082
1714,1,1,3,143,144,1712,1713
1715,1,0,1,141,146,242,1661
1716,1,0,1,141,146,114,1661
1717,1,1,3,142,145,1715,1716
1718,1,0,1,144,143,1714,1717
1719,1,1,2,145,142,1711,1718
1720,1,0,1,141,146,241,1661
1721,1,0,1,141,146,113,1661
1722,1,1,3,142,145,1720,1721
1723,1,0,1,142,145,497,1082
1724,1,0,1,142,145,369,1082
1725,1,1,3,143,144,1723,1724
1726,1,0,2,144,143,1722,1725
1727,1,0,1,141,146,239,1661
1728,1,0,1,141,146,111,1661
1729,1,1,3,142,145,1727,1728
1730,1,0,1,142,145,495,1082
1731,1,0,1,142,145,367,1082
1732,1,1,3,143,144,1730,1731
1733,1,0,1,144,143,1729,1732
1734,1,0,2,144,143,1729,1732
1735,1,0,1,142,145,494,1082
1736,1,0,1,142,145,366,1082
1737,1,1,3,143,144,1735,1736
1738,1,0,1,141,146,238,1661
1739,1,0,1,141,146,110,1661
1740,1,1,3,142,145,1738,1739
1741,1,0,1,144,143,1737,1740
1742,1,1,2,145,142,1734,1741
1743,1,0,1,141,146,237,1661
1744,1,0,1,141,146,109,1661
1745,1,1,3,142,145,1743,1744
1746,1,0,1,142,145,493,1082
1747,1,0,1,142,145,365,1082
1748,1,1,3,143,144,1746,1747
1749,1,0,2,144,143,1745,1748
1750,1,0,1,141,146,236,1661
1751,1,0,1,141,146,108,1661
1752,1,1,3,142,145,1750,1751
1753,1,0,1,142,145,492,1082
1754,1,0,1,142,145,364,1082
1755,1,1,3,143,144,1753,1754
1756,1,0,1,144,143,1752,1755
1757,1,0,1,145,142,1749,1756
1758,1,0,1,144,143,1745,1748
1759,1,1,1,146,141,1757,1758
1760,1,0,1,147,140,1742,1759
1761,1,0,1,144,143,1737,1740
1762,1,0,1,145,142,1734,1761
1763,1,0,1,141,146,231,1661
1764,1,0,1,141,146,103,1661
1765,1,1,3,142,145,1763,1764
1766,1,0,1,142,145,487,1082
1767,1,0,1,142,145,359,1082
1768,1,1,3,143,144,1766,1767
1769,1,0,1,144,143,1765,1768
1770,1,0,2,144,143,1765,1768
1771,1,0,1,142,145,486,1082
1772,1,0,1,142,145,358,1082
1773,1,1,3,143,144,1771,1772
1774,1,0,1,141,146,230,1661
1775,1,0,1,141,146,102,1661
1776,1,1,3,142,145,1774,1775
1777,1,0,1,144,143,1773,1776
1778,1,1,2,145,142,1770,1777
1779,1,0,1,141,146,229,1661
1780,1,0,1,141,146,101,1661
1781,1,1,3,142,145,1779,1780
1782,1,0,1,142,145,485,1082
1783,1,0,1,142,145,357,1082
1784,1,1,3,143,144,1782,1783
1785,1,0,2,144,143,1781,1784
1786,1,0,1,141,146,228,1661
1787,1,0,1,141,146,100,1661
1788,1,1,3,142,145,1786,1787
1789,1,0,1,142,145,484,1082
1790,1,0,1,142,145,356,1082
1791,1,1,3,143,144,1789,1790
1792,1,0,1,144,143,1788,1791
1793,1,0,1,145,142,1785,1792
1794,1,0,1,144,143,1781,1784
1795,1,1,1,146,141,1793,1794
1796,1,0,1,147,140,1778,1795
1797,1,0,1,144,143,1773,1776
1798,1,0,1,145,142,1770,1797
1799,1,0,1,142,145,480,1082
1800,1,0,1,142,145,352,1082
1801,1,1,3,143,144,1799,1800
1802,1,0,1,141,146,224,1661
1803,1,0,1,141,146,96,1661
1804,1,1,3,142,145,1802,1803
1805,1,0,1,144,143,1801,1804
1806,1,0,1,141,146,227,1661
1807,1,0,1,141,146,99,1661
1808,1,1,3,142,145,1806,1807
1809,1,0,1,142,145,483,1082
1810,1,0,1,142,145,355,1082
1811,1,1,3,143,144,1809,1810
1812,1,0,1,144,143,1808,1811
1813,1,0,1,142,145,482,1082
1814,1,0,1,142,145,354,1082
1815,1,1,3,143,144,1813,1814
1816,1,0,1,141,146,226,1661
1817,1,0,1,141,146,98,1661
1818,1,1,3,142,145,1816,1817
1819,1,0,1,144,143,1815,1818
1820,1,1,2,145,142,1812,1819
1821,1,0,1,141,146,225,1661
1822,1,0,1,141,146,97,1661
1823,1,1,3,142,145,1821,1822
1824,1,0,1,142,145,481,1082
1825,1,0,1,142,145,353,1082
1826,1,1,3,143,144,1824,1825
1827,1,0,2,144,143,1823,1826
1828,1,0,1,141,146,223,1661
1829,1,0,1,141,146,95,1661
1830,1,1,3,142,145,1828,1829
1831,1,0,1,142,145,479,1082
1832,1,0,1,142,145,351,1082
1833,1,1,3,143,144,1831,1832
1834,1,0,1,144,143,1830,1833
1835,1,0,2,144,143,1830,1833
1836,1,0,1,142,145,478,1082
1837,1,0,1,142,145,350,1082
1838,1,1,3,143,144,1836,1837
1839,1,0,1,141,146,222,1661
1840,1,0,1,141,146,94,1661
1841,1,1,3,142,145,1839,1840
1842,1,0,1,144,143,1838,1841
1843,1,1,2,145,142,1835,1842
1844,1,0,1,141,146,221,1661
1845,1,0,1,141,146,93,1661
1846,1,1,3,142,145,1844,1845
1847,1,0,1,142,145,477,1082
1848,1,0,1,142,145,349,1082
1849,1,1,3,143,144,1847,1848
1850,1,0,2,144,143,1846,1849
1851,1,0,1,141,146,220,1661
1852,1,0,1,141,146,92,1661
1853,1,1,3,142,145,1851,1852
1854,1,0,1,142,145,476,1082
1855,1,0,1,142,145,348,1082
1856,1,1,3,143,144,1854,1855
1857,1,0,1,144,143,1853,1856
1858,1,0,1,145,142,1850,1857
1859,1,0,1,144,143,1846,1849
1860,1,1,1,146,141,1858,1859
1861,1,0,1,147,140,1843,1860
1862,1,0,1,144,143,1838,1841
1863,1,0,1,145,142,1835,1862
1864,1,0,1,141,146,215,1661
1865,1,0,1,141,146,87,1661
1866,1,1,3,142,145,1864,1865
1867,1,0,1,142,145,471,1082
1868,1,0,1,142,145,343,1082
1869,1,1,3,143,144,1867,1868
1870,1,0,1,144,143,1866,1869
1871,1,0,2,144,143,1866,1869
1872,1,0,1,142,145,470,1082
1873,1,0,1,142,145,342,1082
1874,1,1,3,143,144,1872,1873
1875,1,0,1,141,146,214,1661
1876,1,0,1,141,146,86,1661
1877,1,1,3,142,145,1875,1876
1878,1,0,1,144,143,1874,1877
1879,1,1,2,145,142,1871,1878
1880,1,0,1,141,146,213,1661
1881,1,0,1,141,146,85,1661
1882,1,1,3,142,145,1880,1881
1883,1,0,1,142,145,469,1082
1884,1,0,1,142,145,341,1082
1885,1,1,3,143,144,1883,1884
1886,1,0,2,144,143,1882,1885
1887,1,0,1,141,146,212,1661
1888,1,0,1,141,146,84,1661
1889,1,1,3,142,145,1887,1888
1890,1,0,1,142,145,468,1082
1891,1,0,1,142,145,340,1082
1892,1,1,3,143,144,1890,1891
1893,1,0,1,144,143,1889,1892
1894,1,0,1,145,142,1886,1893
1895,1,0,1,144,143,1882,1885
1896,1,1,1,146,141,1894,1895
1897,1,0,1,147,140,1879,1896
1898,1,0,1,144,143,1874,1877
1899,1,0,1,145,142,1871,1898
1900,1,0,1,142,145,464,1082
1901,1,0,1,142,145,336,1082
1902,1,1,3,143,144,1900,1901
1903,1,0,1,141,146,208,1661
1904,1,0,1,141,146,80,1661
1905,1,1,3,142,145,1903,1904
1906,1,0,1,144,143,1902,1905
1907,1,0,1,141,146,211,1661
1908,1,0,1,141,146,83,1661
1909,1,1,3,142,145,1907,1908
1910,1,0,1,142,145,467,1082
1911,1,0,1,142,145,339,1082
1912,1,1,3,143,144,1910,1911
1913,1,0,1,144,143,1909,1912
1914,1,0,1,142,145,466,1082
1915,1,0,1,142,145,338,1082
1916,1,1,3,143,144,1914,1915
1917,1,0,1,141,146,210,1661
1918,1,0,1,141,146,82,1661
1919,1,1,3,142,145,1917,1918
1920,1,0,1,144,143,1916,1919
1921,1,1,2,145,142,1913,1920
1922,1,0,1,141,146,209,1661
1923,1,0,1,141,146,81,1661
1924,1,1,3,142,145,1922,1923
1925,1,0,1,142,145,465,1082
1926,1,0,1,142,145,337,1082
1927,1,1,3,143,144,1925,1926
1928,1,0,2,144,143,1924,1927
1929,1,0,1,141,146,207,1661
1930,1,0,1,141,146,79,1661
1931,1,1,3,142,145,1929,1930
1932,1,0,1,142,145,463,1082
1933,1,0,1,142,145,335,1082
1934,1,1,3,143,144,1932,1933
1935,1,0,1,144,143,1931,1934
1936,1,0,2,144,143,1931,1934
1937,1,0,1,142,145,462,1082
1938,1,0,1,142,145,334,1082
1939,1,1,3,143,144,1937,1938
1940,1,0,1,141,146,206,1661
1941,1,0,1,141,146,78,1661
1942,1,1,3,142,145,1940,1941
1943,1,0,1,144,143,1939,1942
1944,1,1,2,145,142,1936,1943
1945,1,0,1,141,146,205,1661
1946,1,0,1,141,146,77,1661
1947,1,1,3,142,145,1945,1946
1948,1,0,1,142,145,461,1082
1949,1,0,1,142,145,333,1082
1950,1,1,3,143,144,1948,1949
1951,1,0,2,144,143,1947,1950
1952,1,0,1,141,146,204,1661
1953,1,0,1,141,146,76,1661
1954,1,1,3,142,145,1952,1953
1955,1,0,1,142,145,460,1082
1956,1,0,1,142,145,332,1082
1957,1,1,3,143,144,1955,1956
1958,1,0,1,144,143,1954,1957
1959,1,0,1,145,142,1951,1958
1960,1,0,1,144,143,1947,1950
1961,1,1,1,146,141,1959,1960
1962,1,0,1,147,140,1944,1961
1963,1,0,1,144,143,1939,1942
1964,1,0,1,145,142,1936,1963
1965,1,0,1,141,146,199,1661
1966,1,0,1,141,146,71,1661
1967,1,1,3,142,145,1965,1966
1968,1,0,1,142,145,455,1082
1969,1,0,1,142,145,327,1082
1970,1,1,3,143,144,1968,1969
1971,1,0,1,144,143,1967,1970
1972,1,0,2,144,143,1967,1970
1973,1,0,1,142,145,454,1082
1974,1,0,1,142,145,326,1082
1975,1,1,3,143,144,1973,1974
1976,1,0,1,141,146,198,1661
1977,1,0,1,141,146,70,1661
1978,1,1,3,142,145,1976,1977
1979,1,0,1,144,143,1975,1978
1980,1,1,2,145,142,1972,1979
1981,1,0,1,141,146,197,1661
1982,1,0,1,141,146,69,1661
1983,1,1,3,142,145,1981,1982
1984,1,0,1,142,145,453,1082
1985,1,0,1,142,145,325,1082
1986,1,1,3,143,144,1984,1985
1987,1,0,2,144,143,1983,1986
1988,1,0,1,141,146,196,1661
1989,1,0,1,141,146,68,1661
1990,1,1,3,142,145,1988,1989
1991,1,0,1,142,145,452,1082
1992,1,0,1,142,145,324,1082
1993,1,1,3,143,144,1991,1992
1994,1,0,1,144,143,1990,1993
1995,1,0,1,145,142,1987,1994
1996,1,0,1,144,143,1983,1986
1997,1,1,1,146,141,1995,1996
1998,1,0,1,147,140,1980,1997
1999,1,0,1,144,143,1975,1978
2000,1,0,1,145,142,1972,1999
2001,1,0,1,141,146,195,1661
2002,1,0,1,141,146,67,1661
2003,1,1,3,142,145,2001,2002
2004,1,0,1,142,145,451,1082
2005,1,0,1,142,145,323,1082
2006,1,1,3,143,144,2004,2005
2007,1,0,1,144,143,2003,2006
2008,1,0,1,142,145,450,1082
2009,1,0,1,142,145,322,1082
2010,1,1,3,143,144,2008,2009
2011,1,0,1,141,146,194,1661
2012,1,0,1,141,146,66,1661
2013,1,1,3,142,145,2011,2012
2014,1,0,1,144,143,2010,2013
2015,1,1,2,145,142,2007,2014
2016,1,0,1,142,145,448,1082
2017,1,0,1,142,145,320,1082
2018,1,1,3,143,144,2016,2017
2019,1,0,1,141,146,192,1661
2020,1,0,1,141,146,64,1661
2021,1,1,3,142,145,2019,2020
2022,1,0,1,144,143,2018,2021
2023,1,0,1,141,146,193,1661
2024,1,0,1,141,146,65,1661
2025,1,1,3,142,145,2023,2024
2026,1,0,1,142,145,449,1082
2027,1,0,1,142,145,321,1082
2028,1,1,3,143,144,2026,2027
2029,1,0,2,144,143,2025,2028
2030,1,0,1,141,146,191,1661
2031,1,0,1,141,146,63,1661
2032,1,1,3,142,145,2030,2031
2033,1,0,1,142,145,447,1082
2034,1,0,1,142,145,319,1082
2035,1,1,3,143,144,2033,2034
2036,1,0,1,144,143,2032,2035
2037,1,0,2,144,143,2032,2035
2038,1,0,1,142,145,446,1082
2039,1,0,1,142,145,318,1082
2040,1,1,3,143,144,2038,2039
2041,1,0,1,141,146,190,1661
2042,1,0,1,141,146,62,1661
2043,1,1,3,142,145,2041,2042
2044,1,0,1,144,143,2040,2043
2045,1,1,2,145,142,2037,2044
2046,1,0,1,141,146,188,1661
2047,1,0,1,141,146,60,1661
2048,1,1,3,142,145,2046,2047
2049,1,0,1,142,145,444,1082
2050,1,0,1,142,145,316,1082
2051,1,1,3,143,144,2049,2050
2052,1,0,1,144,143,2048,2051
2053,1,0,1,141,146,189,1661
2054,1,0,1,141,146,61,1661
2055,1,1,3,142,145,2053,2054
2056,1,0,1,142,145,445,1082
2057,1,0,1,142,145,317,1082
2058,1,1,3,143,144,2056,2057
2059,1,0,2,144,143,2055,2058
2060,1,1,1,145,142,2052,2059
2061,1,1,2,146,141,2045,2060
2062,1,0,1,141,146,187,1661
2063,1,0,1,141,146,59,1661
2064,1,1,3,142,145,2062,2063
2065,1,0,1,142,145,443,1082
2066,1,0,1,142,145,315,1082
2067,1,1,3,143,144,2065,2066
2068,1,0,1,144,143,2064,2067
2069,1,0,1,144,143,2064,2067
2070,1,0,1,141,146,186,1661
2071,1,0,1,141,146,58,1661
2072,1,1,3,142,145,2070,2071
2073,1,0,1,142,145,442,1082
2074,1,0,1,142,145,314,1082
2075,1,1,3,143,144,2073,2074
2076,1,0,1,144,143,2072,2075
2077,1,1,2,145,142,2069,2076
2078,1,0,1,141,146,185,1661
2079,1,0,1,141,146,57,1661
2080,1,1,3,142,145,2078,2079
2081,1,0,1,142,145,441,1082
2082,1,0,1,142,145,313,1082
2083,1,1,3,143,144,2081,2082
2084,1,0,2,144,143,2080,2083
2085,1,0,1,141,146,184,1661
2086,1,0,1,141,146,56,1661
2087,1,1,3,142,145,2085,2086
2088,1,0,1,142,145,440,1082
2089,1,0,1,142,145,312,1082
2090,1,1,3,143,144,2088,2089
2091,1,0,1,144,143,2087,2090
2092,1,0,1,145,142,2084,2091
2093,1,0,1,144,143,2080,2083
2094,1,1,1,146,141,2092,2093
2095,1,0,1,144,143,2072,2075
2096,1,1,1,147,140,2094,2095
2097,1,0,1,148,139,2077,2096
2098,1,1,1,149,138,2068,2097
2099,1,0,1,150,137,2061,2098
2100,1,0,1,144,143,2048,2051
2101,1,0,1,145,142,2059,2100
2102,1,0,1,144,143,2055,2058
2103,1,1,1,146,141,2101,2102
2104,1,0,1,147,140,2045,2103
2105,1,0,1,144,143,2040,2043
2106,1,0,1,145,142,2037,2105
2107,1,0,1,141,146,175,1661
2108,1,0,1,141,146,47,1661
2109,1,1,3,142,145,2107,2108
2110,1,0,1,142,145,431,1082
2111,1,0,1,142,145,303,1082
2112,1,1,3,143,144,2110,2111
2113,1,0,1,144,143,2109,2112
2114,1,0,2,144,143,2109,2112
2115,1,0,1,142,145,430,1082
2116,1,0,1,142,145,302,1082
2117,1,1,3,143,144,2115,2116
2118,1,0,1,141,146,174,1661
2119,1,0,1,141,146,46,1661
2120,1,1,3,142,145,2118,2119
2121,1,0,1,144,143,2117,2120
2122,1,1,2,145,142,2114,2121
2123,1,0,1,141,146,172,1661
2124,1,0,1,141,146,44,1661
2125,1,1,3,142,145,2123,2124
2126,1,0,1,142,145,428,1082
2127,1,0,1,142,145,300,1082
2128,1,1,3,143,144,2126,2127
2129,1,0,1,144,143,2125,2128
2130,1,0,1,141,146,173,1661
2131,1,0,1,141,146,45,1661
2132,1,1,3,142,145,2130,2131
2133,1,0,1,142,145,429,1082
2134,1,0,1,142,145,301,1082
2135,1,1,3,143,144,2133,2134
2136,1,0,2,144,143,2132,2135
2137,1,1,1,145,142,2129,2136
2138,1,1,2,146,141,2122,2137
2139,1,0,1,141,146,171,1661
2140,1,0,1,141,146,43,1661
2141,1,1,3,142,145,2139,2140
2142,1,0,1,142,145,427,1082
2143,1,0,1,142,145,299,1082
2144,1,1,3,143,144,2142,2143
2145,1,0,1,144,143,2141,2144
2146,1,0,1,144,143,2141,2144
2147,1,0,1,141,146,170,1661
2148,1,0,1,141,146,42,1661
2149,1,1,3,142,145,2147,2148
2150,1,0,1,142,145,426,1082
2151,1,0,1,142,145,298,1082
2152,1,1,3,143,144,2150,2151
2153,1,0,1,144,143,2149,2152
2154,1,1,2,145,142,2146,2153
2155,1,0,1,141,146,169,1661
2156,1,0,1,141,146,41,1661
2157,1,1,3,142,145,2155,2156
2158,1,0,1,142,145,425,1082
2159,1,0,1,142,145,297,1082
2160,1,1,3,143,144,2158,2159
2161,1,0,2,144,143,2157,2160
2162,1,0,1,141,146,168,1661
2163,1,0,1,141,146,40,1661
2164,1,1,3,142,145,2162,2163
2165,1,0,1,142,145,424,1082
2166,1,0,1,142,145,296,1082
2167,1,1,3,143,144,2165,2166
2168,1,0,1,144,143,2164,2167
2169,1,0,1,145,142,2161,2168
2170,1,0,1,144,143,2157,2160
2171,1,1,1,146,141,2169,2170
2172,1,0,1,144,143,2149,2152
2173,1,1,1,147,140,2171,2172
2174,1,0,1,148,139,2154,2173
2175,1,1,1,149,138,2145,2174
2176,1,0,1,150,137,2138,2175
2177,1,0,1,144,143,2125,2128
2178,1,0,1,145,142,2136,2177
2179,1,0,1,144,143,2132,2135
2180,1,1,1,146,141,2178,2179
2181,1,0,1,147,140,2122,2180
2182,1,0,1,144,143,2117,2120
2183,1,0,1,145,142,2114,2182
2184,1,0,1,142,145,416,1082
2185,1,0,1,142,145,288,1082
2186,1,1,3,143,144,2184,2185
2187,1,0,1,141,146,160,1661
2188,1,0,1,141,146,32,1661
2189,1,1,3,142,145,2187,2188
2190,1,0,1,144,143,2186,2189
2191,1,0,1,141,146,159,1661
2192,1,0,1,141,146,31,1661
2193,1,1,3,142,145,2191,2192
2194,1,0,1,142,145,415,1082
2195,1,0,1,142,145,287,1082
2196,1,1,3,143,144,2194,2195
2197,1,0,1,144,143,2193,2196
2198,1,0,1,141,146,158,1661
2199,1,0,1,141,146,30,1661
2200,1,1,3,142,145,2198,2199
2201,1,0,1,142,145,414,1082
2202,1,0,1,142,145,286,1082
2203,1,1,3,143,144,2201,2202
2204,1,0,1,144,143,2200,2203
2205,1,0,1,141,146,157,1661
2206,1,0,1,141,146,29,1661
2207,1,1,3,142,145,2205,2206
2208,1,0,1,142,145,413,1082
2209,1,0,1,142,145,285,1082
2210,1,1,3,143,144,2208,2209
2211,1,0,1,144,143,2207,2210
2212,1,0,1,141,146,156,1661
2213,1,0,1,141,146,28,1661
2214,1,1,3,142,145,2212,2213
2215,1,0,1,142,145,412,1082
2216,1,0,1,142,145,284,1082
2217,1,1,3,143,144,2215,2216
2218,1,0,1,144,143,2214,2217
2219,1,0,1,141,146,155,1661
2220,1,0,1,141,146,27,1661
2221,1,1,3,142,145,2219,2220
2222,1,0,1,142,145,411,1082
2223,1,0,1,142,145,283,1082
2224,1,1,3,143,144,2222,2223
2225,1,0,1,144,143,2221,2224
2226,1,0,1,141,146,154,1661
2227,1,0,1,141,146,26,1661
2228,1,1,3,142,145,2226,2227
2229,1,0,1,142,145,410,1082
2230,1,0,1,142,145,282,1082
2231,1,1,3,143,144,2229,2230
2232,1,0,1,144,143,2228,2231
2233,1,0,1,142,145,409,1082
2234,1,0,1,142,145,281,1082
2235,1,1,2,143,144,2233,2234
2236,1,0,1,142,145,408,1082
2237,1,0,1,142,145,280,1082
2238,1,1,2,143,144,2236,2237
2239,1,0,1,141,146,151,1661
2240,1,0,1,141,146,23,1661
2241,1,1,3,142,145,2239,2240
2242,1,0,1,142,145,407,1082
2243,1,0,1,142,145,279,1082
2244,1,1,3,143,144,2242,2243
2245,1,0,1,144,143,2241,2244
2246,1,0,1,141,146,150,1661
2247,1,0,1,141,146,22,1661
2248,1,1,3,142,145,2246,2247
2249,1,0,1,142,145,406,1082
2250,1,0,1,142,145,278,1082
2251,1,1,3,143,144,2249,2250
2252,1,0,1,144,143,2248,2251
2253,1,0,1,141,146,149,1661
2254,1,0,1,141,146,21,1661
2255,1,1,3,142,145,2253,2254
2256,1,0,1,142,145,405,1082
2257,1,0,1,142,145,277,1082
2258,1,1,3,143,144,2256,2257
2259,1,0,1,144,143,2255,2258
2260,1,0,1,141,146,148,1661
2261,1,0,1,141,146,20,1661
2262,1,1,3,142,145,2260,2261
2263,1,0,1,142,145,404,1082
2264,1,0,1,142,145,276,1082
2265,1,1,3,143,144,2263,2264
2266,1,0,1,144,143,2262,2265
2267,1,0,1,141,146,147,1661
2268,1,0,1,141,146,19,1661
2269,1,1,3,142,145,2267,2268
2270,1,0,1,142,145,403,1082
2271,1,0,1,142,145,275,1082
2272,1,1,3,143,144,2270,2271
2273,1,0,1,144,143,2269,2272
2274,1,0,1,141,146,146,1661
2275,1,0,1,141,146,18,1661
2276,1,1,3,142,145,2274,2275
2277,1,0,1,142,145,402,1082
2278,1,0,1,142,145,274,1082
2279,1,1,3,143,144,2277,2278
2280,1,0,1,144,143,2276,2279
2281,1,0,1,142,145,401,1082
2282,1,0,1,142,145,273,1082
2283,1,1,2,143,144,2281,2282
2284,1,0,1,142,145,400,1082
2285,1,0,1,142,145,272,1082
2286,1,1,2,143,144,2284,2285
2287,1,0,1,141,146,143,1661
2288,1,0,1,141,146,15,1661
2289,1,1,3,142,145,2287,2288
2290,1,0,1,142,145,399,1082
2291,1,0,1,142,145,271,1082
2292,1,1,3,143,144,2290,2291
2293,1,0,1,144,143,2289,2292
2294,1,0,1,141,146,142,1661
2295,1,0,1,141,146,14,1661
2296,1,1,3,142,145,2294,2295
2297,1,0,1,142,145,398,1082
2298,1,0,1,142,145,270,1082
2299,1,1,3,143,144,2297,2298
2300,1,0,1,144,143,2296,2299
2301,1,0,1,141,146,141,1661
2302,1,0,1,141,146,13,1661
2303,1,1,3,142,145,2301,2302
2304,1,0,1,142,145,397,1082
2305,1,0,1,142,145,269,1082
2306,1,1,3,143,144,2304,2305
2307,1,0,1,144,143,2303,2306
2308,1,0,1,141,146,140,1661
2309,1,0,1,141,146,12,1661
2310,1,1,3,142,145,2308,2309
2311,1,0,1,142,145,396,1082
2312,1,0,1,142,145,268,1082
2313,1,1,3,143,144,2311,2312
2314,1,0,1,144,143,2310,2313
2315,1,0,1,141,146,139,1661
2316,1,0,1,141,146,11,1661
2317,1,1,3,142,145,2315,2316
2318,1,0,1,142,145,395,1082
2319,1,0,1,142,145,267,1082
2320,1,1,3,143,144,2318,2319
2321,1,0,1,144,143,2317,2320
2322,1,0,1,141,146,138,1661
2323,1,0,1,141,146,10,1661
2324,1,1,3,142,145,2322,2323
2325,1,0,1,142,145,394,1082
2326,1,0,1,142,145,266,1082
2327,1,1,3,143,144,2325,2326
2328,1,0,1,144,143,2324,2327
2329,1,0,1,142,145,393,1082
2330,1,0,1,142,145,265,1082
2331,1,1,2,143,144,2329,2330
2332,1,0,1,142,145,392,1082
2333,1,0,1,142,145,264,1082
2334,1,1,2,143,144,2332,2333
2335,1,0,1,141,146,135,1661
2336,1,0,1,141,146,7,1661
2337,1,1,3,142,145,2335,2336
2338,1,0,1,142,145,391,1082
2339,1,0,1,142,145,263,1082
2340,1,1,3,143,144,2338,2339
2341,1,0,1,144,143,2337,2340
2342,1,0,1,142,145,390,1082
2343,1,0,1,142,145,262,1082
2344,1,1,2,143,144,2342,2343
2345,1,0,1,141,146,134,1661
2346,1,0,1,141,146,6,1661
2347,1,1,3,142,145,2345,2346
2348,1,0,1,142,145,389,1082
2349,1,0,1,142,145,261,1082
2350,1,1,2,143,144,2348,2349
2351,1,0,1,141,146,133,1661
2352,1,0,1,141,146,5,1661
2353,1,1,3,142,145,2351,2352
2354,1,0,1,142,145,388,1082
2355,1,0,1,142,145,260,1082
2356,1,1,2,143,144,2354,2355
2357,1,0,1,141,146,132,1661
2358,1,0,1,141,146,4,1661
2359,1,1,3,142,145,2357,2358
2360,1,0,1,141,146,131,1661
2361,1,0,1,141,146,3,1661
2362,1,1,3,142,145,2360,2361
2363,1,0,1,142,145,387,1082
2364,1,0,1,142,145,259,1082
2365,1,1,3,143,144,2363,2364
2366,1,0,1,144,143,2362,2365
2367,1,0,1,142,145,385,1082
2368,1,0,1,142,145,257,1082
2369,1,1,3,143,144,2367,2368
2370,1,0,1,141,146,128,1661
2371,1,0,1,141,146,0,1661
2372,1,1,2,142,145,2370,2371
2373,1,0,2,144,143,1085,2372
2374,1,0,1,145,142,2369,2373
2375,1,0,1,141,146,129,1661
2376,1,0,1,141,146,1,1661
2377,1,1,2,142,145,2375,2376
2378,1,1,1,146,141,2374,2377
2379,1,0,1,141,146,130,1661
2380,1,0,1,141,146,2,1661
2381,1,1,3,142,145,2379,2380
2382,1,0,1,142,145,386,1082
2383,1,0,1,142,145,258,1082
2384,1,1,3,143,144,2382,2383
2385,1,0,1,144,143,2381,2384
2386,1,0,1,145,142,2369,2373
2387,1,1,1,146,141,2385,2386
2388,1,0,1,147,140,2378,2387
2389,1,0,1,144,143,2381,2384
2390,1,1,1,148,139,2388,2389
2391,1,0,1,149,138,2366,2390
2392,1,0,1,144,143,2362,2365
2393,1,1,2,150,137,2391,2392
2394,1,1,1,151,136,2359,2393
2395,1,0,1,152,135,2356,2394
2396,1,0,1,151,136,2359,2393
2397,1,1,2,153,134,2395,2396
2398,1,1,1,154,133,2353,2397
2399,1,0,1,155,132,2350,2398
2400,1,0,1,154,133,2353,2397
2401,1,1,2,156,131,2399,2400
2402,1,1,1,157,130,2347,2401
2403,1,0,1,158,129,2344,2402
2404,1,0,1,157,130,2347,2401
2405,1,1,1,159,128,2403,2404
2406,1,0,1,160,127,2341,2405
2407,1,0,1,144,143,2337,2340
2408,1,1,2,161,126,2406,2407
2409,1,0,1,141,146,136,1661
2410,1,0,1,141,146,8,1661
2411,1,1,3,142,145,2409,2410
2412,1,1,1,162,125,2408,2411
2413,1,0,1,163,124,2334,2412
2414,1,0,1,162,125,2408,2411
2415,1,1,2,164,123,2413,2414
2416,1,0,1,141,146,137,1661
2417,1,0,1,141,146,9,1661
2418,1,1,3,142,145,2416,2417
2419,1,1,1,165,122,2415,2418
2420,1,0,1,166,121,2331,2419
2421,1,0,1,165,122,2415,2418
2422,1,1,1,167,120,2420,2421
2423,1,0,1,168,119,2328,2422
2424,1,0,1,144,143,2324,2327
2425,1,1,1,169,118,2423,2424
2426,1,0,1,170,117,2321,2425
2427,1,0,1,144,143,2317,2320
2428,1,1,1,171,116,2426,2427
2429,1,0,1,172,115,2314,2428
2430,1,0,1,144,143,2310,2313
2431,1,1,1,173,114,2429,2430
2432,1,0,1,174,113,2307,2431
2433,1,0,1,144,143,2303,2306
2434,1,1,1,175,112,2432,2433
2435,1,0,1,176,111,2300,2434
2436,1,0,1,144,143,2296,2299
2437,1,1,1,177,110,2435,2436
2438,1,0,1,178,109,2293,2437
2439,1,0,1,144,143,2289,2292
2440,1,1,2,179,108,2438,2439
2441,1,0,1,141,146,144,1661
2442,1,0,1,141,146,16,1661
2443,1,1,3,142,145,2441,2442
2444,1,1,1,180,107,2440,2443
2445,1,0,1,181,106,2286,2444
2446,1,0,1,180,107,2440,2443
2447,1,1,2,182,105,2445,2446
2448,1,0,1,141,146,145,1661
2449,1,0,1,141,146,17,1661
2450,1,1,3,142,145,2448,2449
2451,1,1,1,183,104,2447,2450
2452,1,0,1,184,103,2283,2451
2453,1,0,1,183,104,2447,2450
2454,1,1,1,185,102,2452,2453
2455,1,0,1,186,101,2280,2454
2456,1,0,1,144,143,2276,2279
2457,1,1,1,187,100,2455,2456
2458,1,0,1,188,99,2273,2457
2459,1,0,1,144,143,2269,2272
2460,1,1,1,189,98,2458,2459
2461,1,0,1,190,97,2266,2460
2462,1,0,1,144,143,2262,2265
2463,1,1,1,191,96,2461,2462
2464,1,0,1,192,95,2259,2463
2465,1,0,1,144,143,2255,2258
2466,1,1,1,193,94,2464,2465
2467,1,0,1,194,93,2252,2466
2468,1,0,1,144,143,2248,2251
2469,1,1,1,195,92,2467,2468
2470,1,0,1,196,91,2245,2469
2471,1,0,1,144,143,2241,2244
2472,1,1,2,197,90,2470,2471
2473,1,0,1,141,146,152,1661
2474,1,0,1,141,146,24,1661
2475,1,1,3,142,145,2473,2474
2476,1,1,1,198,89,2472,2475
2477,1,0,1,199,88,2238,2476
2478,1,0,1,198,89,2472,2475
2479,1,1,2,200,87,2477,2478
2480,1,0,1,141,146,153,1661
2481,1,0,1,141,146,25,1661
2482,1,1,3,142,145,2480,2481
2483,1,1,1,201,86,2479,2482
2484,1,0,1,202,85,2235,2483
2485,1,0,1,201,86,2479,2482
2486,1,1,1,203,84,2484,2485
2487,1,0,1,204,83,2232,2486
2488,1,0,1,144,143,2228,2231
2489,1,1,1,205,82,2487,2488
2490,1,0,1,206,81,2225,2489
2491,1,0,1,144,143,2221,2224
2492,1,1,1,207,80,2490,2491
2493,1,0,1,208,79,2218,2492
2494,1,0,1,144,143,2214,2217
2495,1,1,1,209,78,2493,2494
2496,1,0,1,210,77,2211,2495
2497,1,0,1,144,143,2207,2210
2498,1,1,1,211,76,2496,2497
2499,1,0,1,212,75,2204,2498
2500,1,0,1,144,143,2200,2203
2501,1,1,1,213,74,2499,2500
2502,1,0,1,214,73,2197,2501
2503,1,0,1,144,143,2193,2196
2504,1,1,1,215,72,2502,2503
2505,1,0,1,141,146,167,1661
2506,1,0,1,141,146,39,1661
2507,1,1,3,142,145,2505,2506
2508,1,0,1,142,145,423,1082
2509,1,0,1,142,145,295,1082
2510,1,1,3,143,144,2508,2509
2511,1,0,2,144,143,2507,2510
2512,1,0,1,142,145,422,1082
2513,1,0,1,142,145,294,1082
2514,1,1,3,143,144,2512,2513
2515,1,0,1,141,146,166,1661
2516,1,0,1,141,146,38,1661
2517,1,1,3,142,145,2515,2516
2518,1,0,1,144,143,2514,2517
2519,1,1,2,145,142,2511,2518
2520,1,0,1,141,146,164,1661
2521,1,0,1,141,146,36,1661
2522,1,1,3,142,145,2520,2521
2523,1,0,1,142,145,420,1082
2524,1,0,1,142,145,292,1082
2525,1,1,3,143,144,2523,2524
2526,1,0,1,144,143,2522,2525
2527,1,0,1,141,146,165,1661
2528,1,0,1,141,146,37,1661
2529,1,1,3,142,145,2527,2528
2530,1,0,1,142,145,421,1082
2531,1,0,1,142,145,293,1082
2532,1,1,3,143,144,2530,2531
2533,1,0,2,144,143,2529,2532
2534,1,1,1,145,142,2526,2533
2535,1,1,2,146,141,2519,2534
2536,1,0,1,141,146,161,1661
2537,1,0,1,141,146,33,1661
2538,1,1,3,142,145,2536,2537
2539,1,0,1,142,145,417,1082
2540,1,0,1,142,145,289,1082
2541,1,1,3,143,144,2539,2540
2542,1,0,1,144,143,2538,2541
2543,1,0,1,141,146,163,1661
2544,1,0,1,141,146,35,1661
2545,1,1,3,142,145,2543,2544
2546,1,0,1,142,145,419,1082
2547,1,0,1,142,145,291,1082
2548,1,1,3,143,144,2546,2547
2549,1,0,2,144,143,2545,2548
2550,1,0,1,142,145,418,1082
2551,1,0,1,142,145,290,1082
2552,1,1,3,143,144,2550,2551
2553,1,0,1,141,146,162,1661
2554,1,0,1,141,146,34,1661
2555,1,1,3,142,145,2553,2554
2556,1,0,1,144,143,2552,2555
2557,1,1,1,145,142,2549,2556
2558,1,1,2,146,141,2542,2557
2559,1,1,1,147,140,2535,2558
2560,1,0,1,216,71,2504,2559
2561,1,0,1,217,70,2190,2560
2562,1,0,1,144,143,2507,2510
2563,1,0,1,144,143,2522,2525
2564,1,0,1,145,142,2533,2563
2565,1,0,1,144,143,2529,2532
2566,1,1,1,146,141,2564,2565
2567,1,0,1,147,140,2519,2566
2568,1,1,1,145,142,2511,2514
2569,1,0,1,146,141,2517,2568
2570,1,0,1,144,143,2545,2548
2571,1,1,1,145,142,2549,2552
2572,1,0,1,146,141,2555,2571
2573,1,0,1,144,143,2186,2189
2574,1,0,1,144,143,2538,2541
2575,1,1,1,145,142,2573,2574
2576,1,0,1,147,140,2558,2575
2577,1,1,1,148,139,2572,2576
2578,1,1,1,149,138,2570,2577
2579,1,0,1,150,137,2535,2578
2580,1,1,1,151,136,2569,2579
2581,1,1,1,152,135,2567,2580
2582,1,1,1,153,134,2562,2581
2583,1,1,1,218,69,2561,2582
2584,1,0,1,144,143,2164,2167
2585,1,1,1,145,142,2161,2584
2586,1,1,1,146,141,2154,2585
2587,1,1,1,147,140,2138,2586
2588,1,0,1,219,68,2583,2587
2589,1,1,1,220,67,2183,2588
2590,1,1,1,221,66,2181,2589
2591,1,1,1,222,65,2176,2590
2592,1,1,1,223,64,2113,2591
2593,1,0,1,142,145,432,1082
2594,1,0,1,142,145,304,1082
2595,1,1,3,143,144,2593,2594
2596,1,0,1,141,146,176,1661
2597,1,0,1,141,146,48,1661
2598,1,1,3,142,145,2596,2597
2599,1,0,1,144,143,2595,2598
2600,1,0,1,141,146,183,1661
2601,1,0,1,141,146,55,1661
2602,1,1,3,142,145,2600,2601
2603,1,0,1,142,145,439,1082
2604,1,0,1,142,145,311,1082
2605,1,1,3,143,144,2603,2604
2606,1,0,1,144,143,2602,2605
2607,1,0,1,142,145,438,1082
2608,1,0,1,142,145,310,1082
2609,1,1,3,143,144,2607,2608
2610,1,0,1,141,146,182,1661
2611,1,0,1,141,146,54,1661
2612,1,1,3,142,145,2610,2611
2613,1,0,1,144,143,2609,2612
2614,1,1,2,145,142,2606,2613
2615,1,0,1,141,146,181,1661
2616,1,0,1,141,146,53,1661
2617,1,1,3,142,145,2615,2616
2618,1,0,1,142,145,437,1082
2619,1,0,1,142,145,309,1082
2620,1,1,3,143,144,2618,2619
2621,1,0,2,144,143,2617,2620
2622,1,0,1,142,145,436,1082
2623,1,0,1,142,145,308,1082
2624,1,1,3,143,144,2622,2623
2625,1,0,1,141,146,180,1661
2626,1,0,1,141,146,52,1661
2627,1,1,3,142,145,2625,2626
2628,1,0,1,144,143,2624,2627
2629,1,1,1,145,142,2621,2628
2630,1,1,2,146,141,2614,2629
2631,1,0,1,141,146,177,1661
2632,1,0,1,141,146,49,1661
2633,1,1,3,142,145,2631,2632
2634,1,0,1,142,145,433,1082
2635,1,0,1,142,145,305,1082
2636,1,1,3,143,144,2634,2635
2637,1,0,1,144,143,2633,2636
2638,1,0,1,141,146,179,1661
2639,1,0,1,141,146,51,1661
2640,1,1,3,142,145,2638,2639
2641,1,0,1,142,145,435,1082
2642,1,0,1,142,145,307,1082
2643,1,1,3,143,144,2641,2642
2644,1,0,2,144,143,2640,2643
2645,1,0,1,142,145,434,1082
2646,1,0,1,142,145,306,1082
2647,1,1,3,143,144,2645,2646
2648,1,0,1,141,146,178,1661
2649,1,0,1,141,146,50,1661
2650,1,1,3,142,145,2648,2649
2651,1,0,1,144,143,2647,2650
2652,1,1,1,145,142,2644,2651
2653,1,1,2,146,141,2637,2652
2654,1,1,1,147,140,2630,2653
2655,1,1,1,148,139,2599,2654
2656,1,0,1,224,63,2592,2655
2657,1,0,1,144,143,2602,2605
2658,1,0,1,144,143,2640,2643
2659,1,1,1,145,142,2644,2647
2660,1,0,1,146,141,2650,2659
2661,1,0,1,144,143,2595,2598
2662,1,0,1,144,143,2633,2636
2663,1,1,1,145,142,2661,2662
2664,1,0,1,147,140,2653,2663
2665,1,1,1,148,139,2660,2664
2666,1,1,1,149,138,2658,2665
2667,1,0,1,150,137,2630,2666
2668,1,0,1,144,143,2624,2627
2669,1,0,1,145,142,2621,2668
2670,1,0,1,144,143,2617,2620
2671,1,1,1,146,141,2669,2670
2672,1,0,1,144,143,2609,2612
2673,1,1,1,147,140,2671,2672
2674,1,0,1,148,139,2614,2673
2675,1,1,1,151,136,2667,2674
2676,1,1,1,152,135,2657,2675
2677,1,1,1,225,62,2656,2676
2678,1,0,1,144,143,2087,2090
2679,1,1,1,145,142,2084,2678
2680,1,1,1,147,140,2061,2679
2681,1,1,1,148,139,2077,2680
2682,1,0,1,226,61,2677,2681
2683,1,1,1,227,60,2106,2682
2684,1,1,1,228,59,2104,2683
2685,1,1,1,229,58,2099,2684
2686,1,1,1,230,57,2036,2685
2687,1,0,1,231,56,2029,2686
2688,1,0,1,232,55,2022,2687
2689,1,0,1,233,54,2015,2688
2690,1,0,1,144,143,2003,2006
2691,1,1,1,145,142,2018,2029
2692,1,0,1,146,141,2021,2691
2693,1,0,1,144,143,2025,2028
2694,1,1,1,147,140,2692,2693
2695,1,0,1,144,143,2010,2013
2696,1,1,1,148,139,2694,2695
2697,1,0,1,149,138,2015,2696
2698,1,1,1,150,137,2690,2697
2699,1,1,1,234,53,2689,2698
2700,1,0,1,144,143,1990,1993
2701,1,1,1,145,142,1987,2700
2702,1,1,1,146,141,1980,2701
2703,1,0,1,235,52,2699,2702
2704,1,1,1,236,51,2000,2703
2705,1,1,1,237,50,1998,2704
2706,1,1,1,238,49,1971,2705
2707,1,0,1,141,146,203,1661
2708,1,0,1,141,146,75,1661
2709,1,1,3,142,145,2707,2708
2710,1,0,1,142,145,459,1082
2711,1,0,1,142,145,331,1082
2712,1,1,3,143,144,2710,2711
2713,1,0,1,144,143,2709,2712
2714,1,0,1,142,145,458,1082
2715,1,0,1,142,145,330,1082
2716,1,1,3,143,144,2714,2715
2717,1,0,1,141,146,202,1661
2718,1,0,1,141,146,74,1661
2719,1,1,3,142,145,2717,2718
2720,1,0,1,144,143,2716,2719
2721,1,1,2,145,142,2713,2720
2722,1,0,1,141,146,201,1661
2723,1,0,1,141,146,73,1661
2724,1,1,3,142,145,2722,2723
2725,1,0,1,142,145,457,1082
2726,1,0,1,142,145,329,1082
2727,1,1,3,143,144,2725,2726
2728,1,0,2,144,143,2724,2727
2729,1,0,1,142,145,456,1082
2730,1,0,1,142,145,328,1082
2731,1,1,3,143,144,2729,2730
2732,1,0,1,141,146,200,1661
2733,1,0,1,141,146,72,1661
2734,1,1,3,142,145,2732,2733
2735,1,0,1,144,143,2731,2734
2736,1,1,1,145,142,2728,2735
2737,1,1,1,146,141,2721,2736
2738,1,0,1,239,48,2706,2737
2739,1,0,1,144,143,2709,2712
2740,1,0,1,144,143,2731,2734
2741,1,0,1,145,142,2728,2740
2742,1,0,1,144,143,2724,2727
2743,1,1,1,146,141,2741,2742
2744,1,0,1,144,143,2716,2719
2745,1,1,1,147,140,2743,2744
2746,1,0,1,148,139,2721,2745
2747,1,1,1,149,138,2739,2746
2748,1,1,1,240,47,2738,2747
2749,1,0,1,144,143,1954,1957
2750,1,1,1,145,142,1951,2749
2751,1,1,1,146,141,1944,2750
2752,1,0,1,241,46,2748,2751
2753,1,1,1,242,45,1964,2752
2754,1,1,1,243,44,1962,2753
2755,1,1,1,244,43,1935,2754
2756,1,0,1,245,42,1928,2755
2757,1,0,1,246,41,1921,2756
2758,1,0,1,247,40,1906,2757
2759,1,0,1,144,143,1909,1912
2760,1,1,1,145,142,1902,1928
2761,1,0,1,146,141,1905,2760
2762,1,0,1,144,143,1924,1927
2763,1,1,1,147,140,2761,2762
2764,1,0,1,144,143,1916,1919
2765,1,1,1,148,139,2763,2764
2766,1,0,1,149,138,1921,2765
2767,1,1,1,150,137,2759,2766
2768,1,1,1,248,39,2758,2767
2769,1,0,1,144,143,1889,1892
2770,1,1,1,145,142,1886,2769
2771,1,1,1,146,141,1879,2770
2772,1,0,1,249,38,2768,2771
2773,1,1,1,250,37,1899,2772
2774,1,1,1,251,36,1897,2773
2775,1,1,1,252,35,1870,2774
2776,1,0,1,141,146,219,1661
2777,1,0,1,141,146,91,1661
2778,1,1,3,142,145,2776,2777
2779,1,0,1,142,145,475,1082
2780,1,0,1,142,145,347,1082
2781,1,1,3,143,144,2779,2780
2782,1,0,1,144,143,2778,2781
2783,1,0,1,142,145,474,1082
2784,1,0,1,142,145,346,1082
2785,1,1,3,143,144,2783,2784
2786,1,0,1,141,146,218,1661
2787,1,0,1,141,146,90,1661
2788,1,1,3,142,145,2786,2787
2789,1,0,1,144,143,2785,2788
2790,1,1,2,145,142,2782,2789
2791,1,0,1,141,146,217,1661
2792,1,0,1,141,146,89,1661
2793,1,1,3,142,145,2791,2792
2794,1,0,1,142,145,473,1082
2795,1,0,1,142,145,345,1082
2796,1,1,3,143,144,2794,2795
2797,1,0,2,144,143,2793,2796
2798,1,0,1,142,145,472,1082
2799,1,0,1,142,145,344,1082
2800,1,1,3,143,144,2798,2799
2801,1,0,1,141,146,216,1661
2802,1,0,1,141,146,88,1661
2803,1,1,3,142,145,2801,2802
2804,1,0,1,144,143,2800,2803
2805,1,1,1,145,142,2797,2804
2806,1,1,1,146,141,2790,2805
2807,1,0,1,253,34,2775,2806
2808,1,0,1,144,143,2778,2781
2809,1,0,1,144,143,2800,2803
2810,1,0,1,145,142,2797,2809
2811,1,0,1,144,143,2793,2796
2812,1,1,1,146,141,2810,2811
2813,1,0,1,144,143,2785,2788
2814,1,1,1,147,140,2812,2813
2815,1,0,1,148,139,2790,2814
2816,1,1,1,149,138,2808,2815
2817,1,1,1,254,33,2807,2816
2818,1,0,1,144,143,1853,1856
2819,1,1,1,145,142,1850,2818
2820,1,1,1,146,141,1843,2819
2821,1,0,1,255,32,2817,2820
2822,1,1,1,256,31,1863,2821
2823,1,1,1,257,30,1861,2822
2824,1,1,1,258,29,1834,2823
2825,1,0,1,259,28,1827,2824
2826,1,0,1,260,27,1820,2825
2827,1,0,1,261,26,1805,2826
2828,1,0,1,144,143,1808,1811
2829,1,1,1,145,142,1801,1827
2830,1,0,1,146,141,1804,2829
2831,1,0,1,144,143,1823,1826
2832,1,1,1,147,140,2830,2831
2833,1,0,1,144,143,1815,1818
2834,1,1,1,148,139,2832,2833
2835,1,0,1,149,138,1820,2834
2836,1,1,1,150,137,2828,2835
2837,1,1,1,262,25,2827,2836
2838,1,0,1,144,143,1788,1791
2839,1,1,1,145,142,1785,2838
2840,1,1,1,146,141,1778,2839
2841,1,0,1,263,24,2837,2840
2842,1,1,1,264,23,1798,2841
2843,1,1,1,265,22,1796,2842
2844,1,1,1,266,21,1769,2843
2845,1,0,1,141,146,235,1661
2846,1,0,1,141,146,107,1661
2847,1,1,3,142,145,2845,2846
2848,1,0,1,142,145,491,1082
2849,1,0,1,142,145,363,1082
2850,1,1,3,143,144,2848,2849
2851,1,0,1,144,143,2847,2850
2852,1,0,1,142,145,490,1082
2853,1,0,1,142,145,362,1082
2854,1,1,3,143,144,2852,2853
2855,1,0,1,141,146,234,1661
2856,1,0,1,141,146,106,1661
2857,1,1,3,142,145,2855,2856
2858,1,0,1,144,143,2854,2857
2859,1,1,2,145,142,2851,2858
2860,1,0,1,141,146,233,1661
2861,1,0,1,141,146,105,1661
2862,1,1,3,142,145,2860,2861
2863,1,0,1,142,145,489,1082
2864,1,0,1,142,145,361,1082
2865,1,1,3,143,144,2863,2864
2866,1,0,2,144,143,2862,2865
2867,1,0,1,142,145,488,1082
2868,1,0,1,142,145,360,1082
2869,1,1,3,143,144,2867,2868
2870,1,0,1,141,146,232,1661
2871,1,0,1,141,146,104,1661
2872,1,1,3,142,145,2870,2871
2873,1,0,1,144,143,2869,2872
2874,1,1,1,145,142,2866,2873
2875,1,1,1,146,141,2859,2874
2876,1,0,1,267,20,2844,2875
2877,1,0,1,144,143,2847,2850
2878,1,0,1,144,143,2869,2872
2879,1,0,1,145,142,2866,2878
2880,1,0,1,144,143,2862,2865
2881,1,1,1,146,141,2879,2880
2882,1,0,1,144,143,2854,2857
2883,1,1,1,147,140,2881,2882
2884,1,0,1,148,139,2859,2883
2885,1,1,1,149,138,2877,2884
2886,1,1,1,268,19,2876,2885
2887,1,0,1,144,143,1752,1755
2888,1,1,1,145,142,1749,2887
2889,1,1,1,146,141,1742,2888
2890,1,0,1,269,18,2886,2889
2891,1,1,1,270,17,1762,2890
2892,1,1,1,271,16,1760,2891
2893,1,1,1,272,15,1733,2892
2894,1,0,1,273,14,1726,2893
2895,1,0,1,274,13,1719,2894
2896,1,0,1,275,12,1704,2895
2897,1,0,1,144,143,1707,1710
2898,1,1,1,145,142,1700,1726
2899,1,0,1,146,141,1703,2898
2900,1,0,1,144,143,1722,1725
2901,1,1,1,147,140,2899,2900
2902,1,0,1,144,143,1714,1717
2903,1,1,1,148,139,2901,2902
2904,1,0,1,149,138,1719,2903
2905,1,1,1,150,137,2897,2904
2906,1,1,1,276,11,2896,2905
2907,1,0,1,144,143,1680,1690
2908,1,1,1,145,142,1687,2907
2909,1,1,1,146,141,1677,2908
2910,1,0,1,277,10,2906,2909
2911,1,1,1,278,9,1697,2910
2912,1,1,1,279,8,1695,2911
2913,1,1,1,280,7,1668,2912
2914,1,0,1,141,146,251,1661
2915,1,0,1,141,146,123,1661
2916,1,1,3,142,145,2914,2915
2917,1,0,1,142,145,507,1082
2918,1,0,1,142,145,379,1082
2919,1,1,3,143,144,2917,2918
2920,1,0,1,144,143,2916,2919
2921,1,0,1,142,145,506,1082
2922,1,0,1,142,145,378,1082
2923,1,1,3,143,144,2921,2922
2924,1,0,1,141,146,250,1661
2925,1,0,1,141,146,122,1661
2926,1,1,3,142,145,2924,2925
2927,1,0,1,144,143,2923,2926
2928,1,1,2,145,142,2920,2927
2929,1,0,1,141,146,249,1661
2930,1,0,1,141,146,121,1661
2931,1,1,3,142,145,2929,2930
2932,1,0,1,142,145,505,1082
2933,1,0,1,142,145,377,1082
2934,1,1,3,143,144,2932,2933
2935,1,0,2,144,143,2931,2934
2936,1,0,1,142,145,504,1082
2937,1,0,1,142,145,376,1082
2938,1,1,3,143,144,2936,2937
2939,1,0,1,141,146,248,1661
2940,1,0,1,141,146,120,1661
2941,1,1,3,142,145,2939,2940
2942,1,0,1,144,143,2938,2941
2943,1,1,1,145,142,2935,2942
2944,1,1,1,146,141,2928,2943
2945,1,0,1,281,6,2913,2944
2946,1,0,1,144,143,2916,2919
2947,1,1,1,145,142,2935,2938
2948,1,0,1,146,141,2941,2947
2949,1,0,1,144,143,2931,2934
2950,1,1,1,147,140,2948,2949
2951,1,0,1,144,143,2923,2926
2952,1,1,1,148,139,2950,2951
2953,1,0,1,149,138,2928,2952
2954,1,1,1,150,137,2946,2953
2955,1,1,1,282,5,2945,2954
2956,1,0,1,141,146,252,1661
2957,1,0,1,141,146,124,1661
2958,1,1,3,142,145,2956,2957
2959,1,0,1,142,145,508,1082
2960,1,0,1,142,145,380,1082
2961,1,1,3,143,144,2959,2960
2962,1,0,1,144,143,2958,2961
2963,1,0,2,143,144,1087,1658
2964,1,0,1,141,146,254,1661
2965,1,0,1,141,146,126,1661
2966,1,1,3,142,145,2964,2965
2967,1,0,1,142,145,510,1082
2968,1,0,1,142,145,382,1082
2969,1,1,3,143,144,2967,2968
2970,1,0,1,144,143,2966,2969
2971,1,0,1,141,146,253,1661
2972,1,0,1,141,146,125,1661
2973,1,1,3,142,145,2971,2972
2974,1,0,1,142,145,509,1082
2975,1,0,1,142,145,381,1082
2976,1,1,3,143,144,2974,2975
2977,1,0,1,144,143,2973,2976
2978,1,1,2,145,142,2970,2977
2979,1,1,1,146,141,2963,2978
2980,1,1,1,147,140,2962,2979
2981,1,0,1,283,4,2955,2980
2982,1,0,1,144,143,2958,2961
2983,1,0,1,144,143,2973,2976
2984,1,1,1,145,142,2982,2983
2985,1,0,1,146,141,2978,2984
2986,1,0,1,144,143,2966,2969
2987,1,1,1,147,140,2985,2986
2988,1,0,1,148,139,2963,2987
2989,1,1,2,284,3,2981,2988
2990,2,1,256,285,2,1659,2989
2991,1,0,1,286,1,1085,2990
2992,1,0,1,286,1,2372,2990
2993,2,1,0,287,0,2991,2992
2994,1,0,1,286,1,2369,2990
2995,1,0,1,286,1,2377,2990
2996,2,1,0,287,0,2994,2995
2997,1,0,1,286,1,2384,2990
2998,1,0,1,286,1,2381,2990
2999,2,1,0,287,0,2997,2998
3000,1,0,1,286,1,2365,2990
3001,1,0,1,286,1,2362,2990
3002,2,1,0,287,0,3000,3001
3003,1,0,1,286,1,2356,2990
3004,1,0,1,286,1,2359,2990
3005,2,1,0,287,0,3003,3004
3006,1,0,1,286,1,2350,2990
3007,1,0,1,286,1,2353,2990
3008,2,1,0,287,0,3006,3007
3009,1,0,1,286,1,2344,2990
3010,1,0,1,286,1,2347,2990
3011,2,1,0,287,0,3009,3010
3012,1,0,1,286,1,2340,2990
3013,1,0,1,286,1,2337,2990
3014,2,1,0,287,0,3012,3013
3015,1,0,1,286,1,2334,2990
3016,1,0,1,286,1,2411,2990
3017,2,1,0,287,0,3015,3016
3018,1,0,1,286,1,2331,2990
3019,1,0,1,286,1,2418,2990
3020,2,1,0,287,0,3018,3019
3021,1,0,1,286,1,2327,2990
3022,1,0,1,286,1,2324,2990
3023,2,1,0,287,0,3021,3022
3024,1,0,1,286,1,2320,2990
3025,1,0,1,286,1,2317,2990
3026,2,1,0,287,0,3024,3025
3027,1,0,1,286,1,2313,2990
3028,1,0,1,286,1,2310,2990
3029,2,1,0,287,0,3027,3028
3030,1,0,1,286,1,2306,2990
3031,1,0,1,286,1,2303,2990
3032,2,1,0,287,0,3030,3031
3033,1,0,1,286,1,2299,2990
3034,1,0,1,286,1,2296,2990
3035,2,1,0,287,0,3033,3034
3036,1,0,1,286,1,2292,2990
3037,1,0,1,286,1,2289,2990
3038,2,1,0,287,0,3036,3037
3039,1,0,1,286,1,2286,2990
3040,1,0,1,286,1,2443,2990
3041,2,1,0,287,0,3039,3040
3042,1,0,1,286,1,2283,2990
3043,1,0,1,286,1,2450,2990
3044,2,1,0,287,0,3042,3043
3045,1,0,1,286,1,2279,2990
3046,1,0,1,286,1,2276,2990
3047,2,1,0,287,0,3045,3046
3048,1,0,1,286,1,2272,2990
3049,1,0,1,286,1,2269,2990
3050,2,1,0,287,0,3048,3049
3051,1,0,1,286,1,2265,2990
3052,1,0,1,286,1,2262,2990
3053,2,1,0,287,0,3051,3052
3054,1,0,1,286,1,2258,2990
3055,1,0,1,286,1,2255,2990
3056,2,1,0,287,0,3054,3055
3057,1,0,1,286,1,2251,2990
3058,1,0,1,286,1,2248,2990
3059,2,1,0,287,0,3057,3058
3060,1,0,1,286,1,2244,2990
3061,1,0,1,286,1,2241,2990
3062,2,1,0,287,0,3060,3061
3063,1,0,1,286,1,2238,2990
3064,1,0,1,286,1,2475,2990
3065,2,1,0,287,0,3063,3064
3066,1,0,1,286,1,2235,2990
3067,1,0,1,286,1,2482,2990
3068,2,1,0,287,0,3066,3067
3069,1,0,1,286,1,2231,2990
3070,1,0,1,286,1,2228,2990
3071,2,1,0,287,0,3069,3070
3072,1,0,1,286,1,2224,2990
3073,1,0,1,286,1,2221,2990
3074,2,1,0,287,0,3072,3073
3075,1,0,1,286,1,2217,2990
3076,1,0,1,286,1,2214,2990
3077,2,1,0,287,0,3075,3076
3078,1,0,1,286,1,2210,2990
3079,1,0,1,286,1,2207,2990
3080,2,1,0,287,0,3078,3079
3081,1,0,1,286,1,2203,2990
3082,1,0,1,286,1,2200,2990
3083,2,1,0,287,0,3081,3082
3084,1,0,1,286,1,2196,2990
3085,1,0,1,286,1,2193,2990
3086,2,1,0,287,0,3084,3085
3087,1,0,1,286,1,2186,2990
3088,1,0,1,286,1,2189,2990
3089,2,1,0,287,0,3087,3088
3090,1,0,1,286,1,2541,2990
3091,1,0,1,286,1,2538,2990
3092,2,1,0,287,0,3090,3091
3093,1,0,1,286,1,2552,2990
3094,1,0,1,286,1,2555,2990
3095,2,1,0,287,0,3093,3094
3096,1,0,1,286,1,2548,2990
3097,1,0,1,286,1,2545,2990
3098,2,1,0,287,0,3096,3097
3099,1,0,1,286,1,2525,2990
3100,1,0,1,286,1,2522,2990
3101,2,1,0,287,0,3099,3100
3102,1,0,1,286,1,2532,2990
3103,1,0,1,286,1,2529,2990
3104,2,1,0,287,0,3102,3103
3105,1,0,1,286,1,2514,2990
3106,1,0,1,286,1,2517,2990
3107,2,1,0,287,0,3105,3106
3108,1,0,1,286,1,2510,2990
3109,1,0,1,286,1,2507,2990
3110,2,1,0,287,0,3108,3109
3111,1,0,1,286,1,2167,2990
3112,1,0,1,286,1,2164,2990
3113,2,1,0,287,0,3111,3112
3114,1,0,1,286,1,2160,2990
3115,1,0,1,286,1,2157,2990
3116,2,1,0,287,0,3114,3115
3117,1,0,1,286,1,2152,2990
3118,1,0,1,286,1,2149,2990
3119,2,1,0,287,0,3117,3118
3120,1,0,1,286,1,2144,2990
3121,1,0,1,286,1,2141,2990
3122,2,1,0,287,0,3120,3121
3123,1,0,1,286,1,2128,2990
3124,1,0,1,286,1,2125,2990
3125,2,1,0,287,0,3123,3124
3126,1,0,1,286,1,2135,2990
3127,1,0,1,286,1,2132,2990
3128,2,1,0,287,0,3126,3127
3129,1,0,1,286,1,2117,2990
3130,1,0,1,286,1,2120,2990
3131,2,1,0,287,0,3129,3130
3132,1,0,1,286,1,2112,2990
3133,1,0,1,286,1,2109,2990
3134,2,1,0,287,0,3132,3133
3135,1,0,1,286,1,2595,2990
3136,1,0,1,286,1,2598,2990
3137,2,1,0,287,0,3135,3136
3138,1,0,1,286,1,2636,2990
3139,1,0,1,286,1,2633,2990
3140,2,1,0,287,0,3138,3139
3141,1,0,1,286,1,2647,2990
3142,1,0,1,286,1,2650,2990
3143,2,1,0,287,0,3141,3142
3144,1,0,1,286,1,2643,2990
3145,1,0,1,286,1,2640,2990
3146,2,1,0,287,0,3144,3145
3147,1,0,1,286,1,2624,2990
3148,1,0,1,286,1,2627,2990
3149,2,1,0,287,0,3147,3148
3150,1,0,1,286,1,2620,2990
3151,1,0,1,286,1,2617,2990
3152,2,1,0,287,0,3150,3151
3153,1,0,1,286,1,2609,2990
3154,1,0,1,286,1,2612,2990
3155,2,1,0,287,0,3153,3154
3156,1,0,1,286,1,2605,2990
3157,1,0,1,286,1,2602,2990
3158,2,1,0,287,0,3156,3157
3159,1,0,1,286,1,2090,2990
3160,1,0,1,286,1,2087,2990
3161,2,1,0,287,0,3159,3160
3162,1,0,1,286,1,2083,2990
3163,1,0,1,286,1,2080,2990
3164,2,1,0,287,0,3162,3163
3165,1,0,1,286,1,2075,2990
3166,1,0,1,286,1,2072,2990
3167,2,1,0,287,0,3165,3166
3168,1,0,1,286,1,2067,2990
3169,1,0,1,286,1,2064,2990
3170,2,1,0,287,0,3168,3169
3171,1,0,1,286,1,2051,2990
3172,1,0,1,286,1,2048,2990
3173,2,1,0,287,0,3171,3172
3174,1,0,1,286,1,2058,2990
3175,1,0,1,286,1,2055,2990
3176,2,1,0,287,0,3174,3175
3177,1,0,1,286,1,2040,2990
3178,1,0,1,286,1,2043,2990
3179,2,1,0,287,0,3177,3178
3180,1,0,1,286,1,2035,2990
3181,1,0,1,286,1,2032,2990
3182,2,1,0,287,0,3180,3181
3183,1,0,1,286,1,2018,2990
3184,1,0,1,286,1,2021,2990
3185,2,1,0,287,0,3183,3184
3186,1,0,1,286,1,2028,2990
3187,1,0,1,286,1,2025,2990
3188,2,1,0,287,0,3186,3187
3189,1,0,1,286,1,2010,2990
3190,1,0,1,286,1,2013,2990
3191,2,1,0,287,0,3189,3190
3192,1,0,1,286,1,2006,2990
3193,1,0,1,286,1,2003,2990
3194,2,1,0,287,0,3192,3193
3195,1,0,1,286,1,1993,2990
3196,1,0,1,286,1,1990,2990
3197,2,1,0,287,0,3195,3196
3198,1,0,1,286,1,1986,2990
3199,1,0,1,286,1,1983,2990
3200,2,1,0,287,0,3198,3199
3201,1,0,1,286,1,1975,2990
3202,1,0,1,286,1,1978,2990
3203,2,1,0,287,0,3201,3202
3204,1,0,1,286,1,1970,2990
3205,1,0,1,286,1,1967,2990
3206,2,1,0,287,0,3204,3205
3207,1,0,1,286,1,2731,2990
3208,1,0,1,286,1,2734,2990
3209,2,1,0,287,0,3207,3208
3210,1,0,1,286,1,2727,2990
3211,1,0,1,286,1,2724,2990
3212,2,1,0,287,0,3210,3211
3213,1,0,1,286,1,2716,2990
3214,1,0,1,286,1,2719,2990
3215,2,1,0,287,0,3213,3214
3216,1,0,1,286,1,2712,2990
3217,1,0,1,286,1,2709,2990
3218,2,1,0,287,0,3216,3217
3219,1,0,1,286,1,1957,2990
3220,1,0,1,286,1,1954,2990
3221,2,1,0,287,0,3219,3220
3222,1,0,1,286,1,1950,2990
3223,1,0,1,286,1,1947,2990
3224,2,1,0,287,0,3222,3223
3225,1,0,1,286,1,1939,2990
3226,1,0,1,286,1,1942,2990
3227,2,1,0,287,0,3225,3226
3228,1,0,1,286,1,1934,2990
3229,1,0,1,286,1,1931,2990
3230,2,1,0,287,0,3228,3229
3231,1,0,1,286,1,1902,2990
3232,1,0,1,286,1,1905,2990
3233,2,1,0,287,0,3231,3232
3234,1,0,1,286,1,1927,2990
3235,1,0,1,286,1,1924,2990
3236,2,1,0,287,0,3234,3235
3237,1,0,1,286,1,1916,2990
3238,1,0,1,286,1,1919,2990
3239,2,1,0,287,0,3237,3238
3240,1,0,1,286,1,1912,2990
3241,1,0,1,286,1,1909,2990
3242,2,1,0,287,0,3240,3241
3243,1,0,1,286,1,1892,2990
3244,1,0,1,286,1,1889,2990
3245,2,1,0,287,0,3243,3244
3246,1,0,1,286,1,1885,2990
3247,1,0,1,286,1,1882,2990
3248,2,1,0,287,0,3246,3247
3249,1,0,1,286,1,1874,2990
3250,1,0,1,286,1,1877,2990
3251,2,1,0,287,0,3249,3250
3252,1,0,1,286,1,1869,2990
3253,1,0,1,286,1,1866,2990
3254,2,1,0,287,0,3252,3253
3255,1,0,1,286,1,2800,2990
3256,1,0,1,286,1,2803,2990
3257,2,1,0,287,0,3255,3256
3258,1,0,1,286,1,2796,2990
3259,1,0,1,286,1,2793,2990
3260,2,1,0,287,0,3258,3259
3261,1,0,1,286,1,2785,2990
3262,1,0,1,286,1,2788,2990
3263,2,1,0,287,0,3261,3262
3264,1,0,1,286,1,2781,2990
3265,1,0,1,286,1,2778,2990
3266,2,1,0,287,0,3264,3265
3267,1,0,1,286,1,1856,2990
3268,1,0,1,286,1,1853,2990
3269,2,1,0,287,0,3267,3268
3270,1,0,1,286,1,1849,2990
3271,1,0,1,286,1,1846,2990
3272,2,1,0,287,0,3270,3271
3273,1,0,1,286,1,1838,2990
3274,1,0,1,286,1,1841,2990
3275,2,1,0,287,0,3273,3274
3276,1,0,1,286,1,1833,2990
3277,1,0,1,286,1,1830,2990
3278,2,1,0,287,0,3276,3277
3279,1,0,1,286,1,1801,2990
3280,1,0,1,286,1,1804,2990
3281,2,1,0,287,0,3279,3280
3282,1,0,1,286,1,1826,2990
3283,1,0,1,286,1,1823,2990
3284,2,1,0,287,0,3282,3283
3285,1,0,1,286,1,1815,2990
3286,1,0,1,286,1,1818,2990
3287,2,1,0,287,0,3285,3286
3288,1,0,1,286,1,1811,2990
3289,1,0,1,286,1,1808,2990
3290,2,1,0,287,0,3288,3289
3291,1,0,1,286,1,1791,2990
3292,1,0,1,286,1,1788,2990
3293,2,1,0,287,0,3291,3292
3294,1,0,1,286,1,1784,2990
3295,1,0,1,286,1,1781,2990
3296,2,1,0,287,0,3294,3295
3297,1,0,1,286,1,1773,2990
3298,1,0,1,286,1,1776,2990
3299,2,1,0,287,0,3297,3298
3300,1,0,1,286,1,1768,2990
3301,1,0,1,286,1,1765,2990
3302,2,1,0,287,0,3300,3301
3303,1,0,1,286,1,2869,2990
3304,1,0,1,286,1,2872,2990
3305,2,1,0,287,0,3303,3304
3306,1,0,1,286,1,2865,2990
3307,1,0,1,286,1,2862,2990
3308,2,1,0,287,0,3306,3307
3309,1,0,1,286,1,2854,2990
3310,1,0,1,286,1,2857,2990
3311,2,1,0,287,0,3309,3310
3312,1,0,1,286,1,2850,2990
3313,1,0,1,286,1,2847,2990
3314,2,1,0,287,0,3312,3313
3315,1,0,1,286,1,1755,2990
3316,1,0,1,286,1,1752,2990
3317,2,1,0,287,0,3315,3316
3318,1,0,1,286,1,1748,2990
3319,1,0,1,286,1,1745,2990
3320,2,1,0,287,0,3318,3319
3321,1,0,1,286,1,1737,2990
3322,1,0,1,286,1,1740,2990
3323,2,1,0,287,0,3321,3322
3324,1,0,1,286,1,1732,2990
3325,1,0,1,286,1,1729,2990
3326,2,1,0,287,0,3324,3325
3327,1,0,1,286,1,1700,2990
3328,1,0,1,286,1,1703,2990
3329,2,1,0,287,0,3327,3328
3330,1,0,1,286,1,1725,2990
3331,1,0,1,286,1,1722,2990
3332,2,1,0,287,0,3330,3331
3333,1,0,1,286,1,1714,2990
3334,1,0,1,286,1,1717,2990
3335,2,1,0,287,0,3333,3334
3336,1,0,1,286,1,1710,2990
3337,1,0,1,286,1,1707,2990
3338,2,1,0,287,0,3336,3337
3339,1,0,1,286,1,1690,2990
3340,1,0,1,286,1,1680,2990
3341,2,1,0,287,0,3339,3340
3342,1,0,1,286,1,1686,2990
3343,1,0,1,286,1,1683,2990
3344,2,1,0,287,0,3342,3343
3345,1,0,1,286,1,1672,2990
3346,1,0,1,286,1,1675,2990
3347,2,1,0,287,0,3345,3346
3348,1,0,1,286,1,1667,2990
3349,1,0,1,286,1,1664,2990
3350,2,1,0,287,0,3348,3349
3351,1,0,1,286,1,2938,2990
3352,1,0,1,286,1,2941,2990
3353,2,1,0,287,0,3351,3352
3354,1,0,1,286,1,2934,2990
3355,1,0,1,286,1,2931,2990
3356,2,1,0,287,0,3354,3355
3357,1,0,1,286,1,2923,2990
3358,1,0,1,286,1,2926,2990
3359,2,1,0,287,0,3357,3358
3360,1,0,1,286,1,2919,2990
3361,1,0,1,286,1,2916,2990
3362,2,1,0,287,0,3360,3361
3363,1,0,1,286,1,2961,2990
3364,1,0,1,286,1,2958,2990
3365,2,1,0,287,0,3363,3364
3366,1,0,1,286,1,2976,2990
3367,1,0,1,286,1,2973,2990
3368,2,1,0,287,0,3366,3367
3369,1,0,1,286,1,2969,2990
3370,1,0,1,286,1,2966,2990
3371,2,1,0,287,0,3369,3370
3372,1,1,1,285,2,1087,2989
3373,2,0,0,286,1,1658,3372
3374,1,1,1,286,1,1082,2990
3375,1,0,1,286,1,1661,2990
3376,2,0,0,287,0,3374,3375
