135,1
136,2,3
137,4
138,5,6
139,8,9,10,11,13,14,7
140,16
141,17,18
142,19
143,20,21
144,23,24,25,26,28,29,22
145,34,40,56,61,63,31
146,66
147,73,80,81,67
148,82
149,83,84
150,85
151,86,87
152,89,90,91,92,94,95,88
153,97
154,98,99
155,100
156,101,102
157,104,105,106,107,109,110,103
158,115,121,137,142,144,112
159,147
160,154,161,162,148
161,176,163
162,184
163,185,186
164,187
165,188,189
166,191,192,193,194,196,197,190
167,199
168,200,201
169,202
170,203,204
171,206,207,208,209,211,212,205
172,217,223,239,244,246,214
173,249
174,256,263,264,250
175,265
176,266,267
177,268
178,269,270
179,272,273,274,275,277,278,271
180,280
181,281,282
182,283
183,284,285
184,287,288,289,290,292,293,286
185,298,304,320,325,327,295
186,330
187,337,344,345,331
188,359,346
189,367,368,369,370,371,372,373,374,376,377,378,380,381,382,383,384,385,386,387,388,390,379,389,367
190,391
191,392,393,394,395,396,397,400,403,404,398,392
192,405
193,406,407
194,408
195,409,410
196,412,413,414,415,417,418,411
197,420
198,421,422
199,423
200,424,425
201,427,428,429,430,432,433,426
202,438,444,460,465,467,435
203,474,483,470
204,485
205,486,487
206,488
207,489,490
208,492,493,494,495,497,498,491
209,500
210,501,502
211,503
212,504,505
213,507,508,509,510,512,513,506
214,518,524,540,545,547,515
215,554,563,550
216,568,570,575,579,580,565
217,586
218,587,588
219,589
220,590,591
221,593,594,595,596,598,599,592
222,601
223,602,603
224,604
225,605,606
226,608,609,610,611,613,614,607
227,619,625,641,646,648,616
228,655,664,651
229,666
230,667,668
231,669
232,670,671
233,673,674,675,676,678,679,672
234,681
235,682,683
236,684
237,685,686
238,688,689,690,691,693,694,687
239,699,705,721,726,728,696
240,735,744,731
241,749,751,756,760,761,746
242,774,782,785,786,767
243,791
244,803,804,792
245,805,806,807,808,809,810,811,812,813,814,815,816,817,819,820,821,822,823,805
246,826
247,827,828
248,829
249,830,831
250,833,834,835,836,838,839,832
251,841
252,842,843
253,844
254,845,846
255,848,849,850,851,853,854,847
256,859,865,881,886,888,856
257,895,904,891
258,906
259,907,908
260,909
261,910,911
262,913,914,915,916,918,919,912
263,921
264,922,923
265,924
266,925,926
267,928,929,930,931,933,934,927
268,939,945,961,966,968,936
269,975,984,971
270,989,991,996,1000,1001,986
271,1007
272,1008,1009
273,1010
274,1011,1012
275,1014,1015,1016,1017,1019,1020,1013
276,1022
277,1023,1024
278,1025
279,1026,1027
280,1029,1030,1031,1032,1034,1035,1028
281,1040,1046,1062,1067,1069,1037
282,1076,1085,1072
283,1087
284,1088,1089
285,1090
286,1091,1092
287,1094,1095,1096,1097,1099,1100,1093
288,1102
289,1103,1104
290,1105
291,1106,1107
292,1109,1110,1111,1112,1114,1115,1108
293,1120,1126,1142,1147,1149,1117
294,1156,1165,1152
295,1170,1172,1177,1181,1182,1167
296,1195,1203,1206,1207,1188
297,1212
298,1224,1225,1213
299,1226
300,1227,1228
301,1229
302,1230,1231
303,1233,1234,1235,1236,1238,1239,1232
304,1241
305,1242,1243
306,1244
307,1245,1246
308,1248,1249,1250,1251,1253,1254,1247
309,1259,1265,1281,1286,1288,1256
310,1295,1304,1291
311,1306
312,1307,1308
313,1309
314,1310,1311
315,1313,1314,1315,1316,1318,1319,1312
316,1321
317,1322,1323
318,1324
319,1325,1326
320,1328,1329,1330,1331,1333,1334,1327
321,1339,1345,1361,1366,1368,1336
322,1375,1384,1371
323,1389,1391,1396,1400,1401,1386
324,1407
325,1408,1409
326,1410
327,1411,1412
328,1414,1415,1416,1417,1419,1420,1413
329,1422
330,1423,1424
331,1425
332,1426,1427
333,1429,1430,1431,1432,1434,1435,1428
334,1440,1446,1462,1467,1469,1437
335,1476,1485,1472
336,1487
337,1488,1489
338,1490
339,1491,1492
340,1494,1495,1496,1497,1499,1500,1493
341,1502
342,1503,1504
343,1505
344,1506,1507
345,1509,1510,1511,1512,1514,1515,1508
346,1520,1526,1542,1547,1549,1517
347,1556,1565,1552
348,1570,1572,1577,1581,1582,1567
349,1595,1603,1606,1607,1588
350,1612
351,1624,1625,1613
352,1626,1627,1628,1629,1630,1631,1632,1633,1634,1635,1636,1637,1638,1640,1641,1642,1643,1644,1626
353,1647,1648,1649,1650,1651,1652,1653,1654,1656,1657,1658,1660,1661,1662,1663,1664,1665,1666,1667,1668,1670,1659,1669,1647
354,1671,1672,1673,1674,1675,1676,1677,1678,1679
355,1680
356,1681,1682
357,1683
358,1684,1685
359,1687,1688,1689,1690,1692,1693,1686
360,1695
361,1696,1697
362,1698
363,1699,1700
364,1702,1703,1704,1705,1707,1708,1701
365,1713,1719,1735,1740,1742,1710
366,1749,1758,1745
367,1760
368,1761,1762
369,1763
370,1764,1765
371,1767,1768,1769,1770,1772,1773,1766
372,1775
373,1776,1777
374,1778
375,1779,1780
376,1782,1783,1784,1785,1787,1788,1781
377,1793,1799,1815,1820,1822,1790
378,1829,1838,1825
379,1843,1845,1850,1854,1855,1840
380,1861
381,1862,1863
382,1864
383,1865,1866
384,1868,1869,1870,1871,1873,1874,1867
385,1876
386,1877,1878
387,1879
388,1880,1881
389,1883,1884,1885,1886,1888,1889,1882
390,1894,1900,1916,1921,1923,1891
391,1930,1939,1926
392,1941
393,1942,1943
394,1944
395,1945,1946
396,1948,1949,1950,1951,1953,1954,1947
397,1956
398,1957,1958
399,1959
400,1960,1961
401,1963,1964,1965,1966,1968,1969,1962
402,1974,1980,1996,2001,2003,1971
403,2010,2019,2006
404,2024,2026,2031,2035,2036,2021
405,2049,2057,2060,2061,2042
406,2077,2066
407,2079
408,2080,2081
409,2082
410,2083,2084
411,2086,2087,2088,2089,2091,2092,2085
412,2094
413,2095,2096
414,2097
415,2098,2099
416,2101,2102,2103,2104,2106,2107,2100
417,2112,2118,2134,2139,2141,2109
418,2148,2157,2144
419,2159
420,2160,2161
421,2162
422,2163,2164
423,2166,2167,2168,2169,2171,2172,2165
424,2174
425,2175,2176
426,2177
427,2178,2179
428,2181,2182,2183,2184,2186,2187,2180
429,2192,2198,2214,2219,2221,2189
430,2228,2237,2224
431,2242,2244,2249,2253,2254,2239
432,2260
433,2261,2262
434,2263
435,2264,2265
436,2267,2268,2269,2270,2272,2273,2266
437,2275
438,2276,2277
439,2278
440,2279,2280
441,2282,2283,2284,2285,2287,2288,2281
442,2293,2299,2315,2320,2322,2290
443,2329,2338,2325
444,2340
445,2341,2342
446,2343
447,2344,2345
448,2347,2348,2349,2350,2352,2353,2346
449,2355
450,2356,2357
451,2358
452,2359,2360
453,2362,2363,2364,2365,2367,2368,2361
454,2373,2379,2395,2400,2402,2370
455,2409,2418,2405
456,2423,2425,2430,2434,2435,2420
457,2448,2456,2459,2460,2441
458,2476,2465
459,2481,2483,2488,2478
460,2499
461,2500,2501
462,2502
463,2503,2504
464,2506,2507,2508,2509,2511,2512,2505
465,2514
466,2515,2516
467,2517
468,2518,2519
469,2521,2522,2523,2524,2526,2527,2520
470,2532,2538,2554,2559,2561,2529
471,2568,2577,2564
472,2579
473,2580,2581
474,2582
475,2583,2584
476,2586,2587,2588,2589,2591,2592,2585
477,2594
478,2595,2596
479,2597
480,2598,2599
481,2601,2602,2603,2604,2606,2607,2600
482,2612,2618,2634,2639,2641,2609
483,2648,2657,2644
484,2662,2664,2669,2673,2674,2659
485,2680
486,2681,2682
487,2683
488,2684,2685
489,2687,2688,2689,2690,2692,2693,2686
490,2695
491,2696,2697
492,2698
493,2699,2700
494,2702,2703,2704,2705,2707,2708,2701
495,2713,2719,2735,2740,2742,2710
496,2749,2758,2745
497,2760
498,2761,2762
499,2763
500,2764,2765
501,2767,2768,2769,2770,2772,2773,2766
502,2775
503,2776,2777
504,2778
505,2779,2780
506,2782,2783,2784,2785,2787,2788,2781
507,2793,2799,2815,2820,2822,2790
508,2829,2838,2825
509,2843,2845,2850,2854,2855,2840
510,2868,2876,2879,2880,2861
511,2896,2885
512,2898
513,2899,2900
514,2901
515,2902,2903
516,2905,2906,2907,2908,2910,2911,2904
517,2913
518,2914,2915
519,2916
520,2917,2918
521,2920,2921,2922,2923,2925,2926,2919
522,2931,2937,2953,2958,2960,2928
523,2967,2976,2963
524,2978
525,2979,2980
526,2981
527,2982,2983
528,2985,2986,2987,2988,2990,2991,2984
529,2993
530,2994,2995
531,2996
532,2997,2998
533,3000,3001,3002,3003,3005,3006,2999
534,3011,3017,3033,3038,3040,3008
535,3047,3056,3043
536,3061,3063,3068,3072,3073,3058
537,3079
538,3080,3081
539,3082
540,3083,3084
541,3086,3087,3088,3089,3091,3092,3085
542,3094
543,3095,3096
544,3097
545,3098,3099
546,3101,3102,3103,3104,3106,3107,3100
547,3112,3118,3134,3139,3141,3109
548,3148,3157,3144
549,3159
550,3160,3161
551,3162
552,3163,3164
553,3166,3167,3168,3169,3171,3172,3165
554,3174
555,3175,3176
556,3177
557,3178,3179
558,3181,3182,3183,3184,3186,3187,3180
559,3192,3198,3214,3219,3221,3189
560,3228,3237,3224
561,3242,3244,3249,3253,3254,3239
562,3267,3275,3278,3279,3260
563,3295,3284
564,3300,3302,3307,3297
565,3325,3333,3336,3337,3318
566,3342,3343,3344,3345,3346,3347,3348,3349,3350
567,3358,3351
568,3368
569,3369,3370
570,3371
571,3372,3373
572,3375,3376,3377,3378,3380,3381,3374
573,3383
574,3384,3385
575,3386
576,3387,3388
577,3390,3391,3392,3393,3395,3396,3389
578,3401,3407,3423,3428,3430,3398
579,3437,3446,3433
580,3448
581,3449,3450
582,3451
583,3452,3453
584,3455,3456,3457,3458,3460,3461,3454
585,3463
586,3464,3465
587,3466
588,3467,3468
589,3470,3471,3472,3473,3475,3476,3469
590,3481,3487,3503,3508,3510,3478
591,3517,3526,3513
592,3531,3533,3538,3542,3543,3528
593,3549
594,3550,3551
595,3552
596,3553,3554
597,3556,3557,3558,3559,3561,3562,3555
598,3564
599,3565,3566
600,3567
601,3568,3569
602,3571,3572,3573,3574,3576,3577,3570
603,3582,3588,3604,3609,3611,3579
604,3618,3627,3614
605,3629
606,3630,3631
607,3632
608,3633,3634
609,3636,3637,3638,3639,3641,3642,3635
610,3644
611,3645,3646
612,3647
613,3648,3649
614,3651,3652,3653,3654,3656,3657,3650
615,3662,3668,3684,3689,3691,3659
616,3698,3707,3694
617,3712,3714,3719,3723,3724,3709
618,3737,3745,3748,3749,3730
619,3765,3754
620,3767
621,3768,3769
622,3770
623,3771,3772
624,3774,3775,3776,3777,3779,3780,3773
625,3782
626,3783,3784
627,3785
628,3786,3787
629,3789,3790,3791,3792,3794,3795,3788
630,3800,3806,3822,3827,3829,3797
631,3836,3845,3832
632,3847
633,3848,3849
634,3850
635,3851,3852
636,3854,3855,3856,3857,3859,3860,3853
637,3862
638,3863,3864
639,3865
640,3866,3867
641,3869,3870,3871,3872,3874,3875,3868
642,3880,3886,3902,3907,3909,3877
643,3916,3925,3912
644,3930,3932,3937,3941,3942,3927
645,3948
646,3949,3950
647,3951
648,3952,3953
649,3955,3956,3957,3958,3960,3961,3954
650,3963
651,3964,3965
652,3966
653,3967,3968
654,3970,3971,3972,3973,3975,3976,3969
655,3981,3987,4003,4008,4010,3978
656,4017,4026,4013
657,4028
658,4029,4030
659,4031
660,4032,4033
661,4035,4036,4037,4038,4040,4041,4034
662,4043
663,4044,4045
664,4046
665,4047,4048
666,4050,4051,4052,4053,4055,4056,4049
667,4061,4067,4083,4088,4090,4058
668,4097,4106,4093
669,4111,4113,4118,4122,4123,4108
670,4136,4144,4147,4148,4129
671,4164,4153
672,4169,4171,4176,4166
673,4187
674,4188,4189
675,4190
676,4191,4192
677,4194,4195,4196,4197,4199,4200,4193
678,4202
679,4203,4204
680,4205
681,4206,4207
682,4209,4210,4211,4212,4214,4215,4208
683,4220,4226,4242,4247,4249,4217
684,4256,4265,4252
685,4267
686,4268,4269
687,4270
688,4271,4272
689,4274,4275,4276,4277,4279,4280,4273
690,4282
691,4283,4284
692,4285
693,4286,4287
694,4289,4290,4291,4292,4294,4295,4288
695,4300,4306,4322,4327,4329,4297
696,4336,4345,4332
697,4350,4352,4357,4361,4362,4347
698,4368
699,4369,4370
700,4371
701,4372,4373
702,4375,4376,4377,4378,4380,4381,4374
703,4383
704,4384,4385
705,4386
706,4387,4388
707,4390,4391,4392,4393,4395,4396,4389
708,4401,4407,4423,4428,4430,4398
709,4437,4446,4433
710,4448
711,4449,4450
712,4451
713,4452,4453
714,4455,4456,4457,4458,4460,4461,4454
715,4463
716,4464,4465
717,4466
718,4467,4468
719,4470,4471,4472,4473,4475,4476,4469
720,4481,4487,4503,4508,4510,4478
721,4517,4526,4513
722,4531,4533,4538,4542,4543,4528
723,4556,4564,4567,4568,4549
724,4584,4573
725,4586
726,4587,4588
727,4589
728,4590,4591
729,4593,4594,4595,4596,4598,4599,4592
730,4601
731,4602,4603
732,4604
733,4605,4606
734,4608,4609,4610,4611,4613,4614,4607
735,4619,4625,4641,4646,4648,4616
736,4655,4664,4651
737,4666
738,4667,4668
739,4669
740,4670,4671
741,4673,4674,4675,4676,4678,4679,4672
742,4681
743,4682,4683
744,4684
745,4685,4686
746,4688,4689,4690,4691,4693,4694,4687
747,4699,4705,4721,4726,4728,4696
748,4735,4744,4731
749,4749,4751,4756,4760,4761,4746
750,4767
751,4768,4769
752,4770
753,4771,4772
754,4774,4775,4776,4777,4779,4780,4773
755,4782
756,4783,4784
757,4785
758,4786,4787
759,4789,4790,4791,4792,4794,4795,4788
760,4800,4806,4822,4827,4829,4797
761,4836,4845,4832
762,4847
763,4848,4849
764,4850
765,4851,4852
766,4854,4855,4856,4857,4859,4860,4853
767,4862
768,4863,4864
769,4865
770,4866,4867
771,4869,4870,4871,4872,4874,4875,4868
772,4880,4886,4902,4907,4909,4877
773,4916,4925,4912
774,4930,4932,4937,4941,4942,4927
775,4955,4963,4966,4967,4948
776,4983,4972
777,4988,4990,4995,4985
778,5013,5021,5024,5025,5006
779,5030,5031,5032,5033,5034,5035,5036,5037,5038
780,5039
781,5040,5041
782,5042
783,5043,5044
784,5046,5047,5048,5049,5051,5052,5045
785,5054
786,5055,5056
787,5057
788,5058,5059
789,5061,5062,5063,5064,5066,5067,5060
790,5072,5078,5094,5099,5101,5069
791,5108,5117,5104
792,5119
793,5120,5121
794,5122
795,5123,5124
796,5126,5127,5128,5129,5131,5132,5125
797,5134
798,5135,5136
799,5137
800,5138,5139
801,5141,5142,5143,5144,5146,5147,5140
802,5152,5158,5174,5179,5181,5149
803,5188,5197,5184
804,5202,5204,5209,5213,5214,5199
805,5220
806,5221,5222
807,5223
808,5224,5225
809,5227,5228,5229,5230,5232,5233,5226
810,5235
811,5236,5237
812,5238
813,5239,5240
814,5242,5243,5244,5245,5247,5248,5241
815,5253,5259,5275,5280,5282,5250
816,5289,5298,5285
817,5300
818,5301,5302
819,5303
820,5304,5305
821,5307,5308,5309,5310,5312,5313,5306
822,5315
823,5316,5317
824,5318
825,5319,5320
826,5322,5323,5324,5325,5327,5328,5321
827,5333,5339,5355,5360,5362,5330
828,5369,5378,5365
829,5383,5385,5390,5394,5395,5380
830,5408,5416,5419,5420,5401
831,5436,5425
832,5438
833,5439,5440
834,5441
835,5442,5443
836,5445,5446,5447,5448,5450,5451,5444
837,5453
838,5454,5455
839,5456
840,5457,5458
841,5460,5461,5462,5463,5465,5466,5459
842,5471,5477,5493,5498,5500,5468
843,5507,5516,5503
844,5518
845,5519,5520
846,5521
847,5522,5523
848,5525,5526,5527,5528,5530,5531,5524
849,5533
850,5534,5535
851,5536
852,5537,5538
853,5540,5541,5542,5543,5545,5546,5539
854,5551,5557,5573,5578,5580,5548
855,5587,5596,5583
856,5601,5603,5608,5612,5613,5598
857,5619
858,5620,5621
859,5622
860,5623,5624
861,5626,5627,5628,5629,5631,5632,5625
862,5634
863,5635,5636
864,5637
865,5638,5639
866,5641,5642,5643,5644,5646,5647,5640
867,5652,5658,5674,5679,5681,5649
868,5688,5697,5684
869,5699
870,5700,5701
871,5702
872,5703,5704
873,5706,5707,5708,5709,5711,5712,5705
874,5714
875,5715,5716
876,5717
877,5718,5719
878,5721,5722,5723,5724,5726,5727,5720
879,5732,5738,5754,5759,5761,5729
880,5768,5777,5764
881,5782,5784,5789,5793,5794,5779
882,5807,5815,5818,5819,5800
883,5835,5824
884,5840,5842,5847,5837
885,5858
886,5859,5860
887,5861
888,5862,5863
889,5865,5866,5867,5868,5870,5871,5864
890,5873
891,5874,5875
892,5876
893,5877,5878
894,5880,5881,5882,5883,5885,5886,5879
895,5891,5897,5913,5918,5920,5888
896,5927,5936,5923
897,5938
898,5939,5940
899,5941
900,5942,5943
901,5945,5946,5947,5948,5950,5951,5944
902,5953
903,5954,5955
904,5956
905,5957,5958
906,5960,5961,5962,5963,5965,5966,5959
907,5971,5977,5993,5998,6000,5968
908,6007,6016,6003
909,6021,6023,6028,6032,6033,6018
910,6039
911,6040,6041
912,6042
913,6043,6044
914,6046,6047,6048,6049,6051,6052,6045
915,6054
916,6055,6056
917,6057
918,6058,6059
919,6061,6062,6063,6064,6066,6067,6060
920,6072,6078,6094,6099,6101,6069
921,6108,6117,6104
922,6119
923,6120,6121
924,6122
925,6123,6124
926,6126,6127,6128,6129,6131,6132,6125
927,6134
928,6135,6136
929,6137
930,6138,6139
931,6141,6142,6143,6144,6146,6147,6140
932,6152,6158,6174,6179,6181,6149
933,6188,6197,6184
934,6202,6204,6209,6213,6214,6199
935,6227,6235,6238,6239,6220
936,6255,6244
937,6257
938,6258,6259
939,6260
940,6261,6262
941,6264,6265,6266,6267,6269,6270,6263
942,6272
943,6273,6274
944,6275
945,6276,6277
946,6279,6280,6281,6282,6284,6285,6278
947,6290,6296,6312,6317,6319,6287
948,6326,6335,6322
949,6337
950,6338,6339
951,6340
952,6341,6342
953,6344,6345,6346,6347,6349,6350,6343
954,6352
955,6353,6354
956,6355
957,6356,6357
958,6359,6360,6361,6362,6364,6365,6358
959,6370,6376,6392,6397,6399,6367
960,6406,6415,6402
961,6420,6422,6427,6431,6432,6417
962,6438
963,6439,6440
964,6441
965,6442,6443
966,6445,6446,6447,6448,6450,6451,6444
967,6453
968,6454,6455
969,6456
970,6457,6458
971,6460,6461,6462,6463,6465,6466,6459
972,6471,6477,6493,6498,6500,6468
973,6507,6516,6503
974,6518
975,6519,6520
976,6521
977,6522,6523
978,6525,6526,6527,6528,6530,6531,6524
979,6533
980,6534,6535
981,6536
982,6537,6538
983,6540,6541,6542,6543,6545,6546,6539
984,6551,6557,6573,6578,6580,6548
985,6587,6596,6583
986,6601,6603,6608,6612,6613,6598
987,6626,6634,6637,6638,6619
988,6654,6643
989,6659,6661,6666,6656
990,6684,6692,6695,6696,6677
991,6701,6702,6703,6704,6705,6706,6707,6708,6709
992,6717,6710
993,6727,6728
994,6729,6730
995,6732,6733,6734,6735,6737,6738,6731
996,6740,6741
997,6742,6743
998,6745,6746,6747,6748,6750,6751,6744
999,6756,6760,6762,6753
1000,6792,6801,6788
1001,6803,6804
1002,6805,6806
1003,6808,6809,6810,6811,6813,6814,6807
1004,6816,6817
1005,6818,6819
1006,6821,6822,6823,6824,6826,6827,6820
1007,6832,6836,6838,6829
1008,6868,6877,6864
1009,6882,6884,6889,6893,6894,6879
1010,6900,6901
1011,6902,6903
1012,6905,6906,6907,6908,6910,6911,6904
1013,6913,6914
1014,6915,6916
1015,6918,6919,6920,6921,6923,6924,6917
1016,6929,6933,6935,6926
1017,6965,6974,6961
1018,6976,6977
1019,6978,6979
1020,6981,6982,6983,6984,6986,6987,6980
1021,6989,6990
1022,6991,6992
1023,6994,6995,6996,6997,6999,7000,6993
1024,7005,7009,7011,7002
1025,7041,7050,7037
1026,7055,7057,7062,7066,7067,7052
1027,7080,7088,7091,7092,7073
1028,7108,7097
1029,7110,7111
1030,7112,7113
1031,7115,7116,7117,7118,7120,7121,7114
1032,7123,7124
1033,7125,7126
1034,7128,7129,7130,7131,7133,7134,7127
1035,7139,7143,7145,7136
1036,7175,7184,7171
1037,7186,7187
1038,7188,7189
1039,7191,7192,7193,7194,7196,7197,7190
1040,7199,7200
1041,7201,7202
1042,7204,7205,7206,7207,7209,7210,7203
1043,7215,7219,7221,7212
1044,7251,7260,7247
1045,7265,7267,7272,7276,7277,7262
1046,7283,7284
1047,7285,7286
1048,7288,7289,7290,7291,7293,7294,7287
1049,7296,7297
1050,7298,7299
1051,7301,7302,7303,7304,7306,7307,7300
1052,7312,7316,7318,7309
1053,7348,7357,7344
1054,7359,7360
1055,7361,7362
1056,7364,7365,7366,7367,7369,7370,7363
1057,7372,7373
1058,7374,7375
1059,7377,7378,7379,7380,7382,7383,7376
1060,7388,7392,7394,7385
1061,7424,7433,7420
1062,7438,7440,7445,7449,7450,7435
1063,7463,7471,7474,7475,7456
1064,7491,7480
1065,7496,7498,7503,7493
1066,7514,7515
1067,7516,7517
1068,7519,7520,7521,7522,7524,7525,7518
1069,7527,7528
1070,7529,7530
1071,7532,7533,7534,7535,7537,7538,7531
1072,7543,7547,7549,7540
1073,7579,7588,7575
1074,7590,7591
1075,7592,7593
1076,7595,7596,7597,7598,7600,7601,7594
1077,7603,7604
1078,7605,7606
1079,7608,7609,7610,7611,7613,7614,7607
1080,7619,7623,7625,7616
1081,7655,7664,7651
1082,7669,7671,7676,7680,7681,7666
1083,7687,7688
1084,7689,7690
1085,7692,7693,7694,7695,7697,7698,7691
1086,7700,7701
1087,7702,7703
1088,7705,7706,7707,7708,7710,7711,7704
1089,7716,7720,7722,7713
1090,7752,7761,7748
1091,7763,7764
1092,7765,7766
1093,7768,7769,7770,7771,7773,7774,7767
1094,7776,7777
1095,7778,7779
1096,7781,7782,7783,7784,7786,7787,7780
1097,7792,7796,7798,7789
1098,7828,7837,7824
1099,7842,7844,7849,7853,7854,7839
1100,7867,7875,7878,7879,7860
1101,7895,7884
1102,7897,7898
1103,7899,7900
1104,7902,7903,7904,7905,7907,7908,7901
1105,7910,7911
1106,7912,7913
1107,7915,7916,7917,7918,7920,7921,7914
1108,7926,7930,7932,7923
1109,7962,7971,7958
1110,7973,7974
1111,7975,7976
1112,7978,7979,7980,7981,7983,7984,7977
1113,7986,7987
1114,7988,7989
1115,7991,7992,7993,7994,7996,7997,7990
1116,8002,8006,8008,7999
1117,8038,8047,8034
1118,8052,8054,8059,8063,8064,8049
1119,8070,8071
1120,8072,8073
1121,8075,8076,8077,8078,8080,8081,8074
1122,8083,8084
1123,8085,8086
1124,8088,8089,8090,8091,8093,8094,8087
1125,8099,8103,8105,8096
1126,8135,8144,8131
1127,8146,8147
1128,8148,8149
1129,8151,8152,8153,8154,8156,8157,8150
1130,8159,8160
1131,8161,8162
1132,8164,8165,8166,8167,8169,8170,8163
1133,8175,8179,8181,8172
1134,8211,8220,8207
1135,8225,8227,8232,8236,8237,8222
1136,8250,8258,8261,8262,8243
1137,8278,8267
1138,8283,8285,8290,8280
1139,8308,8316,8319,8320,8301
1140,8325,8326,8327,8328,8329,8330,8331,8332,8333
1141,8334,8335
1142,8336,8337
1143,8339,8340,8341,8342,8344,8345,8338
1144,8347,8348
1145,8349,8350
1146,8352,8353,8354,8355,8357,8358,8351
1147,8363,8367,8369,8360
1148,8399,8408,8395
1149,8410,8411
1150,8412,8413
1151,8415,8416,8417,8418,8420,8421,8414
1152,8423,8424
1153,8425,8426
1154,8428,8429,8430,8431,8433,8434,8427
1155,8439,8443,8445,8436
1156,8475,8484,8471
1157,8489,8491,8496,8500,8501,8486
1158,8507,8508
1159,8509,8510
1160,8512,8513,8514,8515,8517,8518,8511
1161,8520,8521
1162,8522,8523
1163,8525,8526,8527,8528,8530,8531,8524
1164,8536,8540,8542,8533
1165,8572,8581,8568
1166,8583,8584
1167,8585,8586
1168,8588,8589,8590,8591,8593,8594,8587
1169,8596,8597
1170,8598,8599
1171,8601,8602,8603,8604,8606,8607,8600
1172,8612,8616,8618,8609
1173,8648,8657,8644
1174,8662,8664,8669,8673,8674,8659
1175,8687,8695,8698,8699,8680
1176,8715,8704
1177,8717,8718
1178,8719,8720
1179,8722,8723,8724,8725,8727,8728,8721
1180,8730,8731
1181,8732,8733
1182,8735,8736,8737,8738,8740,8741,8734
1183,8746,8750,8752,8743
1184,8782,8791,8778
1185,8793,8794
1186,8795,8796
1187,8798,8799,8800,8801,8803,8804,8797
1188,8806,8807
1189,8808,8809
1190,8811,8812,8813,8814,8816,8817,8810
1191,8822,8826,8828,8819
1192,8858,8867,8854
1193,8872,8874,8879,8883,8884,8869
1194,8890,8891
1195,8892,8893
1196,8895,8896,8897,8898,8900,8901,8894
1197,8903,8904
1198,8905,8906
1199,8908,8909,8910,8911,8913,8914,8907
1200,8919,8923,8925,8916
1201,8955,8964,8951
1202,8966,8967
1203,8968,8969
1204,8971,8972,8973,8974,8976,8977,8970
1205,8979,8980
1206,8981,8982
1207,8984,8985,8986,8987,8989,8990,8983
1208,8995,8999,9001,8992
1209,9031,9040,9027
1210,9045,9047,9052,9056,9057,9042
1211,9070,9078,9081,9082,9063
1212,9098,9087
1213,9103,9105,9110,9100
1214,9121,9122
1215,9123,9124
1216,9126,9127,9128,9129,9131,9132,9125
1217,9134,9135
1218,9136,9137
1219,9139,9140,9141,9142,9144,9145,9138
1220,9150,9154,9156,9147
1221,9186,9195,9182
1222,9197,9198
1223,9199,9200
1224,9202,9203,9204,9205,9207,9208,9201
1225,9210,9211
1226,9212,9213
1227,9215,9216,9217,9218,9220,9221,9214
1228,9226,9230,9232,9223
1229,9262,9271,9258
1230,9276,9278,9283,9287,9288,9273
1231,9294,9295
1232,9296,9297
1233,9299,9300,9301,9302,9304,9305,9298
1234,9307,9308
1235,9309,9310
1236,9312,9313,9314,9315,9317,9318,9311
1237,9323,9327,9329,9320
1238,9359,9368,9355
1239,9370,9371
1240,9372,9373
1241,9375,9376,9377,9378,9380,9381,9374
1242,9383,9384
1243,9385,9386
1244,9388,9389,9390,9391,9393,9394,9387
1245,9399,9403,9405,9396
1246,9435,9444,9431
1247,9449,9451,9456,9460,9461,9446
1248,9474,9482,9485,9486,9467
1249,9502,9491
1250,9504,9505
1251,9506,9507
1252,9509,9510,9511,9512,9514,9515,9508
1253,9517,9518
1254,9519,9520
1255,9522,9523,9524,9525,9527,9528,9521
1256,9533,9537,9539,9530
1257,9569,9578,9565
1258,9580,9581
1259,9582,9583
1260,9585,9586,9587,9588,9590,9591,9584
1261,9593,9594
1262,9595,9596
1263,9598,9599,9600,9601,9603,9604,9597
1264,9609,9613,9615,9606
1265,9645,9654,9641
1266,9659,9661,9666,9670,9671,9656
1267,9677,9678
1268,9679,9680
1269,9682,9683,9684,9685,9687,9688,9681
1270,9690,9691
1271,9692,9693
1272,9695,9696,9697,9698,9700,9701,9694
1273,9706,9710,9712,9703
1274,9742,9751,9738
1275,9753,9754
1276,9755,9756
1277,9758,9759,9760,9761,9763,9764,9757
1278,9766,9767
1279,9768,9769
1280,9771,9772,9773,9774,9776,9777,9770
1281,9782,9786,9788,9779
1282,9818,9827,9814
1283,9832,9834,9839,9843,9844,9829
1284,9857,9865,9868,9869,9850
1285,9885,9874
1286,9890,9892,9897,9887
1287,9915,9923,9926,9927,9908
1288,9932,9933,9934,9935,9936,9937,9938,9939,9940
1289,9948,9941
1290,9958,9959
1291,9960,9961
1292,9963,9964,9965,9966,9968,9969,9962
1293,9971,9972
1294,9973,9974
1295,9976,9977,9978,9979,9981,9982,9975
1296,9987,9991,9993,9984
1297,10023,10032,10019
1298,10034,10035
1299,10036,10037
1300,10039,10040,10041,10042,10044,10045,10038
1301,10047,10048
1302,10049,10050
1303,10052,10053,10054,10055,10057,10058,10051
1304,10063,10067,10069,10060
1305,10099,10108,10095
1306,10113,10115,10120,10124,10125,10110
1307,10131,10132
1308,10133,10134
1309,10136,10137,10138,10139,10141,10142,10135
1310,10144,10145
1311,10146,10147
1312,10149,10150,10151,10152,10154,10155,10148
1313,10160,10164,10166,10157
1314,10196,10205,10192
1315,10207,10208
1316,10209,10210
1317,10212,10213,10214,10215,10217,10218,10211
1318,10220,10221
1319,10222,10223
1320,10225,10226,10227,10228,10230,10231,10224
1321,10236,10240,10242,10233
1322,10272,10281,10268
1323,10286,10288,10293,10297,10298,10283
1324,10311,10319,10322,10323,10304
1325,10339,10328
1326,10341,10342
1327,10343,10344
1328,10346,10347,10348,10349,10351,10352,10345
1329,10354,10355
1330,10356,10357
1331,10359,10360,10361,10362,10364,10365,10358
1332,10370,10374,10376,10367
1333,10406,10415,10402
1334,10417,10418
1335,10419,10420
1336,10422,10423,10424,10425,10427,10428,10421
1337,10430,10431
1338,10432,10433
1339,10435,10436,10437,10438,10440,10441,10434
1340,10446,10450,10452,10443
1341,10482,10491,10478
1342,10496,10498,10503,10507,10508,10493
1343,10514,10515
1344,10516,10517
1345,10519,10520,10521,10522,10524,10525,10518
1346,10527,10528
1347,10529,10530
1348,10532,10533,10534,10535,10537,10538,10531
1349,10543,10547,10549,10540
1350,10579,10588,10575
1351,10590,10591
1352,10592,10593
1353,10595,10596,10597,10598,10600,10601,10594
1354,10603,10604
1355,10605,10606
1356,10608,10609,10610,10611,10613,10614,10607
1357,10619,10623,10625,10616
1358,10655,10664,10651
1359,10669,10671,10676,10680,10681,10666
1360,10694,10702,10705,10706,10687
1361,10722,10711
1362,10727,10729,10734,10724
1363,10745,10746
1364,10747,10748
1365,10750,10751,10752,10753,10755,10756,10749
1366,10758,10759
1367,10760,10761
1368,10763,10764,10765,10766,10768,10769,10762
1369,10774,10778,10780,10771
1370,10810,10819,10806
1371,10821,10822
1372,10823,10824
1373,10826,10827,10828,10829,10831,10832,10825
1374,10834,10835
1375,10836,10837
1376,10839,10840,10841,10842,10844,10845,10838
1377,10850,10854,10856,10847
1378,10886,10895,10882
1379,10900,10902,10907,10911,10912,10897
1380,10918,10919
1381,10920,10921
1382,10923,10924,10925,10926,10928,10929,10922
1383,10931,10932
1384,10933,10934
1385,10936,10937,10938,10939,10941,10942,10935
1386,10947,10951,10953,10944
1387,10983,10992,10979
1388,10994,10995
1389,10996,10997
1390,10999,11000,11001,11002,11004,11005,10998
1391,11007,11008
1392,11009,11010
1393,11012,11013,11014,11015,11017,11018,11011
1394,11023,11027,11029,11020
1395,11059,11068,11055
1396,11073,11075,11080,11084,11085,11070
1397,11098,11106,11109,11110,11091
1398,11126,11115
1399,11128,11129
1400,11130,11131
1401,11133,11134,11135,11136,11138,11139,11132
1402,11141,11142
1403,11143,11144
1404,11146,11147,11148,11149,11151,11152,11145
1405,11157,11161,11163,11154
1406,11193,11202,11189
1407,11204,11205
1408,11206,11207
1409,11209,11210,11211,11212,11214,11215,11208
1410,11217,11218
1411,11219,11220
1412,11222,11223,11224,11225,11227,11228,11221
1413,11233,11237,11239,11230
1414,11269,11278,11265
1415,11283,11285,11290,11294,11295,11280
1416,11301,11302
1417,11303,11304
1418,11306,11307,11308,11309,11311,11312,11305
1419,11314,11315
1420,11316,11317
1421,11319,11320,11321,11322,11324,11325,11318
1422,11330,11334,11336,11327
1423,11366,11375,11362
1424,11377,11378
1425,11379,11380
1426,11382,11383,11384,11385,11387,11388,11381
1427,11390,11391
1428,11392,11393
1429,11395,11396,11397,11398,11400,11401,11394
1430,11406,11410,11412,11403
1431,11442,11451,11438
1432,11456,11458,11463,11467,11468,11453
1433,11481,11489,11492,11493,11474
1434,11509,11498
1435,11514,11516,11521,11511
1436,11539,11547,11550,11551,11532
1437,11556,11557,11558,11559,11560,11561,11562,11563,11564
1438,11565,11566
1439,11567,11568
1440,11570,11571,11572,11573,11575,11576,11569
1441,11578,11579
1442,11580,11581
1443,11583,11584,11585,11586,11588,11589,11582
1444,11594,11598,11600,11591
1445,11630,11639,11626
1446,11641,11642
1447,11643,11644
1448,11646,11647,11648,11649,11651,11652,11645
1449,11654,11655
1450,11656,11657
1451,11659,11660,11661,11662,11664,11665,11658
1452,11670,11674,11676,11667
1453,11706,11715,11702
1454,11720,11722,11727,11731,11732,11717
1455,11738,11739
1456,11740,11741
1457,11743,11744,11745,11746,11748,11749,11742
1458,11751,11752
1459,11753,11754
1460,11756,11757,11758,11759,11761,11762,11755
1461,11767,11771,11773,11764
1462,11803,11812,11799
1463,11814,11815
1464,11816,11817
1465,11819,11820,11821,11822,11824,11825,11818
1466,11827,11828
1467,11829,11830
1468,11832,11833,11834,11835,11837,11838,11831
1469,11843,11847,11849,11840
1470,11879,11888,11875
1471,11893,11895,11900,11904,11905,11890
1472,11918,11926,11929,11930,11911
1473,11946,11935
1474,11948,11949
1475,11950,11951
1476,11953,11954,11955,11956,11958,11959,11952
1477,11961,11962
1478,11963,11964
1479,11966,11967,11968,11969,11971,11972,11965
1480,11977,11981,11983,11974
1481,12013,12022,12009
1482,12024,12025
1483,12026,12027
1484,12029,12030,12031,12032,12034,12035,12028
1485,12037,12038
1486,12039,12040
1487,12042,12043,12044,12045,12047,12048,12041
1488,12053,12057,12059,12050
1489,12089,12098,12085
1490,12103,12105,12110,12114,12115,12100
1491,12121,12122
1492,12123,12124
1493,12126,12127,12128,12129,12131,12132,12125
1494,12134,12135
1495,12136,12137
1496,12139,12140,12141,12142,12144,12145,12138
1497,12150,12154,12156,12147
1498,12186,12195,12182
1499,12197,12198
1500,12199,12200
1501,12202,12203,12204,12205,12207,12208,12201
1502,12210,12211
1503,12212,12213
1504,12215,12216,12217,12218,12220,12221,12214
1505,12226,12230,12232,12223
1506,12262,12271,12258
1507,12276,12278,12283,12287,12288,12273
1508,12301,12309,12312,12313,12294
1509,12329,12318
1510,12334,12336,12341,12331
1511,12352,12353
1512,12354,12355
1513,12357,12358,12359,12360,12362,12363,12356
1514,12365,12366
1515,12367,12368
1516,12370,12371,12372,12373,12375,12376,12369
1517,12381,12385,12387,12378
1518,12417,12426,12413
1519,12428,12429
1520,12430,12431
1521,12433,12434,12435,12436,12438,12439,12432
1522,12441,12442
1523,12443,12444
1524,12446,12447,12448,12449,12451,12452,12445
1525,12457,12461,12463,12454
1526,12493,12502,12489
1527,12507,12509,12514,12518,12519,12504
1528,12525,12526
1529,12527,12528
1530,12530,12531,12532,12533,12535,12536,12529
1531,12538,12539
1532,12540,12541
1533,12543,12544,12545,12546,12548,12549,12542
1534,12554,12558,12560,12551
1535,12590,12599,12586
1536,12601,12602
1537,12603,12604
1538,12606,12607,12608,12609,12611,12612,12605
1539,12614,12615
1540,12616,12617
1541,12619,12620,12621,12622,12624,12625,12618
1542,12630,12634,12636,12627
1543,12666,12675,12662
1544,12680,12682,12687,12691,12692,12677
1545,12705,12713,12716,12717,12698
1546,12733,12722
1547,12735,12736
1548,12737,12738
1549,12740,12741,12742,12743,12745,12746,12739
1550,12748,12749
1551,12750,12751
1552,12753,12754,12755,12756,12758,12759,12752
1553,12764,12768,12770,12761
1554,12800,12809,12796
1555,12811,12812
1556,12813,12814
1557,12816,12817,12818,12819,12821,12822,12815
1558,12824,12825
1559,12826,12827
1560,12829,12830,12831,12832,12834,12835,12828
1561,12840,12844,12846,12837
1562,12876,12885,12872
1563,12890,12892,12897,12901,12902,12887
1564,12908,12909
1565,12910,12911
1566,12913,12914,12915,12916,12918,12919,12912
1567,12921,12922
1568,12923,12924
1569,12926,12927,12928,12929,12931,12932,12925
1570,12937,12941,12943,12934
1571,12973,12982,12969
1572,12984,12985
1573,12986,12987
1574,12989,12990,12991,12992,12994,12995,12988
1575,12997,12998
1576,12999,13000
1577,13002,13003,13004,13005,13007,13008,13001
1578,13013,13017,13019,13010
1579,13049,13058,13045
1580,13063,13065,13070,13074,13075,13060
1581,13088,13096,13099,13100,13081
1582,13116,13105
1583,13121,13123,13128,13118
1584,13146,13154,13157,13158,13139
1585,13163,13164,13165,13166,13167,13168,13169,13170,13171
1586,13179,13172
1587,13193,13202,13189
1588,13210,13217,13218,13204
1589,13222,13225,13233,13219,13219
1590,13244,13253,13240
1591,13261,13268,13269,13255
1592,13273,13276,13284,13270,13270
1593,13298,13304,13310,13293,13291
1594,13315,13316,13318,13319,13321,13322,13324,13325,13326,13327,13317,13320,13323
1595,13332,13341,13328
1596,13347,13356,13343
1597,13361,13363,13371,13372,13358
1598,13383,13392,13379
1599,13398,13407,13394
1600,13412,13414,13422,13423,13409
1601,13437,13445,13449,13430
1602,13465,13454
1603,13470,13472,13477,13467
1604,13492,13501,13488
1605,13507,13516,13503
1606,13521,13523,13531,13532,13518
1607,13543,13552,13539
1608,13558,13567,13554
1609,13572,13574,13582,13583,13569
1610,13597,13605,13609,13590
1611,13625,13614
1612,13631,13640,13627
1613,13646,13655,13642
1614,13660,13662,13670,13671,13657
1615,13682,13691,13678
1616,13697,13706,13693
1617,13711,13713,13721,13722,13708
1618,13736,13744,13748,13729
1619,13764,13753
1620,13769,13771,13776,13766
1621,13794,13802,13805,13806,13787
1622,13811,13812,13813,13814,13815,13816,13817,13818,13819
1623,13824,13833,13820
1624,13839,13848,13835
1625,13853,13855,13863,13864,13850
1626,13875,13884,13871
1627,13890,13899,13886
1628,13904,13906,13914,13915,13901
1629,13929,13937,13941,13922
1630,13957,13946
1631,13963,13972,13959
1632,13978,13987,13974
1633,13992,13994,14002,14003,13989
1634,14014,14023,14010
1635,14029,14038,14025
1636,14043,14045,14053,14054,14040
1637,14068,14076,14080,14061
1638,14096,14085
1639,14101,14103,14108,14098
1640,14123,14132,14119
1641,14138,14147,14134
1642,14152,14154,14162,14163,14149
1643,14174,14183,14170
1644,14189,14198,14185
1645,14203,14205,14213,14214,14200
1646,14228,14236,14240,14221
1647,14256,14245
1648,14262,14271,14258
1649,14277,14286,14273
1650,14291,14293,14301,14302,14288
1651,14313,14322,14309
1652,14328,14337,14324
1653,14342,14344,14352,14353,14339
1654,14367,14375,14379,14360
1655,14395,14384
1656,14400,14402,14407,14397
1657,14425,14433,14436,14437,14418
1658,14442,14443,14444,14445,14446,14447,14448,14449,14450
1659,14458,14451
1660,14472,14481,14468
1661,14487,14496,14483
1662,14501,14503,14511,14512,14498
1663,14523,14532,14519
1664,14538,14547,14534
1665,14552,14554,14562,14563,14549
1666,14577,14585,14589,14570
1667,14605,14594
1668,14611,14620,14607
1669,14626,14635,14622
1670,14640,14642,14650,14651,14637
1671,14662,14671,14658
1672,14677,14686,14673
1673,14691,14693,14701,14702,14688
1674,14716,14724,14728,14709
1675,14744,14733
1676,14749,14751,14756,14746
1677,14771,14780,14767
1678,14786,14795,14782
1679,14800,14802,14810,14811,14797
1680,14822,14831,14818
1681,14837,14846,14833
1682,14851,14853,14861,14862,14848
1683,14876,14884,14888,14869
1684,14904,14893
1685,14910,14919,14906
1686,14925,14934,14921
1687,14939,14941,14949,14950,14936
1688,14961,14970,14957
1689,14976,14985,14972
1690,14990,14992,15000,15001,14987
1691,15015,15023,15027,15008
1692,15043,15032
1693,15048,15050,15055,15045
1694,15073,15081,15084,15085,15066
1695,15090,15091,15092,15093,15094,15095,15096,15097,15098
1696,15103,15112,15099
1697,15118,15127,15114
1698,15132,15134,15142,15143,15129
1699,15154,15163,15150
1700,15169,15178,15165
1701,15183,15185,15193,15194,15180
1702,15208,15216,15220,15201
1703,15236,15225
1704,15242,15251,15238
1705,15257,15266,15253
1706,15271,15273,15281,15282,15268
1707,15293,15302,15289
1708,15308,15317,15304
1709,15322,15324,15332,15333,15319
1710,15347,15355,15359,15340
1711,15375,15364
1712,15380,15382,15387,15377
1713,15402,15411,15398
1714,15417,15426,15413
1715,15431,15433,15441,15442,15428
1716,15453,15462,15449
1717,15468,15477,15464
1718,15482,15484,15492,15493,15479
1719,15507,15515,15519,15500
1720,15535,15524
1721,15541,15550,15537
1722,15556,15565,15552
1723,15570,15572,15580,15581,15567
1724,15592,15601,15588
1725,15607,15616,15603
1726,15621,15623,15631,15632,15618
1727,15646,15654,15658,15639
1728,15674,15663
1729,15679,15681,15686,15676
1730,15704,15712,15715,15716,15697
1731,15721,15722,15723,15724,15725,15726,15727,15728,15729
1732,15737,15730
1733,15751,15760,15747
1734,15766,15775,15762
1735,15780,15782,15790,15791,15777
1736,15802,15811,15798
1737,15817,15826,15813
1738,15831,15833,15841,15842,15828
1739,15856,15864,15868,15849
1740,15884,15873
1741,15890,15899,15886
1742,15905,15914,15901
1743,15919,15921,15929,15930,15916
1744,15941,15950,15937
1745,15956,15965,15952
1746,15970,15972,15980,15981,15967
1747,15995,16003,16007,15988
1748,16023,16012
1749,16028,16030,16035,16025
1750,16050,16059,16046
1751,16065,16074,16061
1752,16079,16081,16089,16090,16076
1753,16101,16110,16097
1754,16116,16125,16112
1755,16130,16132,16140,16141,16127
1756,16155,16163,16167,16148
1757,16183,16172
1758,16189,16198,16185
1759,16204,16213,16200
1760,16218,16220,16228,16229,16215
1761,16240,16249,16236
1762,16255,16264,16251
1763,16269,16271,16279,16280,16266
1764,16294,16302,16306,16287
1765,16322,16311
1766,16327,16329,16334,16324
1767,16352,16360,16363,16364,16345
1768,16369,16370,16371,16372,16373,16374,16375,16376,16377
1769,16382,16391,16378
1770,16397,16406,16393
1771,16411,16413,16421,16422,16408
1772,16433,16442,16429
1773,16448,16457,16444
1774,16462,16464,16472,16473,16459
1775,16487,16495,16499,16480
1776,16515,16504
1777,16521,16530,16517
1778,16536,16545,16532
1779,16550,16552,16560,16561,16547
1780,16572,16581,16568
1781,16587,16596,16583
1782,16601,16603,16611,16612,16598
1783,16626,16634,16638,16619
1784,16654,16643
1785,16659,16661,16666,16656
1786,16681,16690,16677
1787,16696,16705,16692
1788,16710,16712,16720,16721,16707
1789,16732,16741,16728
1790,16747,16756,16743
1791,16761,16763,16771,16772,16758
1792,16786,16794,16798,16779
1793,16814,16803
1794,16820,16829,16816
1795,16835,16844,16831
1796,16849,16851,16859,16860,16846
1797,16871,16880,16867
1798,16886,16895,16882
1799,16900,16902,16910,16911,16897
1800,16925,16933,16937,16918
1801,16953,16942
1802,16958,16960,16965,16955
1803,16983,16991,16994,16995,16976
1804,17000,17001,17002,17003,17004,17005,17006,17007,17008
1805,17016,17009
1806,17030,17039,17026
1807,17045,17054,17041
1808,17059,17061,17069,17070,17056
1809,17081,17090,17077
1810,17096,17105,17092
1811,17110,17112,17120,17121,17107
1812,17135,17143,17147,17128
1813,17163,17152
1814,17169,17178,17165
1815,17184,17193,17180
1816,17198,17200,17208,17209,17195
1817,17220,17229,17216
1818,17235,17244,17231
1819,17249,17251,17259,17260,17246
1820,17274,17282,17286,17267
1821,17302,17291
1822,17307,17309,17314,17304
1823,17329,17338,17325
1824,17344,17353,17340
1825,17358,17360,17368,17369,17355
1826,17380,17389,17376
1827,17395,17404,17391
1828,17409,17411,17419,17420,17406
1829,17434,17442,17446,17427
1830,17462,17451
1831,17468,17477,17464
1832,17483,17492,17479
1833,17497,17499,17507,17508,17494
1834,17519,17528,17515
1835,17534,17543,17530
1836,17548,17550,17558,17559,17545
1837,17573,17581,17585,17566
1838,17601,17590
1839,17606,17608,17613,17603
1840,17631,17639,17642,17643,17624
1841,17648,17649,17650,17651,17652,17653,17654,17655,17656
1842,17661,17670,17657
1843,17676,17685,17672
1844,17690,17692,17700,17701,17687
1845,17712,17721,17708
1846,17727,17736,17723
1847,17741,17743,17751,17752,17738
1848,17766,17774,17778,17759
1849,17794,17783
1850,17800,17809,17796
1851,17815,17824,17811
1852,17829,17831,17839,17840,17826
1853,17851,17860,17847
1854,17866,17875,17862
1855,17880,17882,17890,17891,17877
1856,17905,17913,17917,17898
1857,17933,17922
1858,17938,17940,17945,17935
1859,17960,17969,17956
1860,17975,17984,17971
1861,17989,17991,17999,18000,17986
1862,18011,18020,18007
1863,18026,18035,18022
1864,18040,18042,18050,18051,18037
1865,18065,18073,18077,18058
1866,18093,18082
1867,18099,18108,18095
1868,18114,18123,18110
1869,18128,18130,18138,18139,18125
1870,18150,18159,18146
1871,18165,18174,18161
1872,18179,18181,18189,18190,18176
1873,18204,18212,18216,18197
1874,18232,18221
1875,18237,18239,18244,18234
1876,18262,18270,18273,18274,18255
1877,18279,18280,18281,18282,18283,18284,18285,18286,18287
1878,18295,18288
1879,18309,18318,18305
1880,18324,18333,18320
1881,18338,18340,18348,18349,18335
1882,18362,18369,18370,18356
1883,18377,18384,18385,18371
1884,18386,18387,18388,18389,18390,18391,18392,18393,18394,18395,18396,18397,18398,18399,18400,18401,18402,18405,18406,18403,18404
1885,18422,18426,18407
1886,18442,18431
1887,18448,18457,18444
1888,18463,18472,18459
1889,18477,18479,18487,18488,18474
1890,18499,18508,18495
1891,18514,18523,18510
1892,18528,18530,18538,18539,18525
1893,18553,18561,18565,18546
1894,18581,18570
1895,18586,18588,18593,18583
1896,18608,18617,18604
1897,18623,18632,18619
1898,18637,18639,18647,18648,18634
1899,18659,18668,18655
1900,18674,18683,18670
1901,18688,18690,18698,18699,18685
1902,18713,18721,18725,18706
1903,18741,18730
1904,18747,18756,18743
1905,18762,18771,18758
1906,18776,18778,18786,18787,18773
1907,18798,18807,18794
1908,18813,18822,18809
1909,18827,18829,18837,18838,18824
1910,18852,18860,18864,18845
1911,18880,18869
1912,18885,18887,18892,18882
1913,18910,18918,18921,18922,18903
1914,18927,18928,18929,18930,18931,18932,18933,18934,18935
1915,18940,18949,18936
1916,18955,18964,18951
1917,18969,18971,18979,18980,18966
1918,18991,19000,18987
1919,19006,19015,19002
1920,19020,19022,19030,19031,19017
1921,19045,19053,19057,19038
1922,19073,19062
1923,19079,19088,19075
1924,19094,19103,19090
1925,19108,19110,19118,19119,19105
1926,19130,19139,19126
1927,19145,19154,19141
1928,19159,19161,19169,19170,19156
1929,19184,19192,19196,19177
1930,19212,19201
1931,19217,19219,19224,19214
1932,19239,19248,19235
1933,19254,19263,19250
1934,19268,19270,19278,19279,19265
1935,19290,19299,19286
1936,19305,19314,19301
1937,19319,19321,19329,19330,19316
1938,19344,19352,19356,19337
1939,19372,19361
1940,19378,19387,19374
1941,19393,19402,19389
1942,19407,19409,19417,19418,19404
1943,19429,19438,19425
1944,19444,19453,19440
1945,19458,19460,19468,19469,19455
1946,19483,19491,19495,19476
1947,19511,19500
1948,19516,19518,19523,19513
1949,19541,19549,19552,19553,19534
1950,19558,19559,19560,19561,19562,19563,19564,19565,19566
1951,19574,19567
1952,19588,19597,19584
1953,19603,19612,19599
1954,19617,19619,19627,19628,19614
1955,19639,19648,19635
1956,19654,19663,19650
1957,19668,19670,19678,19679,19665
1958,19693,19701,19705,19686
1959,19721,19710
1960,19727,19736,19723
1961,19742,19751,19738
1962,19756,19758,19766,19767,19753
1963,19778,19787,19774
1964,19793,19802,19789
1965,19807,19809,19817,19818,19804
1966,19832,19840,19844,19825
1967,19860,19849
1968,19865,19867,19872,19862
1969,19887,19896,19883
1970,19902,19911,19898
1971,19916,19918,19926,19927,19913
1972,19938,19947,19934
1973,19953,19962,19949
1974,19967,19969,19977,19978,19964
1975,19992,20000,20004,19985
1976,20020,20009
1977,20026,20035,20022
1978,20041,20050,20037
1979,20055,20057,20065,20066,20052
1980,20077,20086,20073
1981,20092,20101,20088
1982,20106,20108,20116,20117,20103
1983,20131,20139,20143,20124
1984,20159,20148
1985,20164,20166,20171,20161
1986,20189,20197,20200,20201,20182
1987,20206,20207,20208,20209,20210,20211,20212,20213,20214
1988,20219,20228,20215
1989,20234,20243,20230
1990,20248,20250,20258,20259,20245
1991,20270,20279,20266
1992,20285,20294,20281
1993,20299,20301,20309,20310,20296
1994,20324,20332,20336,20317
1995,20352,20341
1996,20358,20367,20354
1997,20373,20382,20369
1998,20387,20389,20397,20398,20384
1999,20409,20418,20405
2000,20424,20433,20420
2001,20438,20440,20448,20449,20435
2002,20463,20471,20475,20456
2003,20491,20480
2004,20496,20498,20503,20493
2005,20518,20527,20514
2006,20533,20542,20529
2007,20547,20549,20557,20558,20544
2008,20569,20578,20565
2009,20584,20593,20580
2010,20598,20600,20608,20609,20595
2011,20623,20631,20635,20616
2012,20651,20640
2013,20657,20666,20653
2014,20672,20681,20668
2015,20686,20688,20696,20697,20683
2016,20708,20717,20704
2017,20723,20732,20719
2018,20737,20739,20747,20748,20734
2019,20762,20770,20774,20755
2020,20790,20779
2021,20795,20797,20802,20792
2022,20820,20828,20831,20832,20813
2023,20837,20838,20839,20840,20841,20842,20843,20844,20845
2024,20853,20846
2025,20867,20876,20863
2026,20882,20891,20878
2027,20896,20898,20906,20907,20893
2028,20918,20927,20914
2029,20933,20942,20929
2030,20947,20949,20957,20958,20944
2031,20972,20980,20984,20965
2032,21000,20989
2033,21006,21015,21002
2034,21021,21030,21017
2035,21035,21037,21045,21046,21032
2036,21057,21066,21053
2037,21072,21081,21068
2038,21086,21088,21096,21097,21083
2039,21111,21119,21123,21104
2040,21139,21128
2041,21144,21146,21151,21141
2042,21166,21175,21162
2043,21181,21190,21177
2044,21195,21197,21205,21206,21192
2045,21217,21226,21213
2046,21232,21241,21228
2047,21246,21248,21256,21257,21243
2048,21271,21279,21283,21264
2049,21299,21288
2050,21305,21314,21301
2051,21320,21329,21316
2052,21334,21336,21344,21345,21331
2053,21356,21365,21352
2054,21371,21380,21367
2055,21385,21387,21395,21396,21382
2056,21410,21418,21422,21403
2057,21438,21427
2058,21443,21445,21450,21440
2059,21468,21476,21479,21480,21461
2060,21485,21486,21487,21488,21489,21490,21491,21492,21493
2061,21498,21507,21494
2062,21513,21522,21509
2063,21527,21529,21537,21538,21524
2064,21549,21558,21545
2065,21564,21573,21560
2066,21578,21580,21588,21589,21575
2067,21603,21611,21615,21596
2068,21631,21620
2069,21637,21646,21633
2070,21652,21661,21648
2071,21666,21668,21676,21677,21663
2072,21688,21697,21684
2073,21703,21712,21699
2074,21717,21719,21727,21728,21714
2075,21742,21750,21754,21735
2076,21770,21759
2077,21775,21777,21782,21772
2078,21797,21806,21793
2079,21812,21821,21808
2080,21826,21828,21836,21837,21823
2081,21848,21857,21844
2082,21863,21872,21859
2083,21877,21879,21887,21888,21874
2084,21902,21910,21914,21895
2085,21930,21919
2086,21936,21945,21932
2087,21951,21960,21947
2088,21965,21967,21975,21976,21962
2089,21987,21996,21983
2090,22002,22011,21998
2091,22016,22018,22026,22027,22013
2092,22041,22049,22053,22034
2093,22069,22058
2094,22074,22076,22081,22071
2095,22099,22107,22110,22111,22092
2096,22116,22117,22118,22119,22120,22121,22122,22123,22124
2097,22132,22125
2098,22146,22155,22142
2099,22161,22170,22157
2100,22175,22177,22185,22186,22172
2101,22197,22206,22193
2102,22212,22221,22208
2103,22226,22228,22236,22237,22223
2104,22251,22259,22263,22244
2105,22279,22268
2106,22285,22294,22281
2107,22300,22309,22296
2108,22314,22316,22324,22325,22311
2109,22336,22345,22332
2110,22351,22360,22347
2111,22365,22367,22375,22376,22362
2112,22390,22398,22402,22383
2113,22418,22407
2114,22423,22425,22430,22420
2115,22445,22454,22441
2116,22460,22469,22456
2117,22474,22476,22484,22485,22471
2118,22496,22505,22492
2119,22511,22520,22507
2120,22525,22527,22535,22536,22522
2121,22550,22558,22562,22543
2122,22578,22567
2123,22584,22593,22580
2124,22599,22608,22595
2125,22613,22615,22623,22624,22610
2126,22635,22644,22631
2127,22650,22659,22646
2128,22664,22666,22674,22675,22661
2129,22689,22697,22701,22682
2130,22717,22706
2131,22722,22724,22729,22719
2132,22747,22755,22758,22759,22740
2133,22764,22765,22766,22767,22768,22769,22770,22771,22772
2134,22777,22786,22773
2135,22792,22801,22788
2136,22806,22808,22816,22817,22803
2137,22828,22837,22824
2138,22843,22852,22839
2139,22857,22859,22867,22868,22854
2140,22882,22890,22894,22875
2141,22910,22899
2142,22916,22925,22912
2143,22931,22940,22927
2144,22945,22947,22955,22956,22942
2145,22967,22976,22963
2146,22982,22991,22978
2147,22996,22998,23006,23007,22993
2148,23021,23029,23033,23014
2149,23049,23038
2150,23054,23056,23061,23051
2151,23076,23085,23072
2152,23091,23100,23087
2153,23105,23107,23115,23116,23102
2154,23127,23136,23123
2155,23142,23151,23138
2156,23156,23158,23166,23167,23153
2157,23181,23189,23193,23174
2158,23209,23198
2159,23215,23224,23211
2160,23230,23239,23226
2161,23244,23246,23254,23255,23241
2162,23266,23275,23262
2163,23281,23290,23277
2164,23295,23297,23305,23306,23292
2165,23320,23328,23332,23313
2166,23348,23337
2167,23353,23355,23360,23350
2168,23378,23386,23389,23390,23371
2169,23395,23396,23397,23398,23399,23400,23401,23402,23403
2170,23411,23404
2171,23425,23434,23421
2172,23440,23449,23436
2173,23454,23456,23464,23465,23451
2174,23478,23485,23486,23472
2175,23491,23500,23487
2176,23507,23509,23515,23502
2177,23530,23538,23542,23545,23524,23523
2178,23558,23547
2179,23564,23573,23560
2180,23579,23588,23575
2181,23593,23595,23603,23604,23590
2182,23615,23624,23611
2183,23630,23639,23626
2184,23644,23646,23654,23655,23641
2185,23669,23677,23681,23662
2186,23697,23686
2187,23702,23704,23709,23699
2188,23724,23733,23720
2189,23739,23748,23735
2190,23753,23755,23763,23764,23750
2191,23775,23784,23771
2192,23790,23799,23786
2193,23804,23806,23814,23815,23801
2194,23829,23837,23841,23822
2195,23857,23846
2196,23863,23872,23859
2197,23878,23887,23874
2198,23892,23894,23902,23903,23889
2199,23914,23923,23910
2200,23929,23938,23925
2201,23943,23945,23953,23954,23940
2202,23968,23976,23980,23961
2203,23996,23985
2204,24001,24003,24008,23998
2205,24026,24034,24037,24038,24019
2206,24043,24044,24045,24046,24047,24048,24049,24050,24051
2207,24056,24065,24052
2208,24071,24080,24067
2209,24085,24087,24095,24096,24082
2210,24107,24116,24103
2211,24122,24131,24118
2212,24136,24138,24146,24147,24133
2213,24161,24169,24173,24154
2214,24189,24178
2215,24195,24204,24191
2216,24210,24219,24206
2217,24224,24226,24234,24235,24221
2218,24246,24255,24242
2219,24263,24270,24271,24257
2220,24275,24278,24286,24272,24272
2221,24300,24308,24312,24313,24314,24316,24293
2222,24328,24317
2223,24333,24335,24340,24330
2224,24355,24364,24351
2225,24370,24379,24366
2226,24384,24386,24394,24395,24381
2227,24406,24415,24402
2228,24421,24430,24417
2229,24435,24437,24445,24446,24432
2230,24460,24468,24472,24453
2231,24488,24477
2232,24494,24503,24490
2233,24509,24518,24505
2234,24523,24525,24533,24534,24520
2235,24545,24554,24541
2236,24560,24569,24556
2237,24574,24576,24584,24585,24571
2238,24599,24607,24611,24592
2239,24627,24616
2240,24632,24634,24639,24629
2241,24657,24665,24668,24669,24650
2242,24674,24675,24676,24677,24678,24679,24680,24681,24682
2243,24690,24683
2244,24704,24713,24700
2245,24719,24728,24715
2246,24733,24735,24743,24744,24730
2247,24755,24764,24751
2248,24770,24779,24766
2249,24784,24786,24794,24795,24781
2250,24809,24817,24821,24802
2251,24837,24826
2252,24843,24852,24839
2253,24858,24867,24854
2254,24872,24874,24882,24883,24869
2255,24894,24903,24890
2256,24909,24918,24905
2257,24923,24925,24933,24934,24920
2258,24948,24956,24960,24941
2259,24976,24965
2260,24981,24983,24988,24978
2261,25003,25012,24999
2262,25018,25027,25014
2263,25032,25034,25042,25043,25029
2264,25054,25063,25050
2265,25069,25078,25065
2266,25083,25085,25093,25094,25080
2267,25108,25116,25120,25101
2268,25136,25125
2269,25142,25151,25138
2270,25157,25166,25153
2271,25171,25173,25181,25182,25168
2272,25193,25202,25189
2273,25208,25217,25204
2274,25222,25224,25232,25233,25219
2275,25247,25255,25259,25240
2276,25275,25264
2277,25280,25282,25287,25277
2278,25305,25313,25316,25317,25298
2279,25322,25323,25324,25325,25326,25327,25328,25329,25330
2280,25335,25344,25331
2281,25350,25359,25346
2282,25364,25366,25374,25375,25361
2283,25386,25395,25382
2284,25401,25410,25397
2285,25415,25417,25425,25426,25412
2286,25440,25448,25452,25433
2287,25468,25457
2288,25474,25483,25470
2289,25489,25498,25485
2290,25503,25505,25513,25514,25500
2291,25525,25534,25521
2292,25540,25549,25536
2293,25554,25556,25564,25565,25551
2294,25579,25587,25591,25572
2295,25607,25596
2296,25612,25614,25619,25609
2297,25634,25643,25630
2298,25649,25658,25645
2299,25663,25665,25673,25674,25660
2300,25685,25694,25681
2301,25700,25709,25696
2302,25714,25716,25724,25725,25711
2303,25739,25747,25751,25732
2304,25767,25756
2305,25773,25782,25769
2306,25788,25797,25784
2307,25802,25804,25812,25813,25799
2308,25824,25833,25820
2309,25839,25848,25835
2310,25853,25855,25863,25864,25850
2311,25878,25886,25890,25871
2312,25906,25895
2313,25911,25913,25918,25908
2314,25936,25944,25947,25948,25929
2315,25953,25954,25955,25956,25957,25958,25959,25960,25961
2316,25969,25962
2317,25983,25992,25979
2318,25998,26007,25994
2319,26012,26014,26022,26023,26009
2320,26034,26043,26030
2321,26049,26058,26045
2322,26063,26065,26073,26074,26060
2323,26088,26096,26100,26081
2324,26116,26105
2325,26122,26131,26118
2326,26137,26146,26133
2327,26151,26153,26161,26162,26148
2328,26173,26182,26169
2329,26188,26197,26184
2330,26202,26204,26212,26213,26199
2331,26227,26235,26239,26220
2332,26255,26244
2333,26260,26262,26267,26257
2334,26282,26291,26278
2335,26297,26306,26293
2336,26311,26313,26321,26322,26308
2337,26333,26342,26329
2338,26348,26357,26344
2339,26362,26364,26372,26373,26359
2340,26387,26395,26399,26380
2341,26415,26404
2342,26421,26430,26417
2343,26436,26445,26432
2344,26450,26452,26460,26461,26447
2345,26472,26481,26468
2346,26487,26496,26483
2347,26501,26503,26511,26512,26498
2348,26526,26534,26538,26519
2349,26554,26543
2350,26559,26561,26566,26556
2351,26584,26592,26595,26596,26577
2352,26601,26602,26603,26604,26605,26606,26607,26608,26609
2353,26614,26623,26610
2354,26629,26638,26625
2355,26643,26645,26653,26654,26640
2356,26665,26674,26661
2357,26680,26689,26676
2358,26694,26696,26704,26705,26691
2359,26719,26727,26731,26712
2360,26747,26736
2361,26753,26762,26749
2362,26768,26777,26764
2363,26782,26784,26792,26793,26779
2364,26804,26813,26800
2365,26819,26828,26815
2366,26833,26835,26843,26844,26830
2367,26858,26866,26870,26851
2368,26886,26875
2369,26891,26893,26898,26888
2370,26913,26922,26909
2371,26928,26937,26924
2372,26942,26944,26952,26953,26939
2373,26964,26973,26960
2374,26979,26988,26975
2375,26993,26995,27003,27004,26990
2376,27018,27026,27030,27011
2377,27046,27035
2378,27052,27061,27048
2379,27067,27076,27063
2380,27081,27083,27091,27092,27078
2381,27103,27112,27099
2382,27118,27127,27114
2383,27132,27134,27142,27143,27129
2384,27157,27165,27169,27150
2385,27185,27174
2386,27190,27192,27197,27187
2387,27215,27223,27226,27227,27208
2388,27232,27233,27234,27235,27236,27237,27238,27239,27240
2389,27248,27241
2390,27262,27271,27258
2391,27277,27286,27273
2392,27291,27293,27301,27302,27288
2393,27313,27322,27309
2394,27328,27337,27324
2395,27342,27344,27352,27353,27339
2396,27367,27375,27379,27360
2397,27395,27384
2398,27401,27410,27397
2399,27416,27425,27412
2400,27430,27432,27440,27441,27427
2401,27452,27461,27448
2402,27467,27476,27463
2403,27481,27483,27491,27492,27478
2404,27506,27514,27518,27499
2405,27534,27523
2406,27539,27541,27546,27536
2407,27561,27570,27557
2408,27576,27585,27572
2409,27590,27592,27600,27601,27587
2410,27612,27621,27608
2411,27627,27636,27623
2412,27641,27643,27651,27652,27638
2413,27666,27674,27678,27659
2414,27694,27683
2415,27700,27709,27696
2416,27715,27724,27711
2417,27729,27731,27739,27740,27726
2418,27751,27760,27747
2419,27766,27775,27762
2420,27780,27782,27790,27791,27777
2421,27805,27813,27817,27798
2422,27833,27822
2423,27838,27840,27845,27835
2424,27863,27871,27874,27875,27856
2425,27880,27881,27882,27883,27884,27885,27886,27887,27888
2426,27893,27902,27889
2427,27908,27917,27904
2428,27922,27924,27932,27933,27919
2429,27944,27953,27940
2430,27959,27968,27955
2431,27973,27975,27983,27984,27970
2432,27998,28006,28010,27991
2433,28026,28015
2434,28032,28041,28028
2435,28047,28056,28043
2436,28061,28063,28071,28072,28058
2437,28083,28092,28079
2438,28098,28107,28094
2439,28112,28114,28122,28123,28109
2440,28137,28145,28149,28130
2441,28165,28154
2442,28170,28172,28177,28167
2443,28192,28201,28188
2444,28207,28216,28203
2445,28221,28223,28231,28232,28218
2446,28243,28252,28239
2447,28258,28267,28254
2448,28272,28274,28282,28283,28269
2449,28297,28305,28309,28290
2450,28325,28314
2451,28331,28340,28327
2452,28346,28355,28342
2453,28360,28362,28370,28371,28357
2454,28382,28391,28378
2455,28397,28406,28393
2456,28411,28413,28421,28422,28408
2457,28436,28444,28448,28429
2458,28464,28453
2459,28469,28471,28476,28466
2460,28494,28502,28505,28506,28487
2461,28511,28512,28513,28514,28515,28516,28517,28518,28519
2462,28527,28520
2463,28548,28537
2464,28561,28550
2465,28566,28568,28563
2466,28595,28584
2467,28608,28609,28597
2468,28613,28616,28624,28610,28610
2469,28638,28646,28650,28651,28652,28654,28631
2470,28655,28656,28657,28658,28659,28660,28661,28662,28663
2471,28664,28665,28666,28667,28668,28669,28672,28675,28676,28670,28664
2472,28688,28677
2473,28695,28697,28703,28690
2474,28722,28711
2475,28735,28724
2476,28740,28742,28737
2477,28765,28769,28773,28758
2478,28782,28783,28784,28785,28786,28787,28789,28788,28790
2479,28798,28791
2480,28819,28808
2481,28832,28821
2482,28837,28839,28834
2483,28866,28855
2484,28879,28868
2485,28884,28886,28881
2486,28909,28917,28921,28902
2487,28926,28927,28928,28929,28930,28931,28933,28932,28934
2488,28946,28935
2489,28959,28948
2490,28964,28966,28961
2491,28993,28982
2492,29006,28995
2493,29011,29013,29008
2494,29036,29044,29048,29029
2495,29053,29054,29055,29056,29057,29058,29060,29059,29061
2496,29069,29062
2497,29090,29079
2498,29103,29092
2499,29108,29110,29105
2500,29137,29126
2501,29150,29139
2502,29155,29157,29152
2503,29180,29188,29192,29173
2504,29197,29198,29199,29200,29201,29202,29204,29203,29205
2505,29217,29206
2506,29230,29219
2507,29235,29237,29232
2508,29264,29253
2509,29277,29266
2510,29282,29284,29279
2511,29307,29315,29319,29300
2512,29324,29325,29326,29327,29328,29329,29331,29330,29332
2513,29340,29333
2514,29361,29350
2515,29374,29363
2516,29379,29381,29376
2517,29408,29397
2518,29421,29410
2519,29426,29428,29423
2520,29451,29459,29463,29444
2521,29468,29469,29470,29471,29472,29473,29475,29474,29476
2522,29488,29477
2523,29501,29490
2524,29506,29508,29503
2525,29535,29524
2526,29548,29537
2527,29553,29555,29550
2528,29578,29586,29590,29571
2529,29595,29596,29597,29598,29599,29600,29602,29601,29603
2530,29611,29604
2531,29632,29621
2532,29645,29634
2533,29650,29652,29647
2534,29679,29668
2535,29692,29681
2536,29697,29699,29694
2537,29722,29730,29734,29715
2538,29739,29740,29741,29742,29743,29744,29746,29745,29747
2539,29748,29749,29751,29752,29754,29755,29757,29758,29759,29760,29750,29753,29756
2540,29772,29761
2541,29777,29779,29774
2542,29806,29795
2543,29819,29808
2544,29824,29826,29821
2545,29849,29857,29861,29842
2546,29866,29867,29868,29869,29870,29871,29873,29872,29874
2547,29882,29875
2548,29903,29892
2549,29916,29905
2550,29921,29923,29918
2551,29950,29939
2552,29963,29952
2553,29968,29970,29965
2554,29993,30001,30005,29986
2555,30010,30011,30012,30013,30014,30015,30017,30016,30018
2556,30030,30019
2557,30043,30032
2558,30048,30050,30045
2559,30077,30066
2560,30090,30079
2561,30095,30097,30092
2562,30120,30128,30132,30113
2563,30137,30138,30139,30140,30141,30142,30144,30143,30145
2564,30153,30146
2565,30174,30163
2566,30187,30176
2567,30192,30194,30189
2568,30221,30210
2569,30234,30223
2570,30239,30241,30236
2571,30264,30272,30276,30257
2572,30281,30282,30283,30284,30285,30286,30288,30287,30289
2573,30301,30290
2574,30314,30303
2575,30319,30321,30316
2576,30348,30337
2577,30361,30350
2578,30366,30368,30363
2579,30391,30399,30403,30384
2580,30408,30409,30410,30411,30412,30413,30415,30414,30416
2581,30424,30417
2582,30445,30434
2583,30458,30447
2584,30463,30465,30460
2585,30492,30481
2586,30505,30494
2587,30510,30512,30507
2588,30535,30543,30547,30528
2589,30552,30553,30554,30555,30556,30557,30559,30558,30560
2590,30572,30561
2591,30585,30574
2592,30590,30592,30587
2593,30619,30608
2594,30632,30621
2595,30637,30639,30634
2596,30662,30670,30674,30655
2597,30679,30680,30681,30682,30683,30684,30686,30685,30687
2598,30695,30688
2599,30716,30705
2600,30729,30718
2601,30734,30736,30731
2602,30763,30752
2603,30776,30765
2604,30781,30783,30778
2605,30806,30814,30818,30799
2606,30823,30824,30825,30826,30827,30828,30830,30829,30831
2607,30843,30832
2608,30856,30845
2609,30861,30863,30858
2610,30890,30879
2611,30903,30892
2612,30908,30910,30905
2613,30933,30941,30945,30926
2614,30950,30951,30952,30953,30954,30955,30957,30956,30958
2615,30966,30959
2616,30987,30976
2617,31000,30989
2618,31005,31007,31002
2619,31034,31023
2620,31047,31036
2621,31052,31054,31049
2622,31077,31085,31089,31070
2623,31094,31095,31096,31097,31098,31099,31101,31100,31102
2624,31114,31103
2625,31127,31116
2626,31132,31134,31129
2627,31161,31150
2628,31174,31163
2629,31179,31181,31176
2630,31204,31212,31216,31197
2631,31221,31222,31223,31224,31225,31226,31228,31227,31229
2632,31237,31230
2633,31258,31247
2634,31271,31260
2635,31276,31278,31273
2636,31305,31294
2637,31318,31307
2638,31323,31325,31320
2639,31348,31356,31360,31341
2640,31365,31366,31367,31368,31369,31370,31372,31371,31373
2641,31385,31374
2642,31398,31387
2643,31403,31405,31400
2644,31432,31421
2645,31445,31434
2646,31450,31452,31447
2647,31475,31483,31487,31468
2648,31492,31493,31494,31495,31496,31497,31499,31498,31500
2649,31508,31501
2650,31529,31518
2651,31542,31531
2652,31547,31549,31544
2653,31576,31565
2654,31589,31578
2655,31594,31596,31591
2656,31619,31627,31631,31612
2657,31636,31637,31638,31639,31640,31641,31643,31642,31644
2658,31656,31645
2659,31669,31658
2660,31674,31676,31671
2661,31703,31692
2662,31716,31705
2663,31721,31723,31718
2664,31746,31754,31758,31739
2665,31763,31764,31765,31766,31767,31768,31770,31769,31771
2666,31779,31772
2667,31800,31789
2668,31813,31802
2669,31818,31820,31815
2670,31847,31836
2671,31860,31849
2672,31865,31867,31862
2673,31890,31898,31902,31883
2674,31907,31908,31909,31910,31911,31912,31914,31913,31915
2675,31927,31916
2676,31940,31929
2677,31945,31947,31942
2678,31974,31963
2679,31987,31976
2680,31992,31994,31989
2681,32017,32025,32029,32010
2682,32034,32035,32036,32037,32038,32039,32041,32040,32042
2683,32050,32043
2684,32071,32060
2685,32084,32073
2686,32089,32091,32086
2687,32118,32107
2688,32131,32120
2689,32136,32138,32133
2690,32161,32169,32173,32154
2691,32178,32179,32180,32181,32182,32183,32185,32184,32186
2692,32198,32187
2693,32211,32200
2694,32216,32218,32213
2695,32245,32234
2696,32258,32247
2697,32263,32265,32260
2698,32288,32296,32300,32281
2699,32305,32306,32307,32308,32309,32310,32312,32311,32313
2700,32321,32314
2701,32342,32331
2702,32355,32344
2703,32360,32362,32357
2704,32389,32378
2705,32402,32391
2706,32407,32409,32404
2707,32432,32440,32444,32425
2708,32449,32450,32451,32452,32453,32454,32456,32455,32457
2709,32469,32458
2710,32482,32471
2711,32487,32489,32484
2712,32516,32505
2713,32529,32518
2714,32534,32536,32531
2715,32559,32567,32571,32552
2716,32576,32577,32578,32579,32580,32581,32583,32582,32584
2717,32592,32585
2718,32613,32602
2719,32626,32615
2720,32631,32633,32628
2721,32660,32649
2722,32673,32662
2723,32678,32680,32675
2724,32703,32711,32715,32696
2725,32720,32721,32722,32723,32724,32725,32727,32726,32728
2726,32740,32729
2727,32753,32742
2728,32758,32760,32755
2729,32787,32776
2730,32800,32789
2731,32805,32807,32802
2732,32830,32838,32842,32823
2733,32847,32848,32849,32850,32851,32852,32854,32853,32855
2734,32863,32856
2735,32884,32873
2736,32897,32886
2737,32902,32904,32899
2738,32931,32920
2739,32944,32933
2740,32949,32951,32946
2741,32974,32982,32986,32967
2742,32991,32992,32993,32994,32995,32996,32998,32997,32999
2743,33000,33001,33002,33003,33004,33005,33008,33011,33012,33006,33000
2744,33024,33025,33013
2745,33026,33027,33028,33029,33030,33031,33032,33033,33034,33035,33036,33037,33038,33039,33040,33041,33042,33045,33046,33043,33044
2746,33058,33047
2747,33071,33060
2748,33076,33078,33073
2749,33101,33094
2750,33118,33119,33120,33121,33122,33123,33125,33124,33126
2751,33134,33127
2752,33155,33144
2753,33168,33157
2754,33173,33175,33170
2755,33202,33191
2756,33215,33204
2757,33220,33222,33217
2758,33245,33253,33257,33238
2759,33262,33263,33264,33265,33266,33267,33269,33268,33270
2760,33282,33271
2761,33295,33284
2762,33300,33302,33297
2763,33329,33318
2764,33342,33331
2765,33347,33349,33344
2766,33372,33380,33384,33365
2767,33389,33390,33391,33392,33393,33394,33396,33395,33397
2768,33405,33398
2769,33426,33415
2770,33439,33428
2771,33444,33446,33441
2772,33473,33462
2773,33486,33475
2774,33491,33493,33488
2775,33516,33524,33528,33509
2776,33533,33534,33535,33536,33537,33538,33540,33539,33541
2777,33553,33542
2778,33566,33555
2779,33571,33573,33568
2780,33600,33589
2781,33613,33602
2782,33618,33620,33615
2783,33643,33651,33655,33636
2784,33660,33661,33662,33663,33664,33665,33667,33666,33668
2785,33676,33669
2786,33697,33686
2787,33710,33699
2788,33715,33717,33712
2789,33744,33733
2790,33757,33746
2791,33762,33764,33759
2792,33787,33795,33799,33780
2793,33804,33805,33806,33807,33808,33809,33811,33810,33812
2794,33824,33813
2795,33837,33826
2796,33842,33844,33839
2797,33871,33860
2798,33884,33873
2799,33889,33891,33886
2800,33914,33922,33926,33907
2801,33931,33932,33933,33934,33935,33936,33938,33937,33939
2802,33947,33940
2803,33968,33957
2804,33981,33970
2805,33986,33988,33983
2806,34015,34004
2807,34028,34017
2808,34033,34035,34030
2809,34058,34066,34070,34051
2810,34075,34076,34077,34078,34079,34080,34082,34081,34083
2811,34084,34085,34087,34088,34090,34091,34093,34094,34095,34096,34086,34089,34092
2812,34108,34097
2813,34113,34115,34110
2814,34142,34131
2815,34155,34144
2816,34160,34162,34157
2817,34185,34193,34197,34178
2818,34202,34203,34204,34205,34206,34207,34209,34208,34210
2819,34218,34211
2820,34239,34228
2821,34252,34241
2822,34257,34259,34254
2823,34286,34275
2824,34299,34288
2825,34304,34306,34301
2826,34329,34337,34341,34322
2827,34346,34347,34348,34349,34350,34351,34353,34352,34354
2828,34366,34355
2829,34379,34368
2830,34384,34386,34381
2831,34413,34402
2832,34426,34415
2833,34431,34433,34428
2834,34456,34464,34468,34449
2835,34473,34474,34475,34476,34477,34478,34480,34479,34481
2836,34489,34482
2837,34510,34499
2838,34523,34512
2839,34528,34530,34525
2840,34557,34546
2841,34570,34559
2842,34575,34577,34572
2843,34600,34608,34612,34593
2844,34617,34618,34619,34620,34621,34622,34624,34623,34625
2845,34637,34626
2846,34650,34639
2847,34655,34657,34652
2848,34684,34673
2849,34697,34686
2850,34702,34704,34699
2851,34727,34735,34739,34720
2852,34744,34745,34746,34747,34748,34749,34751,34750,34752
2853,34760,34753
2854,34781,34770
2855,34794,34783
2856,34799,34801,34796
2857,34828,34817
2858,34841,34830
2859,34846,34848,34843
2860,34871,34879,34883,34864
2861,34888,34889,34890,34891,34892,34893,34895,34894,34896
2862,34908,34897
2863,34921,34910
2864,34926,34928,34923
2865,34955,34944
2866,34968,34957
2867,34973,34975,34970
2868,34998,35006,35010,34991
2869,35015,35016,35017,35018,35019,35020,35022,35021,35023
2870,35031,35024
2871,35052,35041
2872,35065,35054
2873,35070,35072,35067
2874,35099,35088
2875,35112,35101
2876,35117,35119,35114
2877,35142,35150,35154,35135
2878,35159,35160,35161,35162,35163,35164,35166,35165,35167
2879,35179,35168
2880,35192,35181
2881,35197,35199,35194
2882,35226,35215
2883,35239,35228
2884,35244,35246,35241
2885,35269,35277,35281,35262
2886,35286,35287,35288,35289,35290,35291,35293,35292,35294
2887,35302,35295
2888,35323,35312
2889,35336,35325
2890,35341,35343,35338
2891,35370,35359
2892,35383,35372
2893,35388,35390,35385
2894,35413,35421,35425,35406
2895,35430,35431,35432,35433,35434,35435,35437,35436,35438
2896,35450,35439
2897,35463,35452
2898,35468,35470,35465
2899,35497,35486
2900,35510,35499
2901,35515,35517,35512
2902,35540,35548,35552,35533
2903,35557,35558,35559,35560,35561,35562,35564,35563,35565
2904,35573,35566
2905,35594,35583
2906,35607,35596
2907,35612,35614,35609
2908,35641,35630
2909,35654,35643
2910,35659,35661,35656
2911,35684,35692,35696,35677
2912,35701,35702,35703,35704,35705,35706,35708,35707,35709
2913,35721,35710
2914,35734,35723
2915,35739,35741,35736
2916,35768,35757
2917,35781,35770
2918,35786,35788,35783
2919,35811,35819,35823,35804
2920,35828,35829,35830,35831,35832,35833,35835,35834,35836
2921,35844,35837
2922,35865,35854
2923,35878,35867
2924,35883,35885,35880
2925,35912,35901
2926,35925,35914
2927,35930,35932,35927
2928,35955,35963,35967,35948
2929,35972,35973,35974,35975,35976,35977,35979,35978,35980
2930,35992,35981
2931,36005,35994
2932,36010,36012,36007
2933,36039,36028
2934,36052,36041
2935,36057,36059,36054
2936,36082,36090,36094,36075
2937,36099,36100,36101,36102,36103,36104,36106,36105,36107
2938,36115,36108
2939,36136,36125
2940,36149,36138
2941,36154,36156,36151
2942,36183,36172
2943,36196,36185
2944,36201,36203,36198
2945,36226,36234,36238,36219
2946,36243,36244,36245,36246,36247,36248,36250,36249,36251
2947,36263,36252
2948,36276,36265
2949,36281,36283,36278
2950,36310,36299
2951,36323,36312
2952,36328,36330,36325
2953,36353,36361,36365,36346
2954,36370,36371,36372,36373,36374,36375,36377,36376,36378
2955,36386,36379
2956,36407,36396
2957,36420,36409
2958,36425,36427,36422
2959,36454,36443
2960,36467,36456
2961,36472,36474,36469
2962,36497,36505,36509,36490
2963,36514,36515,36516,36517,36518,36519,36521,36520,36522
2964,36534,36523
2965,36547,36536
2966,36552,36554,36549
2967,36581,36570
2968,36594,36583
2969,36599,36601,36596
2970,36624,36632,36636,36617
2971,36641,36642,36643,36644,36645,36646,36648,36647,36649
2972,36657,36650
2973,36678,36667
2974,36691,36680
2975,36696,36698,36693
2976,36725,36714
2977,36738,36727
2978,36743,36745,36740
2979,36768,36776,36780,36761
2980,36785,36786,36787,36788,36789,36790,36792,36791,36793
2981,36805,36794
2982,36818,36807
2983,36823,36825,36820
2984,36852,36841
2985,36865,36854
2986,36870,36872,36867
2987,36895,36903,36907,36888
2988,36912,36913,36914,36915,36916,36917,36919,36918,36920
2989,36928,36921
2990,36949,36938
2991,36962,36951
2992,36967,36969,36964
2993,36996,36985
2994,37009,36998
2995,37014,37016,37011
2996,37039,37047,37051,37032
2997,37056,37057,37058,37059,37060,37061,37063,37062,37064
2998,37076,37065
2999,37089,37078
3000,37094,37096,37091
3001,37123,37112
3002,37136,37125
3003,37141,37143,37138
3004,37166,37174,37178,37159
3005,37183,37184,37185,37186,37187,37188,37190,37189,37191
3006,37199,37192
3007,37220,37209
3008,37233,37222
3009,37238,37240,37235
3010,37267,37256
3011,37280,37269
3012,37285,37287,37282
3013,37310,37318,37322,37303
3014,37327,37328,37329,37330,37331,37332,37334,37333,37335
3015,37336,37337,37338,37339,37340,37341,37344,37347,37348,37342,37336
3016,37360,37361,37349
3017,37362,37363,37364,37365,37366,37367,37368,37369,37370,37371,37372,37373,37374,37375,37376,37377,37378,37381,37382,37379,37380
3018,37394,37383
3019,37407,37396
3020,37412,37414,37409
3021,37437,37430
3022,37454,37455,37456,37457,37458,37459,37461,37460,37462
3023,37470,37463
3024,37491,37480
3025,37504,37493
3026,37509,37511,37506
3027,37538,37527
3028,37551,37540
3029,37556,37558,37553
3030,37581,37589,37593,37574
3031,37598,37599,37600,37601,37602,37603,37605,37604,37606
3032,37618,37607
3033,37631,37620
3034,37636,37638,37633
3035,37665,37654
3036,37678,37667
3037,37683,37685,37680
3038,37708,37716,37720,37701
3039,37725,37726,37727,37728,37729,37730,37732,37731,37733
3040,37741,37734
3041,37762,37751
3042,37775,37764
3043,37780,37782,37777
3044,37809,37798
3045,37822,37811
3046,37827,37829,37824
3047,37852,37860,37864,37845
3048,37869,37870,37871,37872,37873,37874,37876,37875,37877
3049,37889,37878
3050,37902,37891
3051,37907,37909,37904
3052,37936,37925
3053,37949,37938
3054,37954,37956,37951
3055,37979,37987,37991,37972
3056,37996,37997,37998,37999,38000,38001,38003,38002,38004
3057,38012,38005
3058,38033,38022
3059,38046,38035
3060,38051,38053,38048
3061,38080,38069
3062,38093,38082
3063,38098,38100,38095
3064,38123,38131,38135,38116
3065,38140,38141,38142,38143,38144,38145,38147,38146,38148
3066,38160,38149
3067,38173,38162
3068,38178,38180,38175
3069,38207,38196
3070,38220,38209
3071,38225,38227,38222
3072,38250,38258,38262,38243
3073,38267,38268,38269,38270,38271,38272,38274,38273,38275
3074,38283,38276
3075,38304,38293
3076,38317,38306
3077,38322,38324,38319
3078,38351,38340
3079,38364,38353
3080,38369,38371,38366
3081,38394,38402,38406,38387
3082,38411,38412,38413,38414,38415,38416,38418,38417,38419
3083,38420,38421,38423,38424,38426,38427,38429,38430,38431,38432,38422,38425,38428
3084,38444,38433
3085,38449,38451,38446
3086,38478,38467
3087,38491,38480
3088,38496,38498,38493
3089,38521,38529,38533,38514
3090,38538,38539,38540,38541,38542,38543,38545,38544,38546
3091,38554,38547
3092,38575,38564
3093,38588,38577
3094,38593,38595,38590
3095,38622,38611
3096,38635,38624
3097,38640,38642,38637
3098,38665,38673,38677,38658
3099,38682,38683,38684,38685,38686,38687,38689,38688,38690
3100,38702,38691
3101,38715,38704
3102,38720,38722,38717
3103,38749,38738
3104,38762,38751
3105,38767,38769,38764
3106,38792,38800,38804,38785
3107,38809,38810,38811,38812,38813,38814,38816,38815,38817
3108,38825,38818
3109,38846,38835
3110,38859,38848
3111,38864,38866,38861
3112,38893,38882
3113,38906,38895
3114,38911,38913,38908
3115,38936,38944,38948,38929
3116,38953,38954,38955,38956,38957,38958,38960,38959,38961
3117,38973,38962
3118,38986,38975
3119,38991,38993,38988
3120,39020,39009
3121,39033,39022
3122,39038,39040,39035
3123,39063,39071,39075,39056
3124,39080,39081,39082,39083,39084,39085,39087,39086,39088
3125,39096,39089
3126,39117,39106
3127,39130,39119
3128,39135,39137,39132
3129,39164,39153
3130,39177,39166
3131,39182,39184,39179
3132,39207,39215,39219,39200
3133,39224,39225,39226,39227,39228,39229,39231,39230,39232
3134,39244,39233
3135,39257,39246
3136,39262,39264,39259
3137,39291,39280
3138,39304,39293
3139,39309,39311,39306
3140,39334,39342,39346,39327
3141,39351,39352,39353,39354,39355,39356,39358,39357,39359
3142,39367,39360
3143,39388,39377
3144,39401,39390
3145,39406,39408,39403
3146,39435,39424
3147,39448,39437
3148,39453,39455,39450
3149,39478,39486,39490,39471
3150,39495,39496,39497,39498,39499,39500,39502,39501,39503
3151,39515,39504
3152,39528,39517
3153,39533,39535,39530
3154,39562,39551
3155,39575,39564
3156,39580,39582,39577
3157,39605,39613,39617,39598
3158,39622,39623,39624,39625,39626,39627,39629,39628,39630
3159,39638,39631
3160,39659,39648
3161,39672,39661
3162,39677,39679,39674
3163,39706,39695
3164,39719,39708
3165,39724,39726,39721
3166,39749,39757,39761,39742
3167,39766,39767,39768,39769,39770,39771,39773,39772,39774
3168,39786,39775
3169,39799,39788
3170,39804,39806,39801
3171,39833,39822
3172,39846,39835
3173,39851,39853,39848
3174,39876,39884,39888,39869
3175,39893,39894,39895,39896,39897,39898,39900,39899,39901
3176,39909,39902
3177,39930,39919
3178,39943,39932
3179,39948,39950,39945
3180,39977,39966
3181,39990,39979
3182,39995,39997,39992
3183,40020,40028,40032,40013
3184,40037,40038,40039,40040,40041,40042,40044,40043,40045
3185,40057,40046
3186,40070,40059
3187,40075,40077,40072
3188,40104,40093
3189,40117,40106
3190,40122,40124,40119
3191,40147,40155,40159,40140
3192,40164,40165,40166,40167,40168,40169,40171,40170,40172
3193,40180,40173
3194,40201,40190
3195,40214,40203
3196,40219,40221,40216
3197,40248,40237
3198,40261,40250
3199,40266,40268,40263
3200,40291,40299,40303,40284
3201,40308,40309,40310,40311,40312,40313,40315,40314,40316
3202,40328,40317
3203,40341,40330
3204,40346,40348,40343
3205,40375,40364
3206,40388,40377
3207,40393,40395,40390
3208,40418,40426,40430,40411
3209,40435,40436,40437,40438,40439,40440,40442,40441,40443
3210,40451,40444
3211,40472,40461
3212,40485,40474
3213,40490,40492,40487
3214,40519,40508
3215,40532,40521
3216,40537,40539,40534
3217,40562,40570,40574,40555
3218,40579,40580,40581,40582,40583,40584,40586,40585,40587
3219,40599,40588
3220,40612,40601
3221,40617,40619,40614
3222,40646,40635
3223,40659,40648
3224,40664,40666,40661
3225,40689,40697,40701,40682
3226,40706,40707,40708,40709,40710,40711,40713,40712,40714
3227,40722,40715
3228,40743,40732
3229,40756,40745
3230,40761,40763,40758
3231,40790,40779
3232,40803,40792
3233,40808,40810,40805
3234,40833,40841,40845,40826
3235,40850,40851,40852,40853,40854,40855,40857,40856,40858
3236,40870,40859
3237,40883,40872
3238,40888,40890,40885
3239,40917,40906
3240,40930,40919
3241,40935,40937,40932
3242,40960,40968,40972,40953
3243,40977,40978,40979,40980,40981,40982,40984,40983,40985
3244,40993,40986
3245,41014,41003
3246,41027,41016
3247,41032,41034,41029
3248,41061,41050
3249,41074,41063
3250,41079,41081,41076
3251,41104,41112,41116,41097
3252,41121,41122,41123,41124,41125,41126,41128,41127,41129
3253,41141,41130
3254,41154,41143
3255,41159,41161,41156
3256,41188,41177
3257,41201,41190
3258,41206,41208,41203
3259,41231,41239,41243,41224
3260,41248,41249,41250,41251,41252,41253,41255,41254,41256
3261,41264,41257
3262,41285,41274
3263,41298,41287
3264,41303,41305,41300
3265,41332,41321
3266,41345,41334
3267,41350,41352,41347
3268,41375,41383,41387,41368
3269,41392,41393,41394,41395,41396,41397,41399,41398,41400
3270,41412,41401
3271,41425,41414
3272,41430,41432,41427
3273,41459,41448
3274,41472,41461
3275,41477,41479,41474
3276,41502,41510,41514,41495
3277,41519,41520,41521,41522,41523,41524,41526,41525,41527
3278,41535,41528
3279,41545,41546,41547,41548,41549,41550,41551,41552,41553
3280,41554,41555,41556,41557,41558,41559,41560,41561,41562
3281,41568,41570,41563
3282,41580,41581,41582,41583,41584,41585,41586,41587,41588
3283,41589,41590,41591,41592,41593,41594,41595,41596,41597
3284,41603,41605,41598
3285,41615,41616,41617,41618,41619,41620,41621,41622,41623
3286,41624,41625,41626,41627,41628,41629,41630,41631,41632
3287,41638,41640,41633
3288,41650,41651,41652,41653,41654,41655,41656,41657,41658
3289,41659,41660,41661,41662,41663,41664,41665,41666,41667
3290,41673,41675,41668
3291,41685,41686,41687,41688,41689,41690,41691,41692,41693
3292,41694,41695,41696,41697,41698,41699,41700,41701,41702
3293,41708,41710,41703
3294,41720,41721,41722,41723,41724,41725,41726,41727,41728
3295,41729,41730,41731,41732,41733,41734,41735,41736,41737
3296,41743,41745,41738
3297,41755,41756,41757,41758,41759,41760,41761,41762,41763
3298,41764,41765,41766,41767,41768,41769,41770,41771,41772
3299,41778,41780,41773
3300,41790,41791,41792,41793,41794,41795,41796,41797,41798
3301,41799,41800,41801,41802,41803,41804,41805,41806,41807
3302,41813,41815,41808
3303,41825,41826,41827,41828,41829,41830,41831,41832,41833
3304,41834,41835,41836,41837,41838,41839,41840,41841,41842
3305,41848,41850,41843
3306,41860,41861,41862,41863,41864,41865,41866,41867,41868
3307,41869,41870,41871,41872,41873,41874,41875,41876,41877
3308,41883,41885,41878
3309,41895,41896,41897,41898,41899,41900,41901,41902,41903
3310,41904,41905,41906,41907,41908,41909,41910,41911,41912
3311,41918,41920,41913
3312,41930,41931,41932,41933,41934,41935,41936,41937,41938
3313,41939,41940,41941,41942,41943,41944,41945,41946,41947
3314,41953,41955,41948
3315,41965,41966,41967,41968,41969,41970,41971,41972,41973
3316,41974,41975,41976,41977,41978,41979,41980,41981,41982
3317,41988,41990,41983
3318,42000,42001,42002,42003,42004,42005,42006,42007,42008
3319,42009,42010,42011,42012,42013,42014,42015,42016,42017
3320,42023,42025,42018
3321,42035,42036,42037,42038,42039,42040,42041,42042,42043
3322,42044,42045,42046,42047,42048,42049,42050,42051,42052
3323,42058,42060,42053
3324,42070,42071,42072,42073,42074,42075,42076,42077,42078
3325,42079,42080,42081,42082,42083,42084,42085,42086,42087
3326,42093,42095,42088
3327,42105,42106,42107,42108,42109,42110,42112,42111,42113
3328,42114,42115,42116,42117,42118,42119,42120,42121,42122
3329,42128,42130,42123
3330,42140,42141,42142,42143,42144,42145,42147,42146,42148
3331,42149,42150,42151,42152,42153,42154,42156,42155,42157
3332,42163,42165,42158
3333,42175,42176,42177,42178,42179,42180,42182,42181,42183
3334,42184,42185,42186,42187,42188,42189,42191,42190,42192
3335,42198,42200,42193
3336,42210,42211,42212,42213,42214,42215,42217,42216,42218
3337,42219,42220,42221,42222,42223,42224,42226,42225,42227
3338,42233,42235,42228
3339,42245,42246,42247,42248,42249,42250,42252,42251,42253
3340,42254,42255,42256,42257,42258,42259,42261,42260,42262
3341,42268,42270,42263
3342,42280,42281,42282,42283,42284,42285,42287,42286,42288
3343,42289,42290,42291,42292,42293,42294,42296,42295,42297
3344,42303,42305,42298
3345,42315,42316,42317,42318,42319,42320,42322,42321,42323
3346,42324,42325,42326,42327,42328,42329,42331,42330,42332
3347,42338,42340,42333
3348,42350,42351,42352,42353,42354,42355,42357,42356,42358
3349,42359,42360,42361,42362,42363,42364,42366,42365,42367
3350,42373,42375,42368
3351,42385,42386,42387,42388,42389,42390,42392,42391,42393
3352,42394,42395,42396,42397,42398,42399,42401,42400,42402
3353,42408,42410,42403
3354,42420,42421,42422,42423,42424,42425,42427,42426,42428
3355,42429,42430,42431,42432,42433,42434,42436,42435,42437
3356,42443,42445,42438
3357,42455,42456,42457,42458,42459,42460,42462,42461,42463
3358,42464,42465,42466,42467,42468,42469,42471,42470,42472
3359,42478,42480,42473
3360,42490,42491,42492,42493,42494,42495,42497,42496,42498
3361,42499,42500,42501,42502,42503,42504,42506,42505,42507
3362,42513,42515,42508
3363,42525,42526,42527,42528,42529,42530,42532,42531,42533
3364,42534,42535,42536,42537,42538,42539,42541,42540,42542
3365,42548,42550,42543
3366,42560,42561,42562,42563,42564,42565,42567,42566,42568
3367,42569,42570,42571,42572,42573,42574,42576,42575,42577
3368,42583,42585,42578
3369,42595,42596,42597,42598,42599,42600,42602,42601,42603
3370,42604,42605,42606,42607,42608,42609,42611,42610,42612
3371,42618,42620,42613
3372,42630,42631,42632,42633,42634,42635,42637,42636,42638
3373,42639,42640,42641,42642,42643,42644,42646,42645,42647
3374,42653,42655,42648
3375,42665,42666,42667,42668,42669,42670,42672,42671,42673
3376,42674,42675,42676,42677,42678,42679,42681,42680,42682
3377,42688,42690,42683
3378,42700,42701,42702,42703,42704,42705,42707,42706,42708
3379,42709,42710,42711,42712,42713,42714,42716,42715,42717
3380,42723,42725,42718
3381,42735,42736,42737,42738,42739,42740,42742,42741,42743
3382,42744,42745,42746,42747,42748,42749,42751,42750,42752
3383,42758,42760,42753
3384,42770,42771,42772,42773,42774,42775,42777,42776,42778
3385,42779,42780,42781,42782,42783,42784,42786,42785,42787
3386,42793,42795,42788
3387,42805,42806,42807,42808,42809,42810,42812,42811,42813
3388,42814,42815,42816,42817,42818,42819,42821,42820,42822
3389,42828,42830,42823
3390,42840,42841,42842,42843,42844,42845,42847,42846,42848
3391,42849,42850,42851,42852,42853,42854,42856,42855,42857
3392,42863,42865,42858
3393,42875,42876,42877,42878,42879,42880,42882,42881,42883
3394,42884,42885,42886,42887,42888,42889,42891,42890,42892
3395,42898,42900,42893
3396,42910,42911,42912,42913,42914,42915,42917,42916,42918
3397,42919,42920,42921,42922,42923,42924,42926,42925,42927
3398,42933,42935,42928
3399,42945,42946,42947,42948,42949,42950,42952,42951,42953
3400,42954,42955,42956,42957,42958,42959,42961,42960,42962
3401,42968,42970,42963
3402,42980,42981,42982,42983,42984,42985,42987,42986,42988
3403,42989,42990,42991,42992,42993,42994,42996,42995,42997
3404,43003,43005,42998
3405,43015,43016,43017,43018,43019,43020,43022,43021,43023
3406,43024,43025,43026,43027,43028,43029,43031,43030,43032
3407,43038,43040,43033
3408,43050,43051,43052,43053,43054,43055,43057,43056,43058
3409,43059,43060,43061,43062,43063,43064,43066,43065,43067
3410,43073,43075,43068
3411,43085,43086,43087,43088,43089,43090,43092,43091,43093
3412,43094,43095,43096,43097,43098,43099,43101,43100,43102
3413,43108,43110,43103
3414,43120,43121,43122,43123,43124,43125,43127,43126,43128
3415,43129,43130,43131,43132,43133,43134,43136,43135,43137
3416,43143,43145,43138
3417,43155,43156,43157,43158,43159,43160,43162,43161,43163
3418,43164,43165,43166,43167,43168,43169,43171,43170,43172
3419,43178,43180,43173
3420,43190,43191,43192,43193,43194,43195,43197,43196,43198
3421,43199,43200,43201,43202,43203,43204,43206,43205,43207
3422,43213,43215,43208
3423,43225,43226,43227,43228,43229,43230,43232,43231,43233
3424,43234,43235,43236,43237,43238,43239,43241,43240,43242
3425,43248,43250,43243
3426,43260,43261,43262,43263,43264,43265,43267,43266,43268
3427,43269,43270,43271,43272,43273,43274,43276,43275,43277
3428,43283,43285,43278
3429,43295,43296,43297,43298,43299,43300,43302,43301,43303
3430,43304,43305,43306,43307,43308,43309,43311,43310,43312
3431,43318,43320,43313
3432,43330,43331,43332,43333,43334,43335,43337,43336,43338
3433,43339,43340,43341,43342,43343,43344,43346,43345,43347
3434,43353,43355,43348
3435,43365,43366,43367,43368,43369,43370,43372,43371,43373
3436,43374,43375,43376,43377,43378,43379,43381,43380,43382
3437,43388,43390,43383
3438,43400,43401,43402,43403,43404,43405,43407,43406,43408
3439,43409,43410,43411,43412,43413,43414,43416,43415,43417
3440,43423,43425,43418
3441,43435,43436,43437,43438,43439,43440,43442,43441,43443
3442,43444,43445,43446,43447,43448,43449,43451,43450,43452
3443,43458,43460,43453
3444,43470,43471,43472,43473,43474,43475,43477,43476,43478
3445,43479,43480,43481,43482,43483,43484,43486,43485,43487
3446,43493,43495,43488
3447,43505,43506,43507,43508,43509,43510,43512,43511,43513
3448,43514,43515,43516,43517,43518,43519,43521,43520,43522
3449,43528,43530,43523
3450,43540,43541,43542,43543,43544,43545,43547,43546,43548
3451,43549,43550,43551,43552,43553,43554,43556,43555,43557
3452,43563,43565,43558
3453,43575,43576,43577,43578,43579,43580,43582,43581,43583
3454,43584,43585,43586,43587,43588,43589,43591,43590,43592
3455,43598,43600,43593
3456,43610,43611,43612,43613,43614,43615,43617,43616,43618
3457,43619,43620,43621,43622,43623,43624,43626,43625,43627
3458,43633,43635,43628
3459,43645,43646,43647,43648,43649,43650,43652,43651,43653
3460,43654,43655,43656,43657,43658,43659,43661,43660,43662
3461,43668,43670,43663
3462,43680,43681,43682,43683,43684,43685,43687,43686,43688
3463,43689,43690,43691,43692,43693,43694,43696,43695,43697
3464,43703,43705,43698
3465,43715,43716,43717,43718,43719,43720,43722,43721,43723
3466,43724,43725,43726,43727,43728,43729,43731,43730,43732
3467,43738,43740,43733
3468,43750,43751,43752,43753,43754,43755,43757,43756,43758
3469,43759,43760,43761,43762,43763,43764,43766,43765,43767
3470,43773,43775,43768
