8,1
9,2
10,3,4,5,6
11,7
12,8
13,9,10,11,12
14,13
15,27
16,28,29,30,31
17,32
18,46
19,47,48,49,50
20,51
21,65,66,67,68
22,69
23,83
24,84,85,86,87
25,88
26,102
27,103,104,105,106
28,107
29,121,122,123,124
30,125
31,139,140,141,142
32,143
33,157
34,158,159,160,161
35,162
36,176,177,178,179
37,180
38,194
39,195,196,197,198
40,199
41,213,214,215,216
42,217
43,231,232,233,234
44,235
45,249,250,251,252
46,253
47,267,268,269,270
48,271
49,285,286,287,288
50,289
51,303
52,304,305,306,307
53,308
54,322
55,336
56,350
57,364
58,378
59,392
60,406
61,420
62,434
63,448
64,462
65,476
66,490
67,504
68,518
69,532
70,533,534,535,536
71,537
72,551
73,565
74,579
75,593
76,607
77,621
78,635
79,649
80,663
81,677
82,691
83,705
84,719
85,733
86,747
87,761
88,762,763,764,765
89,766
90,780
91,794
92,808
93,822
94,836
95,850
96,864
97,878
98,892
99,906
100,920
101,934
102,948
103,962
104,976
105,990
106,991,992,993,994
107,995
108,1009
109,1023
110,1037
111,1051
112,1065
113,1079
114,1093
115,1107
116,1121
117,1135
118,1149
119,1163
120,1177
121,1191
122,1205
123,1219,1220,1221,1222
124,1223
125,1237
126,1251
127,1265
128,1279
129,1293
130,1307
131,1321
132,1335
133,1349
134,1363
135,1377
136,1391
137,1405
138,1419
139,1433
140,1447,1448,1449,1450
141,1451
142,1465
143,1479
144,1493
145,1507
146,1521
147,1535
148,1549
149,1563
150,1577
151,1591
152,1605
153,1619
154,1633
155,1647
156,1661
157,1675,1676,1677,1678
158,1679
159,1693
160,1707
161,1721
162,1735
163,1749
164,1763
165,1777
166,1791
167,1805
168,1819
169,1833
170,1847
171,1861
172,1875
173,1889
174,1903
175,1904,1905,1906,1907
176,1908,1909,1910,1911,1912,1913,1914,1915,1916,1917,1918,1919,1920,1921
177,1922
178,1936
179,1950
180,1964
181,1978
182,1992
183,2006
184,2020
185,2034
186,2048
187,2062
188,2076
189,2090
190,2104
191,2118
192,2132,2133,2134,2135
193,2136
194,2150
195,2164
196,2178
197,2192
198,2206
199,2220
200,2234
201,2248
202,2262
203,2276
204,2290
205,2304
206,2318
207,2332
208,2346
209,2360,2361,2362,2363
210,2364
211,2378
212,2392
213,2406
214,2420
215,2434
216,2448
217,2462
218,2476
219,2490
220,2504
221,2518
222,2532
223,2546
224,2560
225,2574
226,2588,2589,2590,2591
227,2592
228,2606
229,2620
230,2634
231,2648
232,2662
233,2676
234,2690
235,2704
236,2718
237,2732
238,2746
239,2760
240,2774
241,2788
242,2802
243,2816
244,2817,2818,2819,2820
245,2821
246,2835
247,2849
248,2863
249,2877
250,2891
251,2905
252,2919
253,2933
254,2947
255,2961
256,2975
257,2989
258,3003
259,3017
260,3031
261,3045,3046,3047,3048
262,3049
263,3063
264,3077
265,3091
266,3105
267,3119
268,3133
269,3147
270,3161
271,3175
272,3189
273,3203
274,3217
275,3231
276,3245
277,3259
278,3273,3274,3275,3276
279,3277
280,3291
281,3305
282,3319
283,3333
284,3347
285,3361
286,3375
287,3389
288,3403
289,3417
290,3431
291,3445
292,3459
293,3473
294,3487
295,3501,3502,3503,3504
296,3505
297,3519
298,3533
299,3547
300,3561
301,3575
302,3589
303,3603
304,3617
305,3631
306,3645
307,3659
308,3673
309,3687
310,3701
311,3715
