8,1
9,2
10,6,3,4,5
11,7
12,8
13,12,9,10,11
14,23,24,25,26,20,21,22,13,16,17
15,27
16,31,28,29,30
17,42,43,44,45,39,40,41,32,35,36
18,46
19,50,47,48,49
20,61,62,63,64,58,59,60,51,54,55
21,68,65,66,67
22,79,80,81,82,76,77,78,69,72,73
23,83
24,87,84,85,86
25,98,99,100,101,95,96,97,88,91,92
26,102
27,106,103,104,105
28,117,118,119,120,114,115,116,107,110,111
29,124,121,122,123
30,135,136,137,138,132,133,134,125,128,129
31,142,139,140,141
32,153,154,155,156,150,151,152,143,146,147
33,157
34,161,158,159,160
35,172,173,174,175,169,170,171,162,165,166
36,179,176,177,178
37,190,191,192,193,187,188,189,180,183,184
38,194
39,198,195,196,197
40,209,210,211,212,206,207,208,199,202,203
41,216,213,214,215
42,227,228,229,230,224,225,226,217,220,221
43,234,231,232,233
44,245,246,247,248,242,243,244,235,238,239
45,252,249,250,251
46,263,264,265,266,260,261,262,253,256,257
47,270,267,268,269
48,281,282,283,284,278,279,280,271,274,275
49,288,285,286,287
50,299,300,301,302,296,297,298,289,292,293
51,303
52,307,304,305,306
53,318,319,320,321,315,316,317,308,311,312
54,332,333,334,335,329,330,331,322,325,326
55,346,347,348,349,343,344,345,336,339,340
56,360,361,362,363,357,358,359,350,353,354
57,374,375,376,377,371,372,373,364,367,368
58,388,389,390,391,385,386,387,378,381,382
59,402,403,404,405,399,400,401,392,395,396
60,416,417,418,419,413,414,415,406,409,410
61,430,431,432,433,427,428,429,420,423,424
62,444,445,446,447,441,442,443,434,437,438
63,458,459,460,461,455,456,457,448,451,452
64,472,473,474,475,469,470,471,462,465,466
65,486,487,488,489,483,484,485,476,479,480
66,500,501,502,503,497,498,499,490,493,494
67,514,515,516,517,511,512,513,504,507,508
68,528,529,530,531,525,526,527,518,521,522
69,532
70,536,533,534,535
71,547,548,549,550,544,545,546,537,540,541
72,561,562,563,564,558,559,560,551,554,555
73,575,576,577,578,572,573,574,565,568,569
74,589,590,591,592,586,587,588,579,582,583
75,603,604,605,606,600,601,602,593,596,597
76,617,618,619,620,614,615,616,607,610,611
77,631,632,633,634,628,629,630,621,624,625
78,645,646,647,648,642,643,644,635,638,639
79,659,660,661,662,656,657,658,649,652,653
80,673,674,675,676,670,671,672,663,666,667
81,687,688,689,690,684,685,686,677,680,681
82,701,702,703,704,698,699,700,691,694,695
83,715,716,717,718,712,713,714,705,708,709
84,729,730,731,732,726,727,728,719,722,723
85,743,744,745,746,740,741,742,733,736,737
86,757,758,759,760,754,755,756,747,750,751
87,761
88,765,762,763,764
89,776,777,778,779,773,774,775,766,769,770
90,790,791,792,793,787,788,789,780,783,784
91,804,805,806,807,801,802,803,794,797,798
92,818,819,820,821,815,816,817,808,811,812
93,832,833,834,835,829,830,831,822,825,826
94,846,847,848,849,843,844,845,836,839,840
95,860,861,862,863,857,858,859,850,853,854
96,874,875,876,877,871,872,873,864,867,868
97,888,889,890,891,885,886,887,878,881,882
98,902,903,904,905,899,900,901,892,895,896
99,916,917,918,919,913,914,915,906,909,910
100,930,931,932,933,927,928,929,920,923,924
101,944,945,946,947,941,942,943,934,937,938
102,958,959,960,961,955,956,957,948,951,952
103,972,973,974,975,969,970,971,962,965,966
104,986,987,988,989,983,984,985,976,979,980
105,990
106,994,991,992,993
107,1005,1006,1007,1008,1002,1003,1004,995,998,999
108,1019,1020,1021,1022,1016,1017,1018,1009,1012,1013
109,1033,1034,1035,1036,1030,1031,1032,1023,1026,1027
110,1047,1048,1049,1050,1044,1045,1046,1037,1040,1041
111,1061,1062,1063,1064,1058,1059,1060,1051,1054,1055
112,1075,1076,1077,1078,1072,1073,1074,1065,1068,1069
113,1089,1090,1091,1092,1086,1087,1088,1079,1082,1083
114,1103,1104,1105,1106,1100,1101,1102,1093,1096,1097
115,1117,1118,1119,1120,1114,1115,1116,1107,1110,1111
116,1131,1132,1133,1134,1128,1129,1130,1121,1124,1125
117,1145,1146,1147,1148,1142,1143,1144,1135,1138,1139
118,1159,1160,1161,1162,1156,1157,1158,1149,1152,1153
119,1173,1174,1175,1176,1170,1171,1172,1163,1166,1167
120,1187,1188,1189,1190,1184,1185,1186,1177,1180,1181
121,1201,1202,1203,1204,1198,1199,1200,1191,1194,1195
122,1215,1216,1217,1218,1212,1213,1214,1205,1208,1209
123,1222,1219,1220,1221
124,1233,1234,1235,1236,1230,1231,1232,1223,1226,1227
125,1247,1248,1249,1250,1244,1245,1246,1237,1240,1241
126,1261,1262,1263,1264,1258,1259,1260,1251,1254,1255
127,1275,1276,1277,1278,1272,1273,1274,1265,1268,1269
128,1289,1290,1291,1292,1286,1287,1288,1279,1282,1283
129,1303,1304,1305,1306,1300,1301,1302,1293,1296,1297
130,1317,1318,1319,1320,1314,1315,1316,1307,1310,1311
131,1331,1332,1333,1334,1328,1329,1330,1321,1324,1325
132,1345,1346,1347,1348,1342,1343,1344,1335,1338,1339
133,1359,1360,1361,1362,1356,1357,1358,1349,1352,1353
134,1373,1374,1375,1376,1370,1371,1372,1363,1366,1367
135,1387,1388,1389,1390,1384,1385,1386,1377,1380,1381
136,1401,1402,1403,1404,1398,1399,1400,1391,1394,1395
137,1415,1416,1417,1418,1412,1413,1414,1405,1408,1409
138,1429,1430,1431,1432,1426,1427,1428,1419,1422,1423
139,1443,1444,1445,1446,1440,1441,1442,1433,1436,1437
140,1450,1447,1448,1449
141,1461,1462,1463,1464,1458,1459,1460,1451,1454,1455
142,1475,1476,1477,1478,1472,1473,1474,1465,1468,1469
143,1489,1490,1491,1492,1486,1487,1488,1479,1482,1483
144,1503,1504,1505,1506,1500,1501,1502,1493,1496,1497
145,1517,1518,1519,1520,1514,1515,1516,1507,1510,1511
146,1531,1532,1533,1534,1528,1529,1530,1521,1524,1525
147,1545,1546,1547,1548,1542,1543,1544,1535,1538,1539
148,1559,1560,1561,1562,1556,1557,1558,1549,1552,1553
149,1573,1574,1575,1576,1570,1571,1572,1563,1566,1567
150,1587,1588,1589,1590,1584,1585,1586,1577,1580,1581
151,1601,1602,1603,1604,1598,1599,1600,1591,1594,1595
152,1615,1616,1617,1618,1612,1613,1614,1605,1608,1609
153,1629,1630,1631,1632,1626,1627,1628,1619,1622,1623
154,1643,1644,1645,1646,1640,1641,1642,1633,1636,1637
155,1657,1658,1659,1660,1654,1655,1656,1647,1650,1651
156,1671,1672,1673,1674,1668,1669,1670,1661,1664,1665
157,1678,1675,1676,1677
158,1689,1690,1691,1692,1686,1687,1688,1679,1682,1683
159,1703,1704,1705,1706,1700,1701,1702,1693,1696,1697
160,1717,1718,1719,1720,1714,1715,1716,1707,1710,1711
161,1731,1732,1733,1734,1728,1729,1730,1721,1724,1725
162,1745,1746,1747,1748,1742,1743,1744,1735,1738,1739
163,1759,1760,1761,1762,1756,1757,1758,1749,1752,1753
164,1773,1774,1775,1776,1770,1771,1772,1763,1766,1767
165,1787,1788,1789,1790,1784,1785,1786,1777,1780,1781
166,1801,1802,1803,1804,1798,1799,1800,1791,1794,1795
167,1815,1816,1817,1818,1812,1813,1814,1805,1808,1809
168,1829,1830,1831,1832,1826,1827,1828,1819,1822,1823
169,1843,1844,1845,1846,1840,1841,1842,1833,1836,1837
170,1857,1858,1859,1860,1854,1855,1856,1847,1850,1851
171,1871,1872,1873,1874,1868,1869,1870,1861,1864,1865
172,1885,1886,1887,1888,1882,1883,1884,1875,1878,1879
173,1899,1900,1901,1902,1896,1897,1898,1889,1892,1893
174,1903
175,1907,1904,1905,1906
176,1918,1919,1920,1921,1915,1916,1917,1908,1911,1912
177,1932,1933,1934,1935,1929,1930,1931,1922,1925,1926
178,1946,1947,1948,1949,1943,1944,1945,1936,1939,1940
179,1960,1961,1962,1963,1957,1958,1959,1950,1953,1954
180,1974,1975,1976,1977,1971,1972,1973,1964,1967,1968
181,1988,1989,1990,1991,1985,1986,1987,1978,1981,1982
182,2002,2003,2004,2005,1999,2000,2001,1992,1995,1996
183,2016,2017,2018,2019,2013,2014,2015,2006,2009,2010
184,2030,2031,2032,2033,2027,2028,2029,2020,2023,2024
185,2044,2045,2046,2047,2041,2042,2043,2034,2037,2038
186,2058,2059,2060,2061,2055,2056,2057,2048,2051,2052
187,2072,2073,2074,2075,2069,2070,2071,2062,2065,2066
188,2086,2087,2088,2089,2083,2084,2085,2076,2079,2080
189,2100,2101,2102,2103,2097,2098,2099,2090,2093,2094
190,2114,2115,2116,2117,2111,2112,2113,2104,2107,2108
191,2128,2129,2130,2131,2125,2126,2127,2118,2121,2122
192,2135,2132,2133,2134
193,2146,2147,2148,2149,2143,2144,2145,2136,2139,2140
194,2160,2161,2162,2163,2157,2158,2159,2150,2153,2154
195,2174,2175,2176,2177,2171,2172,2173,2164,2167,2168
196,2188,2189,2190,2191,2185,2186,2187,2178,2181,2182
197,2202,2203,2204,2205,2199,2200,2201,2192,2195,2196
198,2216,2217,2218,2219,2213,2214,2215,2206,2209,2210
199,2230,2231,2232,2233,2227,2228,2229,2220,2223,2224
200,2244,2245,2246,2247,2241,2242,2243,2234,2237,2238
201,2258,2259,2260,2261,2255,2256,2257,2248,2251,2252
202,2272,2273,2274,2275,2269,2270,2271,2262,2265,2266
203,2286,2287,2288,2289,2283,2284,2285,2276,2279,2280
204,2300,2301,2302,2303,2297,2298,2299,2290,2293,2294
205,2314,2315,2316,2317,2311,2312,2313,2304,2307,2308
206,2328,2329,2330,2331,2325,2326,2327,2318,2321,2322
207,2342,2343,2344,2345,2339,2340,2341,2332,2335,2336
208,2356,2357,2358,2359,2353,2354,2355,2346,2349,2350
209,2363,2360,2361,2362
210,2374,2375,2376,2377,2371,2372,2373,2364,2367,2368
211,2388,2389,2390,2391,2385,2386,2387,2378,2381,2382
212,2402,2403,2404,2405,2399,2400,2401,2392,2395,2396
213,2416,2417,2418,2419,2413,2414,2415,2406,2409,2410
214,2430,2431,2432,2433,2427,2428,2429,2420,2423,2424
215,2444,2445,2446,2447,2441,2442,2443,2434,2437,2438
216,2458,2459,2460,2461,2455,2456,2457,2448,2451,2452
217,2472,2473,2474,2475,2469,2470,2471,2462,2465,2466
218,2486,2487,2488,2489,2483,2484,2485,2476,2479,2480
219,2500,2501,2502,2503,2497,2498,2499,2490,2493,2494
220,2514,2515,2516,2517,2511,2512,2513,2504,2507,2508
221,2528,2529,2530,2531,2525,2526,2527,2518,2521,2522
222,2542,2543,2544,2545,2539,2540,2541,2532,2535,2536
223,2556,2557,2558,2559,2553,2554,2555,2546,2549,2550
224,2570,2571,2572,2573,2567,2568,2569,2560,2563,2564
225,2584,2585,2586,2587,2581,2582,2583,2574,2577,2578
226,2591,2588,2589,2590
227,2602,2603,2604,2605,2599,2600,2601,2592,2595,2596
228,2616,2617,2618,2619,2613,2614,2615,2606,2609,2610
229,2630,2631,2632,2633,2627,2628,2629,2620,2623,2624
230,2644,2645,2646,2647,2641,2642,2643,2634,2637,2638
231,2658,2659,2660,2661,2655,2656,2657,2648,2651,2652
232,2672,2673,2674,2675,2669,2670,2671,2662,2665,2666
233,2686,2687,2688,2689,2683,2684,2685,2676,2679,2680
234,2700,2701,2702,2703,2697,2698,2699,2690,2693,2694
235,2714,2715,2716,2717,2711,2712,2713,2704,2707,2708
236,2728,2729,2730,2731,2725,2726,2727,2718,2721,2722
237,2742,2743,2744,2745,2739,2740,2741,2732,2735,2736
238,2756,2757,2758,2759,2753,2754,2755,2746,2749,2750
239,2770,2771,2772,2773,2767,2768,2769,2760,2763,2764
240,2784,2785,2786,2787,2781,2782,2783,2774,2777,2778
241,2798,2799,2800,2801,2795,2796,2797,2788,2791,2792
242,2812,2813,2814,2815,2809,2810,2811,2802,2805,2806
243,2816
244,2820,2817,2818,2819
245,2831,2832,2833,2834,2828,2829,2830,2821,2824,2825
246,2845,2846,2847,2848,2842,2843,2844,2835,2838,2839
247,2859,2860,2861,2862,2856,2857,2858,2849,2852,2853
248,2873,2874,2875,2876,2870,2871,2872,2863,2866,2867
249,2887,2888,2889,2890,2884,2885,2886,2877,2880,2881
250,2901,2902,2903,2904,2898,2899,2900,2891,2894,2895
251,2915,2916,2917,2918,2912,2913,2914,2905,2908,2909
252,2929,2930,2931,2932,2926,2927,2928,2919,2922,2923
253,2943,2944,2945,2946,2940,2941,2942,2933,2936,2937
254,2957,2958,2959,2960,2954,2955,2956,2947,2950,2951
255,2971,2972,2973,2974,2968,2969,2970,2961,2964,2965
256,2985,2986,2987,2988,2982,2983,2984,2975,2978,2979
257,2999,3000,3001,3002,2996,2997,2998,2989,2992,2993
258,3013,3014,3015,3016,3010,3011,3012,3003,3006,3007
259,3027,3028,3029,3030,3024,3025,3026,3017,3020,3021
260,3041,3042,3043,3044,3038,3039,3040,3031,3034,3035
261,3048,3045,3046,3047
262,3059,3060,3061,3062,3056,3057,3058,3049,3052,3053
263,3073,3074,3075,3076,3070,3071,3072,3063,3066,3067
264,3087,3088,3089,3090,3084,3085,3086,3077,3080,3081
265,3101,3102,3103,3104,3098,3099,3100,3091,3094,3095
266,3115,3116,3117,3118,3112,3113,3114,3105,3108,3109
267,3129,3130,3131,3132,3126,3127,3128,3119,3122,3123
268,3143,3144,3145,3146,3140,3141,3142,3133,3136,3137
269,3157,3158,3159,3160,3154,3155,3156,3147,3150,3151
270,3171,3172,3173,3174,3168,3169,3170,3161,3164,3165
271,3185,3186,3187,3188,3182,3183,3184,3175,3178,3179
272,3199,3200,3201,3202,3196,3197,3198,3189,3192,3193
273,3213,3214,3215,3216,3210,3211,3212,3203,3206,3207
274,3227,3228,3229,3230,3224,3225,3226,3217,3220,3221
275,3241,3242,3243,3244,3238,3239,3240,3231,3234,3235
276,3255,3256,3257,3258,3252,3253,3254,3245,3248,3249
277,3269,3270,3271,3272,3266,3267,3268,3259,3262,3263
278,3276,3273,3274,3275
279,3287,3288,3289,3290,3284,3285,3286,3277,3280,3281
280,3301,3302,3303,3304,3298,3299,3300,3291,3294,3295
281,3315,3316,3317,3318,3312,3313,3314,3305,3308,3309
282,3329,3330,3331,3332,3326,3327,3328,3319,3322,3323
283,3343,3344,3345,3346,3340,3341,3342,3333,3336,3337
284,3357,3358,3359,3360,3354,3355,3356,3347,3350,3351
285,3371,3372,3373,3374,3368,3369,3370,3361,3364,3365
286,3385,3386,3387,3388,3382,3383,3384,3375,3378,3379
287,3399,3400,3401,3402,3396,3397,3398,3389,3392,3393
288,3413,3414,3415,3416,3410,3411,3412,3403,3406,3407
289,3427,3428,3429,3430,3424,3425,3426,3417,3420,3421
290,3441,3442,3443,3444,3438,3439,3440,3431,3434,3435
291,3455,3456,3457,3458,3452,3453,3454,3445,3448,3449
292,3469,3470,3471,3472,3466,3467,3468,3459,3462,3463
293,3483,3484,3485,3486,3480,3481,3482,3473,3476,3477
294,3497,3498,3499,3500,3494,3495,3496,3487,3490,3491
295,3504,3501,3502,3503
296,3515,3516,3517,3518,3512,3513,3514,3505,3508,3509
297,3529,3530,3531,3532,3526,3527,3528,3519,3522,3523
298,3543,3544,3545,3546,3540,3541,3542,3533,3536,3537
299,3557,3558,3559,3560,3554,3555,3556,3547,3550,3551
300,3571,3572,3573,3574,3568,3569,3570,3561,3564,3565
301,3585,3586,3587,3588,3582,3583,3584,3575,3578,3579
302,3599,3600,3601,3602,3596,3597,3598,3589,3592,3593
303,3613,3614,3615,3616,3610,3611,3612,3603,3606,3607
304,3627,3628,3629,3630,3624,3625,3626,3617,3620,3621
305,3641,3642,3643,3644,3638,3639,3640,3631,3634,3635
306,3655,3656,3657,3658,3652,3653,3654,3645,3648,3649
307,3669,3670,3671,3672,3666,3667,3668,3659,3662,3663
308,3683,3684,3685,3686,3680,3681,3682,3673,3676,3677
309,3697,3698,3699,3700,3694,3695,3696,3687,3690,3691
310,3711,3712,3713,3714,3708,3709,3710,3701,3704,3705
311,3725,3726,3727,3728,3722,3723,3724,3715,3718,3719
