147,1
148,2
149,3,6
150,7
151,8,9
152,12
153,14
154,25
155,26
156,27
157,31
158,32
159,33,34,35,36
160,39
161,54,57,71
162,72,73,74,75,76,77,78,79,80
163,81,82,83,84,85
164,86,87,88,89
165,90,91,92,93,94
166,95,96
167,97
168,98
169,102
170,104
171,106
172,107,108,109,110,111,112,113,114
173,115
174,116,117
175,138
176,139,143
177,193
178,195
179,201
180,202,211
181,222,223,224,225,226,227,228,229,230
182,231,232
183,233,234,235,236,237,238,239,240
184,241,242,243,244,245,246,247,248,249,250,251,252,253,254,255,256,257,258,259,260,261,262
185,263,264,265,266,267,268,269,270,271,272,273,274,275
186,278
187,292,293,294,295,296,297,298,299,300
188,301
189,302,303,304,305,306,307,308,309
190,310
191,323
192,334,342,355
193,357,358,359,360,361,362,363,364,365,366
194,367,368,369,370,371,372,373,374,375,376,377,378,379
195,380,381,382,383,384,385,386,387
196,391
197,393
198,394,395,396,397
199,400
200,412
201,413
202,414
203,418
204,423
205,424,425,426,427,428,429,430,431
206,435
207,451
208,452,462
209,465,470,471
210,472
211,473
212,474
213,478,479
214,480,481
215,482,483,484,485,486,487,488,489
216,490
217,492
218,507,513
219,514,515,516
220,522,543,544
221,553,554,555,556,557,558,559,560,561,562,563,564,565,566,567
222,568,569,570,571,572,573
223,574,585
224,600,601,602,603,604,605,606,607,608,609
225,615
226,616,617,618,619,620,621
227,622,623,624,625,626,627,628,629,630,631,632,633,634,635,636,637,638,639,640,641,642
228,645,651
229,664,670
230,681,682,684,685,689
231,695,698
232,707
233,726,727
234,732
235,733
236,734
237,735
238,736,737,738,739
239,740
240,741
241,742,743,744,745
242,746,747,748,749,750,751,752,753,754,755,756,757,758,759
243,760
244,761
245,762,763,764,765
246,766
247,767,768
248,769,770,771
249,772,773,774,775,776,777,778,779,780,781,782,783
250,784,785,786
251,805,806,807,808,809,810,811,812,813
252,814,815,816,817,818,819,820,821
253,822,823,824,825,826,827
254,828
255,829
256,830,831,832,833
257,834,835
258,836,837,838,839,840,841,842,843,844,845,846
259,847
260,848,849,850,851
261,852
262,853,854
263,855,856,857,858,859,860,861,862,863,864,865
264,866,867,868,869,870,871,872,873
265,874,875,876,877,878,879,880,881,882,883,884,885,886,887,888,889
266,890,891,892,893,894,895,896,897
267,898
268,901,902,903,904,905,906,907,908,909,910,911,912
269,913,914,915,916,917,918,919,920,921
270,922,923,924,925,926,927,928,929,930,931,932,933,934
271,935,936,937,938,939,940,941
272,942
273,943,944,945,946
274,947,948,949,950,951,952,953,954,955,956,957,958,959,960
275,961
276,962,963,964,965
277,966,967,968,969,970
278,971,973
279,984,986,988
280,1005
281,1006,1007
282,1019
283,1020
284,1022,1023,1024,1025,1026,1031,1033
285,1035,1036,1038,1041
286,1043
287,1044,1045,1046,1047
288,1048,1049,1050,1051,1052,1053,1054,1055,1056,1057,1058,1059,1060,1061,1062
289,1067
290,1070,1077,1078
291,1085
292,1102
293,1103,1109,1112,1113,1114
294,1117
295,1125,1128
296,1129
297,1131
298,1132
299,1133,1134
300,1135,1136,1137,1138,1139,1140,1141,1142
301,1147
302,1148,1149,1150,1151,1152,1153,1154,1155,1156,1157,1158,1159,1160,1161,1162
303,1163,1164,1165,1166,1167
304,1168
305,1169
306,1170,1171
307,1172,1173,1174
308,1181
309,1183
310,1196,1197,1198,1199,1200,1201,1202,1203,1204,1205,1206,1207,1208,1209,1210,1211,1212,1213,1214,1215
311,1216,1217,1219,1220,1222
312,1230,1232,1234,1235
313,1237,1240
314,1241
315,1242
316,1243
317,1244,1245
318,1246,1247,1248
319,1249,1250,1251,1252,1253,1254,1255
320,1257
321,1270,1271,1272
322,1279
323,1281
324,1299,1300
325,1314,1315,1317,1318,1321,1322
326,1328,1330
327,1335,1338
328,1339
329,1340
330,1341
331,1342,1343,1344,1345
332,1346,1347
333,1348,1349,1353
334,1356
335,1369,1370
336,1371,1372,1373
337,1374,1375,1376,1377,1378,1379,1380,1381,1382,1383,1384
338,1388,1403
339,1405,1406,1408,1409,1411,1413,1415
340,1419,1421,1422,1423
341,1426,1429
342,1430
343,1431,1432,1433,1434,1435,1436,1437,1438,1439,1440,1441,1442,1443,1444,1445
344,1446
345,1447
346,1448,1449,1450,1451
347,1452,1453
348,1454,1455,1459
349,1460,1461,1462,1463,1464,1465,1466,1467,1468,1469,1470,1471,1472,1473,1474
350,1478
351,1497,1498,1501,1505,1507
352,1511,1513,1515,1516
353,1518,1521
354,1522
355,1523,1524,1525,1526
356,1528
357,1529,1530,1531,1532,1533,1534
358,1535,1536,1537,1538,1539,1540,1541,1542,1543,1544,1545,1546,1547,1548,1549
359,1550,1551,1552,1553
360,1554,1555
361,1556,1557,1561
362,1564,1569,1570
363,1580,1585
364,1599,1600,1602,1603,1605,1606,1607,1609
365,1613,1615,1617,1618
366,1620,1623
367,1624
368,1625,1626
369,1627,1628,1632
370,1635,1640,1641
371,1653
372,1654
373,1655,1656,1657,1658
374,1666
375,1678,1682,1683
376,1696,1697,1699,1700,1702,1705,1706
377,1710,1712,1714
378,1717,1720
379,1721
380,1722,1723
381,1724,1725,1729
382,1732,1737,1738
383,1745
384,1746,1747,1748,1749
385,1750,1751,1752,1753,1754,1755,1756,1757,1758,1759,1760,1761,1762,1763,1764
386,1769,1774
387,1787,1788,1790,1791,1796
388,1801,1803
389,1808,1811
390,1812
391,1813,1814
392,1815,1816,1820
393,1821,1822,1823
394,1825
395,1837,1838,1839,1840,1841,1842,1843,1844,1845
396,1850
397,1862,1863,1866,1870
398,1875,1877,1879
399,1882,1885
400,1886
401,1887,1888,1889
402,1896
403,1898
404,1911
405,1912,1913
406,1914,1915,1916,1917,1918,1919,1920,1921
407,1926
408,1927,1928,1929,1930,1931,1932,1933,1934,1935,1936,1937,1938,1939,1940,1941
409,1948,1961
410,1962,1963,1965,1966,1968,1969,1970
411,1976,1978,1980
412,1983,1986
413,1987
414,1988,1989
415,1991,1995
416,1998,2005
417,2011
418,2012
419,2016,2017,2018,2019,2020,2021,2022,2023,2024,2025,2026,2027,2028,2029,2030
420,2035,2039,2050
421,2053,2054,2056,2057,2062
422,2067,2069
423,2074,2077
424,2078
425,2079,2080,2081,2082
426,2083,2084
427,2085,2086,2087,2088,2089,2090,2091,2092,2093,2094,2095
428,2096,2097
429,2098,2099,2100,2101,2102,2103,2104,2105
430,2106,2107,2108,2109,2110,2111,2112
431,2113
432,2129,2130,2131,2132,2133,2134,2135,2136
433,2137,2138,2139,2140,2141,2142,2143,2144
434,2145,2146,2147,2148,2149,2150
435,2151,2152
436,2153,2154,2155,2156,2157,2158,2159,2160
437,2161,2162,2163,2164,2165,2166,2167,2168,2169,2170,2171,2172,2173,2174,2175,2176,2177,2178,2179
438,2180,2181,2182,2183,2184,2185,2186,2187,2188
439,2189,2190
440,2191
441,2192,2193
442,2194,2195,2196,2197,2198,2199,2200,2201,2202,2203
443,2204,2205,2206,2207,2208,2209,2210,2211,2212,2213,2214
444,2215,2216,2217,2218,2219,2220,2221,2222,2223,2224,2225,2226,2227
445,2228,2229
446,2244,2245,2246,2247,2248,2249,2250,2251
447,2252,2253,2254
448,2255,2256,2257,2258,2259,2260,2261,2262,2263,2264,2265,2266,2267,2268,2269
449,2270,2271,2272,2273,2274,2275,2276,2277,2278,2279,2280,2281,2282,2283,2284,2285
450,2289
451,2294
452,2295
453,2296,2297
454,2298,2299,2300,2301,2302,2303
455,2304,2305,2306,2307,2308,2309,2310,2311,2312,2313,2314,2315,2316,2317,2318
456,2323
457,2340,2341
458,2355,2360
459,2362,2365
460,2366
461,2368
462,2369
463,2370,2371
464,2372,2373,2374,2375,2376,2377,2378,2379
465,2380,2381,2382,2383,2384,2385,2386,2387,2388,2389,2390,2391,2392,2393,2394
466,2395,2396
467,2398,2403
468,2405,2406
469,2407
470,2408,2409,2410,2411,2412,2413
471,2419,2429
472,2442
473,2452,2453,2455,2456,2458,2459,2460,2462
474,2466,2468,2469,2470
475,2473,2476
476,2477
477,2478
478,2479,2484
479,2487,2493
480,2503,2508
481,2522,2523
482,2536,2538,2540,2541
483,2543,2546
484,2547
485,2548,2549,2550
486,2551
487,2552
488,2555,2559
489,2564
490,2587
491,2594,2595,2597
492,2608,2612
493,2615,2618
494,2619,2620,2621,2622
495,2623,2624
496,2625,2626,2627,2628,2629,2630,2631,2632,2633,2634,2635
497,2636
498,2637,2638,2639,2640
499,2641,2642,2643
500,2644
501,2656,2657,2658,2659,2660,2661,2662,2663,2664,2665,2666,2667,2668,2669,2670,2671,2672,2673,2674,2675
502,2676,2677,2678,2679,2680,2681,2682,2683,2684
503,2685,2686,2687,2688,2689,2690,2691,2692
504,2693,2694,2695,2696,2697,2698
505,2699,2700
506,2701
507,2702,2703,2704,2705
508,2706,2707,2708,2709,2710,2711,2712,2713,2714,2715,2716
509,2717,2718,2719,2720,2721,2722,2723,2724,2725,2726,2727,2728,2729,2730,2731,2732,2733,2734,2735,2736
510,2737,2738,2739,2740,2741,2742,2743,2744,2745
511,2746,2747,2748,2749,2750,2751,2752,2753,2754
512,2755,2756,2757,2758,2759,2760,2761,2762,2763,2764,2765,2766,2767
513,2772
514,2775,2776,2777
515,2778,2779,2780,2781,2782,2783,2784,2785,2786,2787,2788,2789,2790,2791,2792
516,2793,2794,2795,2796,2797,2798,2799,2800,2801,2802,2803,2804,2805,2806,2807,2808
517,2812
518,2817
519,2818,2819,2820,2821
520,2822
521,2823,2824
522,2830
523,2838
524,2846,2847,2848,2849,2850,2851,2852,2853,2854,2855,2856,2857,2858,2859,2860,2861,2862,2863,2864,2865,2866,2867
525,2868,2869,2872,2876
526,2882,2884,2887
527,2889,2892
528,2893
529,2894,2895
530,2896,2897,2901
531,2904,2909,2910
532,2917
533,2918,2919,2920,2921
534,2922
535,2923
536,2929,2930,2931,2932,2933,2934,2935,2936,2937,2938,2939,2940,2941,2942,2943
537,2948,2953,2956,2963
538,2966,2967,2969,2970,2972,2974,2975,2976
539,2980,2982,2984
540,2987,2990
541,2991
542,2992
543,2994,2995,2996
544,2997,2998
545,2999,3000,3001,3002,3003,3004
546,3005,3006,3007,3008,3009,3010,3011,3012,3013,3014,3015,3016,3017,3018,3019,3020,3021
547,3022,3023,3024,3025,3026,3027,3028,3029,3030
548,3031,3032,3033,3034
549,3039
550,3045,3046
551,3049
552,3065,3066,3067,3068,3069,3070,3071,3072,3073
553,3074
554,3075,3076,3077,3078
555,3079,3080,3081,3082,3083,3084,3085,3086,3087,3088,3089
556,3090,3091,3092,3093,3094,3095,3096,3097,3098,3099,3100,3101,3102,3103,3104,3105
557,3106,3107,3108,3109,3110,3111,3112,3113
558,3114,3115,3116,3117,3118,3119,3120,3121
559,3122,3123,3124,3125,3126,3127
560,3128,3129
561,3130,3131,3132,3133,3134,3135,3136,3137
562,3138
563,3139,3140,3142
564,3150,3152
565,3171
566,3173,3174,3175,3176,3177
567,3183,3185,3188,3190
568,3197,3198,3203
569,3209
570,3210
571,3212
572,3214
573,3220
574,3226
575,3228
576,3232
577,3241,3242,3243,3244,3245,3246,3247
578,3248
579,3249,3250
580,3251
581,3252,3253
582,3254,3255,3256
583,3257,3258,3259,3260
584,3261
585,3262,3263,3264,3265,3266,3267,3268
586,3269,3270,3271,3272,3273,3274,3275,3276,3277,3278,3279,3280
587,3282
588,3284,3286
589,3300,3301,3302,3303,3304,3305,3306,3307
590,3308,3309,3310,3311,3312,3313,3314,3315,3316,3317,3318,3319,3320,3321,3322
591,3323,3324,3325,3326,3327,3328,3329
592,3330
593,3331,3332
594,3333,3334,3335
595,3340,3342
596,3344,3345,3346,3347,3348,3349,3350
597,3351,3352,3353,3354,3355,3356,3357,3358,3359
598,3360,3361,3362,3363,3364,3365,3366,3367,3368,3369,3370,3371,3372,3373,3374,3375
599,3376
600,3377
601,3397
602,3405,3406,3407,3408,3409,3410,3411,3412
603,3413
604,3414,3415
605,3416
606,3418
607,3419,3420,3421,3422,3423,3424,3425,3426
608,3427,3428,3429,3430,3431,3432,3433,3434,3435,3436,3437,3438,3439,3440,3441,3442
609,3443,3444,3445,3446,3447,3448,3449,3450
610,3451
611,3452
612,3453,3456
613,3457,3458,3459,3460,3461,3462,3463,3464,3465,3466,3467
614,3468,3469,3470,3471,3472,3473,3474,3475,3476,3477,3478,3479,3480,3481,3482,3483,3484,3485
615,3486,3487,3488,3489,3490,3491,3492,3493
616,3495,3498
617,3499
618,3500,3501
619,3503,3505
620,3509,3514
621,3516
622,3520,3525
623,3530,3531,3532,3533,3534,3535,3536
624,3540
625,3544
626,3545,3546,3547,3548,3549,3550,3551,3552,3553,3554,3555,3556
627,3557,3561
628,3565,3567,3568
629,3569
630,3571
631,3579
632,3581
633,3582
634,3583,3584,3586
635,3589,3590,3598
636,3601
637,3603,3606,3607
638,3618,3619,3620,3621,3622,3623,3624,3625
639,3629
640,3630,3631,3632,3633,3634,3635,3636,3637,3638,3639,3640,3641
641,3642,3646
642,3650
643,3654
644,3656
645,3664
646,3666,3667,3668
647,3669,3670,3671
648,3672,3673,3674,3675,3676,3677,3678,3679,3680,3681,3682
649,3683,3684,3685,3686,3687,3688,3689,3690,3691,3692,3693,3694,3695,3696
650,3697
651,3698
652,3699
653,3705
654,3708,3709,3710,3711,3712,3713,3714,3715,3716,3717,3718,3719,3720,3721,3722,3723,3724,3725
655,3726,3727,3728,3729,3730,3731,3732,3733,3734
656,3735
657,3737
658,3743
659,3749
660,3750,3755
661,3766,3767,3768,3769,3770,3771,3772,3773,3774
662,3775,3776,3777,3778,3779,3780,3781
663,3782,3783,3784,3785,3786,3787,3788,3789,3790,3791,3792,3793,3794,3795,3796,3797
664,3798
665,3815,3816,3817,3818,3819,3820,3821,3822
666,3823
667,3824
668,3825,3827
669,3829,3830,3831,3832,3833
670,3834
671,3835,3836,3837,3838,3839,3840,3841,3842,3843
672,3844,3845,3846,3847,3848,3849,3850,3851,3852,3853,3854,3855,3856,3857,3858,3859,3860
673,3861,3862,3863,3864,3865,3866,3867,3868,3869
674,3870
675,3872
676,3874
677,3875,3876,3877,3878,3879,3880,3881,3882
678,3883,3884,3885,3886,3887,3888,3889,3890,3891,3892,3893,3894,3895,3896,3897,3898
679,3899,3900,3901,3902,3903,3904,3905,3906
680,3907,3910
681,3912,3918
682,3926
683,3940,3941,3942,3943,3944,3945,3946,3947
684,3949,3952
685,3953
686,3954
687,3955,3956
688,3957
689,3958
690,3964,3965,3966,3967,3968,3969,3970,3971,3972,3973,3974
691,3975,3976,3979
692,3988,3989,3990,3991,3992,3993,3994
693,3995
694,3996
695,3997,3999
696,4001,4002,4003,4004,4005
697,4006,4007,4008,4009,4010,4011,4012,4013,4014,4015,4016,4017,4018,4019,4020,4021,4022,4023,4024
698,4025,4026,4027,4028,4029,4030,4031,4032,4033
699,4034
700,4035,4038
701,4039
702,4060,4061,4062,4063,4064,4065,4066,4067,4068
703,4070
704,4071,4072,4073,4074,4075,4076
705,4077,4078,4079,4080,4081,4082,4083,4084,4085,4086,4087,4088,4089,4090,4091,4092,4093,4094,4095,4096
706,4097,4098,4099,4100,4101,4102,4103,4104,4105
707,4108
708,4109,4110,4111,4112,4113,4114,4115
709,4116,4117,4118,4119,4120,4121,4122,4123,4124,4125,4126,4127,4128,4129,4130,4131,4132
710,4133,4134,4135,4136,4137,4138,4139,4140,4141
711,4142,4145
712,4150
713,4151,4152,4153,4154,4155,4156,4157,4158
714,4159,4160,4161,4162,4163,4164,4165,4166,4167,4168,4169,4170,4171,4172,4173,4174,4175,4176,4177
715,4178,4179,4180,4181,4182,4183,4184,4185,4186
716,4188
717,4192
718,4193
719,4194
720,4198,4199,4200,4201,4202
721,4203
722,4204,4212
723,4216
724,4223
725,4224
726,4225
727,4226
728,4230,4231,4232,4233,4234
729,4243
730,4247,4248
731,4254
732,4255
733,4256
734,4257
735,4261,4262,4263,4264,4265
736,4274
737,4278,4279
738,4285
739,4286
740,4287
741,4288
742,4292,4293,4294,4295,4296
743,4305
744,4309,4310
745,4316
746,4317
747,4318
748,4319
749,4323,4324,4325,4326,4327
750,4336
751,4340,4341
752,4347
753,4348
754,4349
755,4350
756,4354,4355,4356,4357,4358
757,4367
758,4371,4372
759,4378
760,4379
761,4380
762,4381
763,4385,4386,4387,4388,4389
764,4398
765,4402,4403
766,4409
767,4410
768,4411
769,4412
770,4416,4417,4418,4419,4420
771,4429
772,4433,4434
773,4442
774,4443,4444,4445,4446,4447,4448,4449,4450
775,4451,4452,4453,4454,4455,4456,4457,4458,4459
776,4460,4461,4462,4463,4464,4465,4466,4467,4468,4469,4470,4471,4472,4473,4474,4475,4476,4477
777,4486
778,4487,4488,4489,4490,4491,4492,4493,4494
779,4508
780,4511,4512,4513,4514,4515,4516,4517,4518,4519
781,4520
782,4521,4522,4523,4524
783,4525,4526,4527,4528,4529,4530,4531,4532,4533,4534,4535
784,4536,4537,4538
785,4539,4540,4541,4542,4543,4544,4545,4546,4547,4548,4549,4550
786,4551,4552,4553,4554,4555,4556,4557,4558,4559,4560,4561,4562,4563,4564,4565,4566,4567,4568,4569,4570
787,4571,4572,4573,4574,4575,4576,4577,4578,4579
788,4580,4581,4582,4583,4584,4585,4586,4587
789,4588,4589,4590,4591,4592,4593
790,4594
791,4595,4596
792,4597,4602
793,4603,4604
794,4610,4612
795,4624,4625,4630
796,4636
797,4637
798,4645
799,4646,4647
800,4648,4649,4650
801,4657
802,4664,4665,4669
803,4671,4672
804,4673,4674,4675,4676,4677,4678,4679,4680,4681,4682,4683,4684,4685
805,4686,4687,4688,4689,4690,4691,4692,4693,4694,4695,4696,4697,4698,4699,4700,4701,4702
806,4708
807,4712,4713,4714,4715,4716,4717,4718,4719
808,4720,4721,4722,4723,4724,4725,4726,4727,4728,4729,4730,4731,4732,4733,4734
809,4740
810,4744,4745,4746,4747
811,4748,4749,4750,4751,4752,4753,4754,4755,4756,4757,4758,4759,4760,4761
812,4762,4763,4764,4765,4766,4767,4768,4769,4770,4771,4772,4773,4774,4775,4776,4777,4778,4779,4780,4781,4782
813,4783,4784,4785,4786,4787,4788,4789,4790,4791
814,4792,4793,4794,4795,4796,4797,4798,4799
815,4800,4801,4802,4803,4804,4805
816,4806
817,4807,4810
818,4811,4815
819,4818
820,4831,4832
821,4847,4849
822,4857
823,4861
824,4866,4867,4868,4869,4870,4871,4872,4873,4874,4875,4876,4877,4878,4879,4880,4881,4882
825,4883,4884,4885,4886,4887,4888,4889,4890,4891
826,4892,4893,4894,4895
827,4896,4897,4898,4899,4900,4901,4902,4903,4904,4905,4906,4907,4908,4909
828,4910,4911,4912,4913,4914,4915,4916,4917,4918,4919,4920,4921,4922,4923,4924,4925,4926,4927,4928,4929,4930
829,4931,4932,4933,4934,4935,4936,4937,4938,4939
830,4940,4941,4942,4943,4944,4945,4946,4947
831,4948,4949,4950,4951,4952,4953
832,4954,4955,4956,4957
833,4958
834,4959,4962
835,4971
836,4977,4978,4979,4980,4982,4984
837,4987,4989,4994
838,5001,5002,5007
839,5013
840,5014,5015,5016,5017,5018,5019,5020,5021,5022,5023,5024
841,5025,5026,5027,5028,5029,5030,5031,5032,5033,5034,5035,5036,5037,5038,5039,5040,5041,5042,5043,5044
842,5045,5046,5047,5048,5049,5050,5051,5052,5053
843,5054,5055,5056,5057,5058,5059,5060,5061
844,5063
845,5075
846,5082,5083,5084
847,5085,5086,5087,5088,5089,5090,5091,5092,5093,5094,5095,5096
848,5097,5098,5099,5100,5101,5102,5103,5104,5105,5106,5107,5108,5109,5110,5111,5112,5113,5114,5115,5116
849,5117,5118,5119,5120,5121,5122,5123,5124,5125
850,5126,5127,5128,5129,5130,5131,5132,5133
851,5134,5135,5136,5137,5138,5139
852,5140,5141
853,5142
854,5147
855,5159,5160,5161,5171
856,5177,5179
857,5180,5181,5182,5183,5184,5185,5186,5187,5188,5189,5190,5191,5192,5193
858,5199,5200,5201,5202
859,5203,5204,5205,5206,5207,5208,5209,5210
860,5211,5212,5213,5214,5215,5216,5217,5218,5219,5220,5221,5222,5223,5224,5225,5226,5227
861,5228,5229,5230,5231,5232,5233,5234,5235,5236
862,5237,5238,5239,5240,5241,5242,5243,5244
863,5245,5246,5247,5248,5249,5250,5251,5252,5253,5254,5255,5256,5257,5258,5259,5260
864,5261,5262,5263,5264,5265,5266,5267,5268
865,5275
866,5277,5278,5279,5280,5281,5282
867,5283,5284
868,5285,5290
869,5292,5299
870,5306,5307,5308,5310,5311,5313
871,5316,5318,5323
872,5330,5331,5336
873,5342,5343,5344,5345,5346,5347,5348,5349,5350,5351,5352,5353,5354,5355
874,5356,5357,5358,5359,5360,5361,5362,5363,5364,5365,5366,5367,5368,5369,5370,5371,5372,5373,5374,5375,5376
875,5377,5378,5379,5380,5381,5382,5383,5384,5385
876,5386,5387
877,5388,5389
878,5390,5392,5397
879,5400
880,5415
881,5419,5420,5423,5429
882,5433,5434,5435,5436,5437,5438
883,5439,5440,5441,5442,5443,5444
884,5445,5446,5447,5448,5449,5450,5451,5452,5453,5454,5455,5456,5457,5458,5459,5460
885,5468
886,5470,5471,5472,5473,5474
887,5479
888,5480,5481,5482,5483,5484,5485,5486
889,5488
890,5504,5505,5506,5507,5508,5509,5510,5511,5512
891,5513,5514
892,5515,5516,5517,5518,5519,5520,5521,5522,5523,5524,5525
893,5526,5527,5528,5529,5530,5531,5532,5533,5534,5535,5536,5537,5538,5539,5540,5541
894,5542,5543,5544,5545,5546,5547,5548,5549
895,5550,5551,5552,5553,5554,5555,5556,5557
896,5558,5559,5560,5561,5562,5563
897,5564,5565
898,5566,5567,5568
899,5569,5570,5575
900,5578,5586
901,5593,5594,5596,5597
902,5603,5605,5608
903,5617,5618,5623
904,5633,5634
905,5635,5636,5637,5638,5639,5640,5641,5642,5643,5644,5645,5646,5647,5648
906,5654
907,5660
908,5665,5666,5667,5668,5669,5670,5671,5672,5673,5674,5675,5676,5677,5678,5679,5680,5681
909,5682,5683,5684,5685,5686,5687,5688,5689,5690
910,5691,5692,5693,5694,5695
911,5696,5697,5698,5699,5700,5701,5702,5703,5704,5705,5706,5707,5708,5709,5710,5711
912,5712,5713,5714,5715,5716,5717,5718,5719
913,5720,5721,5722,5723,5724,5725,5726,5727
914,5728,5729,5730,5731,5732,5733
915,5734
916,5735,5742
917,5743
918,5750
919,5764,5765
920,5776,5777,5778,5779,5780
921,5781,5782,5783,5784,5785,5786,5787,5788
922,5790,5792
923,5801,5811
924,5820
925,5822,5823,5824,5825,5826,5827,5828,5829,5830,5831,5832,5833,5834,5835,5836,5837
926,5838,5839,5840,5841,5842,5843,5844,5845
927,5849,5852
928,5854,5855,5856,5857,5858,5859
929,5860,5861,5862,5863,5864,5865
930,5866,5867
931,5868,5873
932,5875,5882
933,5890,5891,5892,5893,5894,5897
934,5900,5902,5905,5907
935,5914,5915,5920
936,5926,5927,5928,5929,5930,5931,5932,5933,5934,5935,5936,5937,5938,5939,5940
937,5948,5949
938,5954,5955
939,5957,5958,5959,5960,5961,5962,5963,5964
940,5965,5966,5967,5968,5969,5970,5971,5972,5973,5974,5975,5976,5977,5978,5979,5980,5981
941,5982,5983,5984,5985,5986,5987,5988,5989,5990
942,5991
943,5992,5993,5994,5995,5996,5997
944,5998
945,6008,6009,6010,6011,6012,6013,6014,6015,6016,6017,6018,6019,6020,6021,6022
946,6023,6024,6025,6026,6027,6028,6029,6030
947,6031,6032,6033,6034,6035,6036,6037,6038
948,6039,6040,6041,6042,6043,6044
949,6045,6046,6047,6048,6049,6050
950,6051,6052,6053
951,6054,6055,6060
952,6062,6066,6069
953,6077,6078,6079,6080,6081,6084
954,6087,6089,6092,6094
955,6101,6102,6107
956,6113,6114,6115,6116,6117,6118,6119,6120
957,6121,6122,6123,6124,6125,6126,6127,6128,6129,6130,6131,6132,6133,6134,6135,6136,6137
958,6138,6139,6140,6141,6142,6143,6144,6145,6146
959,6147,6148,6149,6150,6151,6152,6153,6154
960,6155,6156,6157,6158,6159,6160
961,6161
962,6162
963,6169,6170,6171,6172,6173,6174,6175,6176,6177,6178,6179,6180,6181,6182,6183,6184,6185
964,6186,6187,6188,6189,6190,6191,6192,6193,6194
965,6195,6196
966,6197,6198,6199,6200,6201,6202,6203,6204,6205,6206,6207,6208
967,6209,6210,6211,6212,6213,6214,6215,6216,6217,6218,6219,6220,6221,6222,6223,6224,6225
968,6226,6227,6228,6229,6230,6231,6232,6233,6234,6235,6236,6237,6238
969,6239,6240,6241,6242,6243,6244,6245,6246,6247,6248,6249,6250,6251,6252,6253
970,6254,6255,6256,6257,6258,6259,6260,6261
971,6262,6263,6264
972,6265,6266,6267,6268,6269,6270,6271,6272,6273,6274,6275,6276,6277,6278,6279
973,6280,6281,6282,6283,6284,6285,6286,6287,6288,6289,6290,6291,6292,6293,6294,6295
974,6299
975,6308
976,6309,6310,6311,6312,6313,6314,6315,6316
977,6317
978,6341
979,6343,6344,6345,6346,6347,6348,6349,6350
980,6351,6352,6353,6354,6355,6356,6357,6358,6359,6360,6361,6362,6363,6364,6365,6366,6367
981,6368,6369,6370,6371,6372,6373,6374,6375,6376
982,6377,6378,6379,6380,6381,6382,6383,6384,6385,6386,6387,6388,6389,6390
983,6391,6392,6393,6394,6395,6396,6397,6398,6399,6400,6401,6402,6403,6404,6405,6406,6407,6408,6409,6410,6411
984,6412,6413,6414,6415,6416,6417,6418,6419,6420
985,6421,6422,6423,6424,6425,6426,6427,6428
986,6429,6430,6431,6432,6433,6434
987,6435,6436,6437
988,6438,6439,6444
989,6445,6446
990,6452,6454
991,6466,6467,6472
992,6478
993,6480
994,6483,6484,6485,6486,6487
995,6488,6489,6490,6491,6492,6493
996,6494
997,6496,6497,6498
998,6501
999,6511,6512,6518
1000,6519
1001,6520
1002,6522
1003,6528
1004,6530,6536
1005,6541
1006,6547,6548,6549,6550,6551
1007,6553
1008,6554,6555,6556,6557,6558,6559,6560,6561,6562,6563,6564
1009,6565
1010,6573,6575
1011,6583
1012,6584,6585,6586,6587,6588,6589
1013,6590,6591,6592,6593,6594,6595,6596,6597,6598,6599,6600,6601,6602,6603,6604,6605,6606
1014,6607,6608,6609,6610,6611,6612,6613,6614
1015,6615,6616,6617,6618,6619,6620,6621,6622
1016,6623,6624,6625,6626,6627,6628
1017,6629
1018,6630
1019,6631
1020,6635
1021,6636
1022,6638
1023,6640
1024,6645,6646,6647,6648,6649,6650,6651
1025,6652
1026,6653
1027,6654,6657
1028,6658,6659
1029,6668,6669,6681
1030,6691,6692,6693,6694,6695,6696,6697,6698
1031,6699
1032,6701
1033,6702,6703,6704,6705,6706,6707,6708,6709,6710,6711
1034,6712,6713,6714,6715,6716,6717,6718
1035,6722
1036,6723,6724,6725,6726,6727,6728,6729,6730,6731,6732,6733,6734,6735,6736,6737,6738
1037,6739,6740,6741,6742,6743,6744,6745,6746
1038,6748
1039,6749,6750,6751,6752,6753,6754
1040,6755,6756,6757,6758,6759,6760,6761,6762,6763,6764,6765,6766,6767,6768,6769,6770,6771
1041,6772,6773,6774,6775,6776,6777,6778,6779
1042,6781
1043,6785
1044,6786
1045,6788
1046,6789,6790,6791,6792,6793,6794
1047,6799
1048,6803
1049,6806
1050,6807,6808,6809,6810,6811,6812,6813,6814,6815,6816,6817,6818,6819,6820,6821
1051,6822,6823,6824,6825,6826,6827,6828
1052,6829,6830
1053,6832
1054,6839,6843
1055,6855,6856,6857,6858,6859,6860,6861,6862
1056,6863
1057,6864
1058,6870,6871,6872,6873,6874,6875,6876,6877,6878,6879,6880,6881,6882,6883,6884
1059,6887,6888
1060,6894,6896
1061,6898,6901
1062,6904
1063,6909
1064,6920
1065,6925,6930
1066,6944,6945,6946
1067,6952,6954
1068,6958,6959
1069,6963
1070,6964,6965
1071,6970
1072,6973,6974,6975,6976,6977,6978,6979
1073,6981
1074,7000,7001,7002,7003,7004,7005,7006,7007,7008,7009
1075,7010,7011,7012,7013,7014,7015,7016
1076,7017,7018,7019,7020,7021,7022
1077,7023,7024,7025,7026,7027,7028,7029,7030,7031,7032,7033,7034,7035
1078,7036,7037,7038,7039,7040,7041,7042
1079,7043
1080,7045
1081,7046,7047,7048,7049,7050,7051
1082,7054
1083,7069,7070,7071,7072,7073,7074,7075,7076,7077
1084,7079,7080
1085,7087
1086,7088,7089,7090,7091,7092,7093,7094,7095,7096,7097,7098,7099,7100,7101,7102,7103,7104,7105,7106,7107,7108
1087,7109,7110,7111,7112,7113,7114,7115,7116,7117
1088,7118
1089,7128
1090,7145,7146,7147,7148,7149,7150,7151,7152,7153
1091,7155,7157
1092,7159
1093,7160,7161
1094,7162,7163
1095,7164,7167
1096,7172
1097,7173,7174
1098,7175,7176,7177
1099,7178
1100,7180
1101,7181
1102,7182,7183
1103,7188
1104,7192,7193,7194,7195,7196,7197,7198
1105,7199
1106,7201
1107,7202,7203,7204
1108,7213
1109,7214,7215,7224
1110,7230,7231,7233
1111,7238,7239,7240,7241,7242,7243,7244
1112,7246
1113,7255
1114,7256,7257,7258,7259,7260,7261,7262,7263,7264,7265,7266,7267,7268,7269,7270,7271
1115,7272,7273,7275
1116,7280,7281,7282,7283,7284,7285,7286
1117,7288
1118,7297
1119,7298,7299,7300,7301,7302,7303,7304,7305,7306,7307,7308,7309,7310,7311,7312,7313
1120,7314,7315,7317
1121,7322,7323,7324,7325,7326,7327,7328
1122,7330
1123,7339
1124,7340,7341,7342,7343,7344,7345,7346,7347,7348,7349,7350,7351,7352,7353,7354,7355
1125,7356,7357,7359
1126,7364
1127,7367,7369
1128,7372,7373,7374,7375,7376,7377
1129,7382
1130,7384
1131,7398,7399
1132,7406,7407,7408,7409,7410,7411
1133,7416
1134,7418
1135,7432,7433
1136,7440,7441,7442,7443,7444,7445,7446
1137,7448
1138,7457
1139,7458,7459,7460,7461,7462,7463,7464,7465,7466,7467,7468,7469,7470,7471,7472,7473
1140,7474,7475,7477
1141,7482,7483,7484,7485,7486,7487,7488
1142,7490
1143,7499
1144,7500,7501,7502,7503,7504,7505,7506,7507,7508,7509,7510,7511,7512,7513,7514,7515
1145,7516,7517,7519
1146,7524,7525,7526,7527,7528,7529,7530
1147,7532
1148,7541
1149,7542,7543,7544,7545,7546,7547,7548,7549,7550,7551,7552,7553,7554,7555,7556,7557
1150,7558,7559,7561
1151,7566,7567,7568,7569,7570,7571,7572
1152,7574
1153,7583
1154,7584,7585,7586,7587,7588,7589,7590,7591,7592,7593,7594,7595,7596,7597,7598,7599
1155,7600,7601,7603
1156,7608,7609,7610,7611,7612,7613
1157,7618
1158,7620
1159,7634,7635
1160,7642,7643,7644,7645,7646,7647
1161,7652
1162,7654
1163,7668,7669
1164,7676,7677,7678,7679,7680,7681
1165,7686
1166,7688
1167,7702,7703
1168,7710,7711,7712,7713,7714,7715
1169,7720
1170,7722
1171,7736,7737
1172,7744,7745,7746,7747,7748,7749
1173,7754
1174,7756
1175,7770,7771
1176,7778,7779,7780,7781,7782,7783
1177,7788
1178,7790
1179,7804,7805
1180,7812
1181,7815,7817
1182,7820,7821,7822,7823,7824,7825
1183,7830
1184,7832
1185,7846,7847,7850
1186,7854,7855,7856,7857,7858,7859
1187,7864
1188,7866
1189,7880,7881,7884
1190,7888,7889,7890,7891,7892,7893
1191,7898
1192,7900
1193,7914,7915,7918
1194,7922,7923,7924,7925,7926,7927
1195,7932
1196,7934
1197,7948,7949,7952
1198,7956,7958,7960,7961
1199,7966
1200,7968,7970,7979
1201,7982
1202,7990
1203,7991
1204,7992,7994
1205,7996,7997,7998,7999,8000
1206,8001
1207,8002
1208,8003,8005
1209,8007,8008,8009,8010,8011
1210,8012,8013,8014,8015,8016,8017,8018,8019,8020,8021,8022,8023,8024,8025,8026,8027,8028,8029,8030,8031,8032
1211,8033,8034,8035,8036,8037,8038,8039,8040,8041
1212,8042
1213,8043
1214,8044,8046
1215,8048,8049,8050,8051,8052
1216,8053
1217,8054
1218,8065
1219,8071,8072,8073,8074,8075,8076,8077,8078
1220,8079,8080,8081,8082,8083,8084,8085,8086,8087,8088,8089,8090,8091,8092,8093,8094,8095,8096,8097
1221,8098,8099,8100,8101,8102,8103
1222,8108
1223,8110
1224,8124,8125,8128
1225,8132,8133,8134
1226,8138
1227,8139,8140,8141,8142
1228,8144
1229,8152,8155
1230,8158,8161
1231,8162,8163,8164,8165,8166,8167,8168,8169,8170
1232,8177
1233,8178,8179,8180,8181,8182,8183
1234,8188
1235,8190
1236,8204,8205,8208
1237,8212,8213,8214,8215,8216,8217
1238,8222
1239,8224
1240,8238,8239,8242
1241,8246
1242,8249,8251
1243,8254,8255,8256,8257,8258,8259
1244,8264
1245,8266
1246,8280,8281,8284
1247,8288,8289,8290,8291,8292,8293
1248,8298
1249,8300
1250,8314,8315,8318
1251,8322,8323,8324,8325,8326,8327
1252,8332
1253,8334
1254,8348,8349,8352
1255,8356,8357,8358,8359,8360,8361
1256,8366
1257,8368
1258,8382,8383,8386
1259,8390,8391,8392,8393,8394,8395
1260,8400
1261,8402
1262,8416,8417,8420
1263,8424,8425,8426,8427,8428,8429
1264,8434
1265,8436
1266,8450,8451,8454
1267,8458
1268,8460
1269,8461,8462,8463
1270,8464,8465,8466,8467,8468,8469,8470,8471,8472
1271,8478
1272,8480,8481,8482,8483,8484,8485,8486
1273,8487
1274,8501,8502,8505
1275,8509,8510,8511
1276,8513
1277,8518
1278,8525
1279,8543
1280,8550
1281,8553,8554,8555,8556,8557,8558,8559
1282,8560
1283,8572,8574
1284,8585
1285,8588,8589,8590,8591,8592,8593,8594
1286,8595
1287,8607,8609
1288,8620
1289,8623,8624,8625,8626,8627,8628,8629
1290,8630
1291,8642,8644
1292,8649,8650,8651,8652,8653,8654
1293,8659
1294,8661
1295,8675,8676,8679
1296,8683,8684,8685,8686,8687,8688
1297,8693
1298,8695
1299,8709,8710,8713
1300,8723
1301,8726,8727,8728,8729,8730,8731,8732
1302,8733
1303,8745,8747
1304,8752
1305,8753
1306,8754,8756
1307,8758,8759,8760,8761,8762
1308,8763
1309,8764
1310,8765,8767
1311,8769,8770,8771,8772,8773
1312,8774,8775,8776,8777,8778,8779,8780,8781,8782,8783,8784,8785,8786,8787,8788,8789,8790,8791,8792,8793,8794
1313,8795,8796,8797,8798,8799,8800,8801,8802,8803
1314,8804
1315,8806
1316,8807
1317,8810
1318,8815
1319,8819,8827
1320,8832,8833,8834,8835,8836,8837,8838,8839
1321,8840,8841,8842,8843,8844,8845,8846,8847,8848,8849,8850,8851,8852,8853,8854,8855,8856,8857,8858
1322,8859,8860
1323,8861,8862
1324,8863
1325,8872,8873,8874,8875,8876,8877,8878,8879
1326,8880
1327,8881
1328,8882,8884
1329,8887
1330,8891
1331,8892
1332,8893,8895
1333,8898
1334,8908,8909,8922
1335,8923,8924,8925,8926,8927,8928,8929,8930,8931
1336,8932,8933,8934,8935,8936,8937,8938,8939,8940,8941,8942,8943,8944,8945,8946,8947,8948,8949,8950
1337,8951,8952
1338,8953,8954
1339,8955
1340,8964,8965,8966,8967,8968,8969,8970,8971
1341,8972
1342,8973
1343,8974,8976
1344,8979
1345,8983
1346,8984
1347,8985,8987
1348,8990
1349,9000,9001,9014
1350,9015,9016,9017,9018,9019,9020,9021,9022,9023
1351,9024,9025,9026,9027,9028,9029,9030,9031,9032,9033,9034,9035,9036,9037,9038,9039,9040,9041,9042
1352,9043,9044
1353,9045,9046
1354,9047
1355,9056,9057,9058,9059,9060,9061,9062,9063
1356,9064
1357,9065
1358,9066,9068
1359,9071
1360,9075
1361,9076
1362,9077,9079
1363,9082
1364,9092,9093,9106
1365,9107,9108,9109,9110,9111,9112,9113,9114,9115
1366,9116,9117,9118,9119,9120,9121,9122,9123,9124,9125,9126,9127,9128,9129,9130,9131,9132,9133,9134
1367,9135
1368,9136
1369,9137,9139
1370,9141,9142,9143,9144,9145
1371,9146
1372,9147
1373,9148,9150
1374,9152,9153,9154,9155,9156
1375,9157,9158,9159,9160,9161,9162,9163,9164,9165,9166,9167,9168,9169,9170,9171,9172,9173,9174,9175,9176,9177
1376,9178,9179,9180,9181,9182,9183,9184,9185,9186
1377,9187
1378,9188
1379,9189,9191
1380,9193,9194,9195,9196,9197
1381,9198
1382,9202,9209
1383,9215,9216,9217,9218,9219,9220,9221,9222
1384,9223,9224,9225,9226,9227,9228,9229,9230,9231,9232,9233,9234,9235,9236,9237,9238,9239,9240,9241
1385,9242,9243,9244,9245,9246,9247,9248,9249,9250
1386,9251,9252,9253,9254,9255,9256,9257
1387,9258,9259,9260,9261,9262,9263,9264,9265
1388,9267,9270
1389,9273,9276
1390,9277
1391,9278
1392,9279,9281
1393,9283,9284,9285,9286,9287
1394,9288
1395,9289
1396,9290,9292
1397,9294,9295,9296,9297,9298
1398,9299,9300,9301,9302,9303,9304,9305,9306,9307,9308,9309,9310,9311,9312,9313,9314,9315,9316,9317,9318,9319
1399,9320,9321,9322,9323,9324,9325,9326,9327,9328
1400,9329
1401,9331
1402,9332
1403,9333,9335
1404,9337,9338,9339,9340,9341
1405,9344,9351
1406,9357,9358,9359,9360,9361,9362,9363,9364
1407,9365,9366,9367,9368,9369,9370,9371,9372,9373,9374,9375,9376,9377,9378,9379,9380,9381,9382,9383
1408,9384
1409,9385
1410,9386,9388
1411,9390,9391,9392,9393,9394
1412,9395
1413,9396
1414,9397,9399
1415,9401,9402,9403,9404,9405
1416,9406,9407,9408,9409,9410,9411,9412,9413,9414,9415,9416,9417,9418,9419,9420,9421,9422,9423,9424,9425,9426
1417,9427,9428,9429,9430,9431,9432,9433,9434,9435
1418,9436
1419,9437
1420,9438,9440
1421,9442,9443,9444,9445,9446
1422,9447
1423,9451,9458
1424,9464,9465,9466,9467,9468,9469,9470,9471
1425,9472,9473,9474,9475,9476,9477,9478,9479,9480,9481,9482,9483,9484,9485,9486,9487,9488,9489,9490
1426,9491,9492,9493,9494,9495,9496
1427,9497,9498,9499,9500,9501,9502,9503,9504,9505,9506,9507,9508
1428,9509,9512,9513
1429,9519,9521,9523
1430,9526
1431,9529
1432,9531
1433,9536,9537,9540
1434,9544,9546,9547,9548
1435,9551,9552
1436,9556
1437,9557
1438,9558
1439,9560
1440,9561,9562,9563,9564,9565,9566
1441,9567,9575
1442,9582,9586
1443,9595,9596,9597,9598,9599
1444,9602
1445,9604
1446,9612
1447,9613
1448,9628,9632
1449,9641,9642,9643,9644,9645,9646
1450,9648
1451,9649
1452,9651
1453,9656
1454,9658,9660,9661,9664
1455,9668
1456,9671
1457,9673
1458,9681
1459,9682
1460,9697,9701
1461,9710,9711,9712,9713,9714,9715
1462,9717
1463,9718
1464,9719,9722
1465,9724,9727
1466,9730,9731,9732
1467,9735,9736
1468,9737
1469,9738
1470,9739
1471,9745
1472,9746,9747,9748,9749,9750,9751,9752,9753,9754,9755,9756
1473,9757,9759,9760,9761,9763
1474,9765
1475,9767
1476,9768,9769
1477,9770,9771,9772
1478,9776
1479,9777
1480,9778
1481,9780
1482,9781
1483,9782
1484,9783
1485,9784,9785
1486,9786,9787,9788
1487,9789
1488,9790,9791,9791
