147,1
148,2
149,6,3,4,5
150,7
151,9,8
152,12,11,10
153,24,21,23,19,22,20,18,13,15,16
154,25
155,26
156,30,27,28,29
157,31
158,32
159,36,33,34,35
160,47,48,49,50,44,45,46,37,40,41
161,51,69,68,70,71,58,61,63,65,67,55
162,76,77,74,78,80,73,75,72
163,85,84,83,82,81
164,89,86,87,88
165,92,91,93,90
166,96,95
167,97
168,98
169,102,99,100,101
170,104,103
171,106,105
172,113,107,111,108,110,114,112
173,115
174,117,116
175,126,122,119,123,130,120,118,121,127
176,139,179,172,169,170,149,144,140,151,176,178
177,193,194,187,184,192,185,182,183,181
178,195
179,201,199,200,197,196,198
180,207,203,204,205,209,202,221,208,217,206
181,228,223,225,224,230,226,227,229,222
182,232,231
183,239,240,238,233,236,237,234,235
184,257,262,245,261,242,246,248,243,260,241
185,267,275,264,269,266,273,268,274,263,265
186,276,285,284,290,281,286,288,289,291,279,283
187,298,296,300,295,297,299,294,293,292
188,301
189,307,308,309,305,306,303,302,304
190,314,320,317,311,313,316,319,310,312,315
191,330,326,333,328,323,327,332,329,322,324
192,334,347,337,339,346,355,348,349,335,338,342
193,364,360,361,358,359,362,357
194,374,370,375,378,368,373,367,369,372
195,387,383,386,384,381,382,380
196,391,390,392,389,388
197,393
198,397,394,395,396
199,408,409,410,411,405,406,407,398,401,402
200,412
201,413
202,414
203,418,415,416,417
204,423,421,422,420,419
205,429,430,431,427,428,425,424,426
206,432,450,447,448,449,439,444,446,440,441,442
207,451
208,453,455,463,456,457,464,452,454
209,471,469,468,470,466,467,465
210,472
211,473
212,477,474,475,476
213,479,478
214,481,480
215,488,482,486,483,485,489,487
216,490
217,492,491
218,501,497,494,498,505,495,493,496,502
219,516,515,514
220,547,521,528,518,530,524,538,552,517,519
221,567,566,559,556,557,554,555,553
222,573,571,572,569,568,570
223,584,580,598,574,575,576,578,582,579,581
224,606,601,603,602,604,600
225,615,613,614,611,610,612
226,620,621,619,618,617,616
227,626,642,627,637,623,628,625,622,629
228,643,647,649,660,644,646,659,661,651,656,657
229,662,672,670,679,667,675,671,673,677,678,680
230,681,689,687,691,693,685,688,690,692,684,686
231,701,700,702,704,698,703,697,699,695,694
232,709,718,714,706,708,711,716,719,705,707
233,726,723,724,721,722,720
234,731,730,732,729,728
235,733
236,734
237,735
238,739,736,737,738
239,740
240,741
241,745,742,743,744
242,756,757,758,759,753,754,755,746,749,750
243,760
244,761
245,765,762,763,764
246,766
247,768,767
248,771,770,769
249,783,780,782,778,781,779,777,772,774,775
250,784,802,801,803,804,791,794,796,798,800,788
251,809,810,807,811,813,806,808,805
252,820,819,817,821,815,818,814,816
253,827,825,826,823,824,822
254,828
255,829
256,833,830,831,832
257,835,834
258,844,845,846,842,843,839,840,837,836,841
259,847
260,851,848,849,850
261,852
262,854,853
263,863,864,865,861,862,858,859,856,855,860
264,870,872,873,869,871,868,867,866
265,874,889,885,886,887,888,879,880,876,881,882
266,892,896,891,893,890
267,899,898
268,910,912,908,905,901,906,900,903,907
269,921,920,916,917,914,915,918,913
270,933,927,923,934,925,922,924,928,926
271,939,938,941,936,937,935
272,942
273,946,943,944,945
274,957,958,959,960,954,955,956,947,950,951
275,961
276,965,962,963,964
277,970,968,969,967,966
278,982,978,980,981,983,979,975,977,972,971
279,984,1004,1001,1002,1003,991,994,996,998,1000,988
280,1005
281,1009,1017,1007,1010,1011,1018,1006,1008
282,1019
283,1021,1020
284,1026,1033,1023,1028,1025,1034,1032,1024,1022,1027
285,1041,1038,1039,1036,1037,1040,1035
286,1043
287,1047,1044,1045,1046
288,1048,1061,1059,1060,1062,1055,1056,1057,1051,1053,1049
289,1067,1065,1066,1064,1063
290,1079,1075,1077,1078,1080,1076,1072,1074,1069,1068
291,1081,1100,1098,1099,1101,1088,1091,1093,1095,1097,1089
292,1102
293,1115,1106,1104,1108,1116,1107,1103,1105
294,1123,1120,1122,1121,1118,1117
295,1127,1126,1128,1125,1124
296,1129
297,1131,1130
298,1132
299,1134,1133
300,1141,1142,1140,1135,1138,1139,1136,1137
301,1147,1145,1146,1144,1143
302,1148,1162,1159,1161,1155,1156,1157,1154,1151,1152,1149
303,1167,1165,1166,1164,1163
304,1168
305,1169
306,1171,1170
307,1174,1173,1172
308,1180,1181,1178,1179,1176,1175,1177
309,1182,1194,1192,1195,1189,1190,1188,1185,1186,1183,1191
310,1196,1215,1212,1213,1214,1203,1205,1207,1209,1211,1204
311,1222,1223,1219,1224,1217,1227,1220,1221,1228,1216
312,1235,1234,1232,1233,1230,1229
313,1239,1238,1240,1237,1236
314,1241
315,1242
316,1243
317,1245,1244
318,1248,1247,1246
319,1254,1255,1252,1253,1250,1249,1251
320,1256,1268,1266,1269,1263,1264,1262,1259,1260,1257,1265
321,1272,1271,1270
322,1278,1279,1276,1277,1274,1273,1275
323,1280,1292,1290,1293,1287,1288,1286,1283,1284,1281,1289
324,1294,1310,1311,1312,1313,1301,1302,1303,1304,1305,1306
325,1317,1318,1315,1319,1325,1326,1314,1316
326,1330,1332,1333,1331,1328,1327
327,1337,1336,1338,1335,1334
328,1339
329,1340
330,1341
331,1345,1342,1343,1344
332,1347,1346
333,1353,1351,1352,1349,1348,1350
334,1354,1367,1365,1366,1368,1361,1362,1363,1357,1359,1355
335,1370,1369
336,1373,1372,1371
337,1383,1384,1380,1381,1382,1379,1377,1374,1375,1378
338,1385,1403,1401,1402,1404,1392,1396,1398,1400,1389,1391
339,1408,1416,1415,1406,1409,1410,1417,1405,1407
340,1424,1423,1421,1422,1419,1418
341,1428,1427,1429,1426,1425
342,1430
343,1431,1444,1442,1443,1445,1438,1439,1440,1434,1436,1432
344,1446
345,1447
346,1451,1448,1449,1450
347,1453,1452
348,1459,1457,1458,1455,1454,1456
349,1460,1473,1471,1472,1474,1467,1468,1469,1463,1465,1461
350,1475,1493,1494,1495,1496,1482,1483,1484,1485,1486,1487
351,1507,1498,1501,1500,1502,1504,1506,1508,1509,1497
352,1515,1513,1516,1514,1511,1510
353,1520,1519,1521,1518,1517
354,1522
355,1526,1523,1524,1525
356,1528,1527
357,1534,1532,1533,1530,1529,1531
358,1535,1548,1546,1547,1549,1542,1543,1544,1538,1540,1536
359,1553,1550,1551,1552
360,1555,1554
361,1561,1559,1560,1557,1556,1558
362,1562,1575,1573,1574,1576,1569,1570,1571,1565,1567,1563
363,1577,1595,1596,1597,1598,1584,1585,1586,1587,1588,1589
364,1605,1600,1602,1603,1604,1610,1611,1599,1601
365,1617,1618,1615,1616,1613,1612
366,1622,1621,1623,1620,1619
367,1624
368,1626,1625
369,1632,1630,1631,1628,1627,1629
370,1633,1646,1644,1645,1647,1640,1641,1642,1636,1638,1634
371,1653,1651,1652,1649,1648,1650
372,1654
373,1658,1655,1656,1657
374,1659,1672,1670,1671,1673,1666,1667,1668,1662,1664,1660
375,1674,1692,1693,1694,1695,1681,1682,1683,1684,1685,1686
376,1699,1697,1700,1701,1707,1708,1696,1698
377,1714,1712,1715,1713,1710,1709
378,1719,1718,1720,1717,1716
379,1721
380,1723,1722
381,1729,1727,1728,1725,1724,1726
382,1730,1743,1741,1742,1744,1737,1738,1739,1733,1735,1731
383,1745
384,1749,1746,1747,1748
385,1750,1763,1761,1762,1764,1757,1758,1759,1753,1755,1751
386,1765,1783,1784,1785,1786,1772,1773,1774,1775,1776,1777
387,1790,1791,1788,1792,1798,1799,1787,1789
388,1803,1805,1806,1804,1801,1800
389,1810,1809,1811,1808,1807
390,1812
391,1814,1813
392,1820,1818,1819,1816,1815,1817
393,1823,1822,1821
394,1824,1833,1835,1836,1830,1831,1832,1834,1827,1828,1825
395,1841,1842,1843,1844,1845,1839,1840,1838,1837
396,1846,1861,1858,1860,1852,1857,1859,1853,1854,1855,1856
397,1863,1866,1865,1867,1872,1869,1873,1862,1864
398,1879,1877,1880,1878,1875,1874
399,1884,1883,1885,1882,1881
400,1886
401,1889,1888,1887
402,1895,1896,1893,1894,1891,1890,1892
403,1897,1909,1907,1910,1904,1905,1903,1900,1901,1898,1906
404,1911
405,1913,1912
406,1920,1921,1919,1914,1917,1918,1915,1916
407,1926,1924,1925,1923,1922
408,1927,1941,1938,1940,1934,1935,1936,1933,1930,1931,1928
409,1942,1961,1958,1959,1960,1949,1951,1953,1955,1957,1950
410,1965,1963,1973,1966,1967,1974,1962,1964
411,1981,1980,1978,1979,1976,1975
412,1985,1984,1986,1983,1982
413,1987
414,1989,1988
415,1995,1993,1994,1991,1990,1992
416,1996,2009,2007,2008,2010,2003,2004,2005,1999,2001,1997
417,2011
418,2015,2012,2013,2014
419,2016,2029,2027,2028,2030,2023,2024,2025,2019,2021,2017
420,2031,2049,2050,2051,2052,2038,2039,2040,2041,2042,2043
421,2056,2057,2054,2058,2064,2065,2053,2055
422,2069,2071,2072,2070,2067,2066
423,2076,2075,2077,2074,2073
424,2078
425,2082,2079,2080,2081
426,2084,2083
427,2093,2094,2095,2091,2092,2088,2089,2086,2085,2090
428,2097,2096
429,2104,2105,2103,2098,2101,2102,2099,2100
430,2110,2111,2112,2108,2109,2107,2106
431,2113,2128,2125,2127,2124,2126,2119,2118,2120,2121,2122
432,2131,2135,2130,2132,2129
433,2142,2140,2144,2138,2141,2137,2139
434,2150,2148,2149,2146,2147,2145
435,2152,2151
436,2159,2160,2158,2153,2156,2157,2154,2155
437,2161,2178,2176,2177,2179,2168,2169,2170,2172,2174,2171
438,2184,2186,2188,2185,2187,2181,2183,2182,2180
439,2190,2189
440,2191
441,2193,2192
442,2200,2201,2202,2197,2199,2195,2194,2196,2198
443,2212,2210,2214,2208,2213,2207,2209,2205,2204,2206
444,2215,2223,2222,2224,2226,2219,2225,2227,2218,2221,2216
445,2232,2242,2235,2229,2231,2234,2236,2240,2243,2228
446,2250,2247,2251,2248,2245,2246,2244
447,2254,2253,2252
448,2258,2268,2256,2259,2261,2255,2257,2260
449,2274,2277,2284,2271,2273,2276,2278,2285,2282,2270
450,2289,2287,2288,2286
451,2294
452,2295
453,2297,2296
454,2303,2301,2302,2299,2298,2300
455,2304,2317,2315,2316,2318,2311,2312,2313,2307,2309,2305
456,2319,2338,2336,2337,2339,2326,2329,2331,2333,2335,2327
457,2340,2346,2343,2341,2348,2350,2352,2344,2345,2349,2351
458,2360,2357,2359,2358,2355,2354
459,2364,2363,2365,2362,2361
460,2366
461,2368,2367
462,2369
463,2371,2370
464,2378,2379,2377,2372,2375,2376,2373,2374
465,2380,2394,2391,2393,2387,2388,2389,2386,2383,2384,2381
466,2396,2395
467,2403,2404,2402,2397,2400,2401,2398,2399
468,2406,2405
469,2407
470,2413,2411,2412,2409,2408,2410
471,2414,2427,2428,2429,2430,2421,2422,2423,2425,2417,2419
472,2431,2448,2449,2450,2451,2438,2441,2443,2445,2447,2439
473,2455,2462,2453,2463,2456,2457,2464,2452,2454
474,2471,2470,2468,2469,2466,2465
475,2475,2474,2476,2473,2472
476,2477
477,2478
478,2484,2482,2483,2480,2479,2481
479,2485,2498,2496,2497,2499,2492,2493,2494,2488,2490,2486
480,2500,2518,2519,2520,2521,2507,2508,2509,2510,2511,2512
481,2522,2528,2523,2525,2526,2527,2529,2530,2531,2532,2533
482,2538,2540,2541,2539,2536,2535
483,2545,2544,2546,2543,2542
484,2547
485,2550,2549,2548
486,2551
487,2553,2552
488,2559,2557,2558,2555,2554,2556
489,2560,2569,2571,2572,2566,2567,2568,2570,2563,2564,2561
490,2573,2590,2591,2592,2593,2580,2583,2585,2587,2589,2581
491,2597,2595,2603,2605,2598,2599,2602,2604,2606,2594
492,2613,2610,2612,2611,2608,2607
493,2617,2616,2618,2615,2614
494,2622,2619,2620,2621
495,2624,2623
496,2633,2634,2635,2631,2632,2628,2629,2626,2625,2630
497,2636
498,2640,2637,2638,2639
499,2643,2642,2641
500,2655,2652,2654,2650,2653,2651,2649,2644,2646,2647
501,2656,2672,2673,2674,2675,2663,2664,2666,2668,2670,2659
502,2680,2682,2679,2681,2677,2678,2676
503,2690,2691,2688,2692,2686,2689,2685,2687
504,2698,2696,2697,2694,2695,2693
505,2700,2699
506,2701
507,2705,2702,2703,2704
508,2714,2715,2716,2712,2713,2709,2710,2707,2706,2711
509,2717,2733,2734,2735,2736,2724,2725,2726,2727,2728,2729
510,2741,2742,2743,2744,2745,2738,2739,2740,2737
511,2750,2752,2754,2749,2751,2753,2748,2747,2746
512,2760,2765,2756,2755,2757,2758,2759
513,2772,2769,2771,2770,2768
514,2777,2776,2775
515,2781,2791,2779,2782,2784,2778,2780,2783
516,2797,2800,2807,2794,2796,2799,2801,2808,2805,2793
517,2812,2810,2811,2809
518,2817
519,2821,2818,2819,2820
520,2822
521,2824,2823
522,2830,2828,2829,2826,2825,2827
523,2831,2844,2842,2843,2845,2838,2839,2840,2834,2836,2832
524,2846,2864,2865,2866,2867,2853,2854,2855,2856,2857,2858
525,2872,2869,2871,2873,2875,2877,2878,2879,2880,2868
526,2884,2886,2887,2885,2882,2881
527,2891,2890,2892,2889,2888
528,2893
529,2895,2894
530,2901,2899,2900,2897,2896,2898
531,2902,2915,2913,2914,2916,2909,2910,2911,2905,2907,2903
532,2917
533,2921,2918,2919,2920
534,2922
535,2928,2926,2927,2924,2923,2925
536,2929,2942,2940,2941,2943,2936,2937,2938,2932,2934,2930
537,2944,2962,2963,2964,2965,2951,2952,2953,2954,2955,2956
538,2969,2967,2970,2971,2977,2978,2966,2968
539,2984,2982,2985,2983,2980,2979
540,2989,2988,2990,2987,2986
541,2991
542,2993,2992
543,2996,2995,2994
544,2998,2997
545,3004,3002,3003,3000,2999,3001
546,3005,3018,3019,3020,3021,3012,3013,3014,3016,3008,3010
547,3026,3025,3023,3024,3022
548,3034,3031,3032,3033
549,3036,3037,3038,3035
550,3043,3045,3046,3047,3041,3044,3040,3042
551,3063,3053,3052,3049,3056,3055,3062,3050,3048,3051
552,3072,3071,3068,3069,3066,3067,3070,3073,3065
553,3074
554,3078,3075,3076,3077
555,3087,3088,3089,3085,3086,3082,3083,3080,3079,3084
556,3090,3105,3101,3102,3103,3104,3095,3096,3092,3097,3098
557,3108,3112,3107,3109,3106
558,3119,3117,3121,3115,3118,3114,3116
559,3127,3125,3126,3123,3124,3122
560,3129,3128
561,3136,3137,3135,3130,3133,3134,3131,3132
562,3138
563,3142,3139,3140,3141
564,3151,3152,3153,3149,3150,3146,3147,3144,3143,3148
565,3154,3171,3169,3170,3172,3161,3162,3163,3165,3167,3164
566,3177,3179,3174,3176,3175,3173
567,3186,3193,3184,3187,3192,3182,3183,3185,3188,3190
568,3197,3202,3205,3198,3195,3200,3203,3194,3196,3199
569,3209
570,3210
571,3212,3211
572,3216,3214,3218,3217,3213,3215
573,3222,3223,3220,3221,3219
574,3226
575,3228,3227
576,3232,3230,3234,3240,3231,3229,3233
577,3247,3244,3245,3242,3243,3241
578,3248
579,3250,3249
580,3251
581,3253,3252
582,3256,3255,3254
583,3260,3259,3258,3257
584,3261
585,3265,3263,3266,3262,3264
586,3273,3276,3270,3275,3280,3269,3271,3274
587,3282,3281
588,3287,3298,3295,3284,3289,3286,3299,3297,3283,3285
589,3306,3303,3304,3301,3302,3300
590,3314,3311,3321,3318,3317,3309,3313,3322,3308,3310
591,3329,3326,3327,3324,3325,3323
592,3330
593,3332,3331
594,3335,3334,3333
595,3341,3337,3336,3339
596,3349,3347,3348,3345,3346,3344
597,3354,3358,3359,3356,3352,3351,3355,3353
598,3375,3366,3372,3361,3374,3363,3364,3360,3362,3365
599,3376
600,3381,3388,3378,3380,3382,3387,3377,3379
601,3394,3404,3391,3395,3401,3389,3390,3392,3396,3393
602,3407,3409,3406,3408,3411,3412,3405
603,3413
604,3415,3414
605,3416
606,3418,3417
607,3425,3426,3424,3419,3422,3423,3420,3421
608,3432,3442,3429,3433,3441,3439,3430,3431,3427,3428
609,3445,3447,3444,3446,3450,3449,3443
610,3451
611,3452
612,3456,3453,3454,3455
613,3465,3466,3467,3463,3464,3460,3461,3458,3457,3462
614,3473,3480,3470,3474,3484,3482,3472,3469,3468,3471
615,3488,3490,3487,3489,3492,3493,3486
616,3498,3496,3497,3495,3494
617,3499
618,3501,3500
619,3505,3503,3506,3507,3502,3504
620,3511,3509,3510,3508
621,3516,3515
622,3528,3520,3518,3522,3529,3517,3519,3521
623,3533,3534,3531,3532,3530
624,3540,3539,3538,3537
625,3544,3543,3542,3541
626,3548,3546,3550,3556,3547,3545,3549
627,3560,3561,3558,3559,3557
628,3567,3566,3568,3565,3564
629,3569
630,3571,3570
631,3579,3575,3580,3577,3573,3572,3576,3574
632,3581
633,3582
634,3586,3584,3587,3588,3583,3585
635,3599,3593,3594,3590,3592,3589,3591
636,3601,3600
637,3616,3613,3606,3603,3608,3605,3615,3617,3602,3604
638,3624,3621,3622,3619,3620,3618
639,3629,3628,3627,3626
640,3640,3633,3631,3635,3641,3630,3632,3634
641,3645,3646,3643,3644,3642
642,3652,3651,3653,3650,3649
643,3654
644,3656,3655
645,3664,3660,3665,3662,3658,3657,3661,3659
646,3668,3667,3666
647,3671,3670,3669
648,3677,3681,3682,3673,3672,3674,3675,3676
649,3684,3689,3687,3690,3691,3683,3685,3688
650,3697
651,3698
652,3699,3700,3701,3702
653,3705,3704,3703
654,3713,3709,3715,3711,3725,3710,3708,3714,3719,3721
655,3732,3729,3730,3734,3727,3728,3731,3726
656,3735
657,3737,3736
658,3743,3741,3742,3739,3738,3740
659,3749,3747,3748,3745,3744,3746
660,3757,3765,3763,3762,3764,3750,3751,3752,3753,3754
661,3770,3767,3768,3769,3771,3772,3773,3766
662,3781,3778,3780,3779,3776,3775,3777
663,3795,3796,3787,3783,3785,3789,3797,3782,3784,3786
664,3803,3800,3798,3804,3799,3801,3802,3811,3813,3806
665,3816,3818,3817,3822,3815
666,3823
667,3824
668,3825,3826,3828
669,3830,3831,3833,3829
670,3834
671,3838,3843,3839,3836,3835,3837
672,3859,3850,3860,3846,3849,3851,3844,3845,3857,3847
673,3866,3863,3865,3862,3864,3867,3861
674,3870
675,3872,3871
676,3874,3873
677,3881,3882,3880,3875,3878,3879,3876,3877
678,3887,3897,3884,3889,3896,3898,3886,3883,3885,3888
679,3902,3903,3900,3901,3906,3904,3899
680,3910,3907,3908,3909
681,3919,3920,3921,3917,3918,3914,3915,3912,3911,3916
682,3927,3936,3924,3928,3935,3938,3923,3922,3925,3930
683,3942,3944,3941,3943,3947,3946,3940
684,3952,3950,3951,3949,3948
685,3953
686,3954
687,3956,3955
688,3957
689,3959,3963,3962,3958,3960
690,3968,3974,3970,3971,3965,3969,3964,3966
691,3979,3982,3987,3984,3985,3976,3978,3980,3986,3975
692,3993,3991,3994,3992,3989,3990,3988
693,3995
694,3996
695,3997,3998,4000
696,4002,4005,4003,4001
697,4010,4011,4007,4014,4009,4006,4013,4015
698,4032,4028,4031,4029,4026,4027,4030,4025
699,4034
700,4038,4035,4036,4037
701,4043,4059,4040,4044,4046,4041,4057,4039,4042,4045
702,4067,4063,4061,4064,4062,4068,4065,4060
703,4070,4069
704,4076,4074,4075,4072,4071,4073
705,4092,4096,4081,4095,4078,4082,4084,4094,4079,4077
706,4100,4101,4098,4099,4097
707,4108,4107,4106
708,4114,4115,4112,4113,4110,4109,4111
709,4132,4120,4131,4117,4121,4123,4130,4118,4116,4119
710,4140,4136,4137,4134,4135,4141,4138,4133
711,4145,4142,4143,4144
712,4150,4148,4149,4147,4146
713,4156,4157,4158,4154,4155,4152,4151,4153
714,4172,4163,4176,4160,4166,4175,4161,4159,4162,4165
715,4181,4184,4182,4179,4180,4183,4178
716,4190,4189,4191,4188,4187
717,4192
718,4193
719,4194,4195,4197
720,4201,4199,4200,4202,4198
721,4203
722,4209,4205,4204,4207
723,4222,4217,4220,4216
724,4223
725,4224
726,4225
727,4226,4227,4229
728,4233,4231,4232,4234,4230
729,4240,4242,4246,4236,4235,4238
730,4252,4253,4248,4251,4247
731,4254
732,4255
733,4256
734,4257,4258,4260
735,4264,4262,4263,4265,4261
736,4271,4273,4277,4267,4266,4269
737,4283,4284,4279,4282,4278
738,4285
739,4286
740,4287
741,4288,4289,4291
742,4295,4293,4294,4296,4292
743,4302,4304,4308,4298,4297,4300
744,4314,4315,4310,4313,4309
745,4316
746,4317
747,4318
748,4319,4320,4322
749,4326,4324,4325,4327,4323
750,4333,4335,4339,4329,4328,4331
751,4345,4346,4341,4344,4340
752,4347
753,4348
754,4349
755,4350,4351,4353
756,4357,4355,4356,4358,4354
757,4364,4366,4370,4360,4359,4362
758,4376,4377,4372,4375,4371
759,4378
760,4379
761,4380
762,4381,4382,4384
763,4388,4386,4387,4389,4385
764,4395,4397,4401,4391,4390,4393
765,4407,4408,4403,4406,4402
766,4409
767,4410
768,4411
769,4412,4413,4415
770,4419,4417,4418,4420,4416
771,4426,4428,4432,4422,4421,4424
772,4438,4439,4434,4437,4433
773,4442,4441,4440
774,4449,4450,4448,4443,4446,4447,4444,4445
775,4457,4458,4459,4454,4455,4456,4452,4451,4453
776,4460,4476,4474,4475,4477,4467,4469,4471,4473,4468,4470
777,4482,4480,4484,4479,4481,4478
778,4493,4492,4490,4494,4488,4491,4487,4489
779,4495,4506,4499,4503,4500,4509,4504,4496,4498,4502,4507
780,4518,4517,4514,4519,4515,4512,4513,4516,4511
781,4520
782,4524,4521,4522,4523
783,4533,4534,4535,4531,4532,4528,4529,4526,4525,4530
784,4538,4537,4536
785,4550,4547,4549,4545,4548,4546,4544,4539,4541,4542
786,4551,4567,4568,4569,4570,4558,4559,4561,4563,4565,4554
787,4575,4577,4574,4576,4572,4573,4571
788,4585,4586,4583,4587,4581,4584,4580,4582
789,4593,4591,4592,4589,4590,4588
790,4594
791,4596,4595
792,4602,4600,4601,4598,4597,4599
793,4606,4607,4608,4604,4605,4603
794,4613,4620,4611,4614,4619,4609,4610,4612,4615,4617
795,4632,4627,4625,4622,4630,4624,4629,4621,4623,4626
796,4636
797,4640,4637,4638,4639
798,4645,4644,4642,4643,4641
799,4647,4646
800,4650,4649,4648
801,4657,4662,4653,4656,4652,4651,4654,4658,4660,4655
802,4667,4668,4665,4666,4664
803,4672,4671
804,4673,4684,4680,4681,4682,4677,4683,4685,4676,4679,4674
805,4686,4694,4696,4697,4701,4691,4695,4699,4700,4702,4689
806,4709,4707,4706,4704,4705,4703
807,4717,4718,4715,4719,4713,4716,4712,4714
808,4724,4728,4725,4733,4729,4721,4723,4727,4732,4720
809,4742,4741,4738,4743,4739,4736,4737,4740,4735
810,4747,4744,4745,4746
811,4758,4759,4760,4761,4755,4756,4757,4748,4751,4752
812,4762,4779,4780,4781,4782,4769,4772,4774,4776,4778,4770
813,4787,4788,4789,4791,4784,4785,4786,4783
814,4798,4797,4795,4799,4793,4796,4792,4794
815,4805,4803,4804,4801,4802,4800
816,4806
817,4810,4807,4808,4809
818,4812,4813,4814,4811
819,4819,4826,4817,4821,4827,4816,4818,4820,4825,4823
820,4834,4841,4831,4829,4832,4837,4828,4830,4833
821,4845,4846,4844,4848,4849,4843
822,4856,4853,4852,4851,4855,4850
823,4863,4861,4865,4859,4862,4858,4860
824,4870,4874,4871,4867,4869,4873,4879,4882,4866,4868
825,4890,4889,4886,4891,4887,4884,4885,4888,4883
826,4895,4892,4893,4894
827,4906,4907,4908,4909,4903,4904,4905,4896,4899,4900
828,4910,4927,4928,4929,4930,4917,4920,4922,4924,4926,4918
829,4935,4936,4937,4939,4932,4933,4934,4931
830,4946,4945,4943,4947,4941,4944,4940,4942
831,4953,4951,4952,4949,4950,4948
832,4957,4954,4955,4956
833,4958
834,4962,4959,4960,4961
835,4973,4974,4975,4976,4970,4971,4972,4963,4966,4967
836,4981,4978,4979,4980,4977
837,4990,4997,4988,4991,4996,4986,4987,4989,4992,4994
838,5004,5009,5002,4999,5007,5001,5006,4998,5000,5003
839,5013
840,5022,5023,5024,5020,5021,5017,5018,5015,5014,5019
841,5025,5041,5042,5043,5044,5032,5033,5034,5035,5036,5037
842,5049,5050,5051,5046,5047,5048,5045
843,5059,5060,5057,5061,5055,5058,5054,5056
844,5071,5066,5069,5067,5070,5063,5065,5068,5073,5062
845,5080,5079,5077,5081,5078,5075,5076,5074
846,5084,5083,5082
847,5096,5093,5095,5091,5094,5092,5090,5085,5087,5088
848,5097,5113,5114,5115,5116,5104,5105,5107,5109,5111,5100
849,5121,5123,5120,5122,5118,5119,5117
850,5131,5132,5129,5133,5127,5130,5126,5128
851,5139,5137,5138,5135,5136,5134
852,5141,5140
853,5144,5143,5142
854,5148,5154,5146,5150,5155,5145,5147,5149,5153
855,5162,5170,5159,5157,5160,5166,5156,5158,5161
856,5175,5174,5173,5177,5172
857,5190,5191,5192,5193,5187,5188,5189,5180,5183,5184
858,5198,5195,5196,5197,5194
859,5208,5209,5206,5210,5204,5207,5203,5205
860,5215,5219,5212,5218,5224,5214,5216,5227,5220,5211
861,5235,5232,5231,5234,5236,5229,5230,5233,5228
862,5241,5243,5244,5240,5242,5239,5238,5237
863,5245,5260,5256,5257,5258,5259,5250,5251,5247,5252,5253
864,5263,5267,5262,5264,5261
865,5274,5272,5276,5270,5273,5269,5271
866,5282,5280,5281,5278,5279,5277
867,5284,5283
868,5290,5288,5289,5286,5285,5287
869,5291,5304,5302,5303,5305,5298,5299,5300,5294,5296,5292
870,5310,5309,5307,5308,5306
871,5319,5326,5317,5320,5325,5315,5316,5318,5321,5323
872,5330,5335,5338,5331,5328,5333,5327,5329,5332
873,5352,5353,5354,5355,5349,5350,5351,5342,5345,5346
874,5356,5373,5374,5375,5376,5363,5366,5368,5370,5372,5364
875,5381,5382,5383,5385,5378,5379,5380,5377
876,5387,5386
877,5389,5388
878,5391,5390,5393,5394,5396
879,5413,5403,5399,5412,5405,5398,5400,5402,5408,5406
880,5416,5415
881,5421,5430,5431,5418,5429,5423,5420,5432,5417,5419
882,5438,5436,5437,5434,5433,5435
883,5444,5442,5443,5440,5439,5441
884,5457,5458,5459,5460,5452,5453,5454,5455,5456,5445
885,5465,5462,5463,5464,5461
886,5474,5472,5473,5471,5470
887,5477,5478,5479,5476,5475
888,5483,5481,5484,5480,5482
889,5502,5492,5495,5494,5501,5489,5487,5490,5493,5488
890,5510,5508,5506,5505,5509,5512,5507,5511,5504
891,5514,5513
892,5523,5524,5525,5521,5522,5518,5519,5516,5515,5520
893,5526,5541,5537,5538,5539,5540,5531,5532,5528,5533,5534
894,5544,5548,5543,5545,5542
895,5555,5553,5557,5551,5554,5550,5552
896,5563,5561,5562,5559,5560,5558
897,5565,5564
898,5568,5567,5566
899,5574,5575,5572,5573,5570,5569,5571
900,5576,5592,5589,5590,5591,5583,5586,5588,5584,5585,5587
901,5597,5595,5594,5596,5593
902,5606,5613,5604,5607,5612,5602,5603,5605,5608,5610
903,5617,5622,5625,5618,5615,5620,5614,5616,5619
904,5632,5633,5634,5630,5631,5629
905,5635,5642,5644,5645,5647,5639,5643,5646,5648,5638,5641
906,5655,5652,5651,5650,5654,5649
907,5662,5660,5664,5658,5661,5657,5659
908,5669,5673,5670,5674,5666,5668,5672,5678,5681,5665
909,5689,5688,5685,5690,5686,5683,5684,5687,5682
910,5695,5693,5694,5692,5691
911,5696,5710,5703,5705,5706,5700,5704,5708,5711,5699,5702
912,5718,5715,5714,5713,5712
913,5725,5723,5727,5721,5724,5720,5722
914,5733,5731,5732,5729,5730,5728
915,5734
916,5740,5741,5742,5738,5739,5736,5735,5737
917,5746,5747,5744,5745,5743
918,5753,5760,5751,5754,5759,5749,5750,5752,5755,5757
919,5772,5765,5762,5767,5770,5764,5769,5761,5763,5766
920,5778,5777,5776
921,5784,5783,5782,5786,5781
922,5794,5792,5796,5790,5793,5789,5791
923,5811,5801,5805,5804,5809,5798,5800,5797,5799,5802
924,5820,5817,5816,5814,5821,5819,5815,5818,5813
925,5822,5837,5833,5834,5835,5836,5827,5828,5824,5829,5830
926,5840,5844,5839,5841,5838
927,5851,5849,5853,5847,5850,5846,5848
928,5859,5857,5858,5855,5856,5854
929,5865,5863,5864,5861,5860,5862
930,5867,5866
931,5873,5871,5872,5869,5868,5870
932,5886,5887,5888,5889,5881,5882,5883,5884,5885,5874
933,5894,5891,5892,5893,5890
934,5903,5910,5901,5904,5909,5899,5900,5902,5905,5907
935,5922,5914,5919,5915,5912,5917,5920,5911,5913,5916
936,5926,5939,5937,5938,5940,5933,5934,5935,5929,5931,5927
937,5945,5944,5942,5943,5941
938,5953,5951,5952,5950
939,5962,5960,5963,5964,5958,5961,5957,5959
940,5981,5973,5972,5979,5980,5967,5968,5965,5971,5966
941,5988,5986,5984,5983,5990,5987,5985,5989,5982
942,5991
943,5997,5995,5996,5993,5992,5994
944,6004,6005,6007,6002,6006,6001,6003,5999,5998,6000
945,6008,6022,6019,6021,6018,6020,6014,6013,6015,6016,6017
946,6025,6029,6024,6026,6023
947,6036,6034,6038,6032,6035,6031,6033
948,6044,6042,6043,6040,6041,6039
949,6050,6048,6049,6046,6045,6047
950,6053,6052,6051
951,6059,6060,6057,6058,6055,6054,6056
952,6061,6075,6073,6074,6076,6069,6071,6068,6064,6066,6062
953,6081,6080,6078,6079,6077
954,6090,6097,6088,6091,6096,6086,6087,6089,6092,6094
955,6101,6106,6109,6102,6099,6104,6107,6098,6100,6103
956,6118,6119,6120,6116,6117,6114,6113,6115
957,6121,6136,6134,6135,6137,6128,6130,6132,6129,6131,6133
958,6142,6141,6139,6140,6138
959,6152,6153,6150,6154,6148,6151,6147,6149
960,6160,6158,6159,6156,6157,6155
961,6161
962,6167,6168,6165,6166,6163,6162,6164
963,6169,6185,6182,6183,6184,6176,6179,6181,6177,6178,6180
964,6190,6188,6187,6189,6186
965,6196,6195
966,6205,6204,6201,6200,6198,6203,6208,6197,6199,6202
967,6209,6219,6220,6224,6214,6223,6225,6216,6210,6212,6218
968,6226,6234,6232,6238,6230,6233,6235,6237,6229,6231,6227
969,6239,6252,6245,6240,6250,6253,6242,6243,6246,6247,6248
970,6258,6257,6260,6255,6256,6254
971,6264,6263,6262
972,6268,6278,6266,6269,6271,6265,6267,6270
973,6284,6287,6294,6281,6283,6286,6288,6295,6292,6280
974,6299,6297,6298,6296
975,6305,6306,6307,6304
976,6315,6316,6314,6309,6312,6313,6310,6311
977,6317,6330,6331,6332,6333,6324,6325,6326,6328,6320,6322
978,6338,6337,6335,6336,6334
979,6348,6349,6346,6350,6344,6347,6343,6345
980,6355,6359,6356,6360,6352,6354,6358,6364,6367,6351
981,6375,6374,6371,6376,6372,6369,6370,6373,6368
982,6387,6388,6389,6390,6384,6385,6386,6377,6380,6381
983,6391,6408,6409,6410,6411,6398,6401,6403,6405,6407,6399
984,6416,6417,6418,6420,6413,6414,6415,6412
985,6427,6426,6424,6428,6422,6425,6421,6423
986,6434,6432,6433,6430,6431,6429
987,6437,6436,6435
988,6443,6444,6441,6442,6439,6438,6440
989,6448,6449,6446,6447,6445
990,6455,6462,6453,6456,6461,6451,6452,6454,6457,6459
991,6469,6474,6467,6464,6466,6471,6463,6465,6468
992,6478
993,6479,6480,6481,6482
994,6484,6486,6487,6483
995,6491,6489,6488
996,6495,6494
997,6498,6497,6496
998,6508,6509,6503,6500,6505,6507,6499,6501,6504
999,6514,6517,6512,6513,6516,6511
1000,6519
1001,6520
1002,6522,6521
1003,6528,6526,6527,6524,6523,6525
1004,6533,6539,6535,6530,6532,6534,6538,6529,6531
1005,6545,6543,6546,6544,6541,6542,6540
1006,6550,6549,6551,6548,6547
1007,6553,6552
1008,6557,6562,6555,6559,6564,6554,6556,6558
1009,6568,6569,6566,6567,6570,6565
1010,6575,6574,6576,6573,6572
1011,6582,6583,6580,6581,6578,6577,6579
1012,6589,6588,6587,6586,6585,6584
1013,6590,6606,6602,6604,6603,6605,6595,6596,6592,6597,6598
1014,6609,6613,6614,6608,6610,6607
1015,6620,6618,6622,6616,6619,6615,6617
1016,6628,6626,6627,6624,6623
1017,6629
1018,6630
1019,6634,6631,6632,6633
1020,6635
1021,6636
1022,6638,6637
1023,6640,6641,6644,6643,6639,6642
1024,6649,6648,6650,6646,6645
1025,6652
1026,6653
1027,6657,6654,6655,6656
1028,6659,6662,6666,6665,6658,6660
1029,6689,6690,6674,6669,6668,6672,6670,6688,6673,6679
1030,6695,6694,6692,6697,6698,6693,6696,6691
1031,6699
1032,6701,6700
1033,6705,6710,6703,6707,6704,6702,6711,6706
1034,6715,6716,6713,6714,6717,6712
1035,6722,6719,6720,6721
1036,6730,6727,6735,6724,6729,6736,6738,6723,6725,6726
1037,6745,6742,6743,6740,6741,6746,6739
1038,6748,6747
1039,6754,6752,6753,6750,6749,6751
1040,6755,6762,6759,6766,6770,6767,6756,6761,6769,6771,6757
1041,6775,6776,6773,6774,6772
1042,6783,6782,6784,6781,6780
1043,6785
1044,6786
1045,6788,6787
1046,6790,6791,6794,6793,6789,6792
1047,6799,6798,6800,6796,6795
1048,6803,6802
1049,6806,6805,6804
1050,6813,6819,6810,6808,6812,6809,6821,6807,6811
1051,6828,6825,6826,6823,6824,6827,6822
1052,6830,6829
1053,6837,6838,6836,6831,6834,6835,6832,6833
1054,6851,6844,6841,6845,6850,6853,6840,6839,6842,6847
1055,6860,6857,6859,6856,6858,6862,6861,6855
1056,6863
1057,6869,6867,6868,6865,6864,6866
1058,6874,6883,6871,6876,6884,6882,6872,6870,6875,6880
1059,6888,6889,6886,6887,6890,6885
1060,6896,6895,6897,6894,6893
1061,6901,6898,6899,6900
1062,6904,6903,6902
1063,6909,6910,6908,6907
1064,6919,6921,6920,6916,6922,6918,6914,6913,6917,6915
1065,6923,6928,6934,6932,6939,6924,6926,6930,6933,6937,6938
1066,6948,6945,6950,6946,6943,6944,6942
1067,6954,6953,6955,6952,6951
1068,6959,6958,6957,6956
1069,6963,6962,6961,6960
1070,6964,6965,6966,6967
1071,6970,6969,6968
1072,6976,6979,6974,6977,6973,6975
1073,6984,6988,6981,6994,6996,6983,6986,6980,6982,6987
1074,7004,7003,7006,7001,7002,7005,7000
1075,7016,7013,7015,7014,7011,7010,7012
1076,7021,7020,7019,7018,7017
1077,7034,7026,7024,7028,7035,7025,7023,7027
1078,7039,7040,7037,7038,7041,7036
1079,7043
1080,7045,7044
1081,7051,7049,7050,7047,7046,7048
1082,7056,7067,7053,7059,7066,7052,7054,7055,7058,7064
1083,7076,7072,7075,7073,7070,7071,7074,7077,7069
1084,7080,7079,7078
1085,7086,7087,7084,7085,7082,7081,7083
1086,7092,7103,7108,7104,7089,7093,7095,7090,7106,7088
1087,7116,7112,7113,7110,7111,7117,7114,7109
1088,7123,7124,7125,7121,7122,7119,7118,7120
1089,7139,7144,7140,7130,7143,7127,7131,7133,7142,7126
1090,7148,7149,7146,7147,7145
1091,7157,7156,7158,7155,7154
1092,7159
1093,7161,7160
1094,7163,7162
1095,7171,7165,7164,7167,7168,7170
1096,7172
1097,7174,7173
1098,7177,7176,7175
1099,7178
1100,7180,7179
1101,7181
1102,7183,7182
1103,7190,7191,7189,7184,7187,7188,7185,7186
1104,7196,7197,7198,7193,7194,7195,7192
1105,7199
1106,7201,7200
1107,7204,7203,7202
1108,7212,7211,7213,7208,7210,7206,7205,7209,7207
1109,7228,7229,7220,7225,7217,7227,7215,7214,7216,7218
1110,7234,7231,7233,7237,7232,7236,7230
1111,7242,7243,7244,7239,7240,7241,7238
1112,7246,7245
1113,7254,7253,7255,7250,7252,7248,7247,7251,7249
1114,7270,7271,7262,7267,7269,7257,7256,7258,7260,7265
1115,7276,7273,7275,7274,7278,7279,7272
1116,7284,7285,7286,7281,7282,7283,7280
1117,7288,7287
1118,7296,7295,7297,7292,7294,7290,7289,7293,7291
1119,7312,7313,7304,7309,7311,7299,7298,7300,7302,7307
1120,7318,7315,7317,7316,7320,7321,7314
1121,7326,7327,7328,7323,7324,7325,7322
1122,7330,7329
1123,7338,7337,7339,7334,7336,7332,7331,7335,7333
1124,7354,7355,7346,7351,7353,7341,7340,7342,7344,7349
1125,7360,7357,7359,7358,7362,7363,7356
1126,7364
1127,7370,7371,7368,7369,7366,7365,7367
1128,7377,7376,7375,7373,7374,7372
1129,7383,7382,7381,7380,7379,7378
1130,7397,7384,7387,7385,7390,7388
1131,7399,7400,7402,7405,7398
1132,7411,7410,7409,7407,7408,7406
1133,7417,7416,7415,7414,7413,7412
1134,7431,7418,7421,7419,7424,7422
1135,7433,7434,7436,7439,7432
1136,7444,7445,7446,7441,7442,7443,7440
1137,7448,7447
1138,7456,7455,7457,7452,7454,7450,7449,7453,7451
1139,7472,7473,7464,7469,7471,7459,7458,7460,7462,7467
1140,7478,7475,7477,7476,7480,7481,7474
1141,7486,7487,7488,7483,7484,7485,7482
1142,7490,7489
1143,7498,7497,7499,7494,7496,7492,7491,7495,7493
1144,7514,7515,7506,7511,7513,7501,7500,7502,7504,7509
1145,7520,7517,7519,7518,7522,7523,7516
1146,7528,7529,7530,7525,7526,7527,7524
1147,7532,7531
1148,7540,7539,7541,7536,7538,7534,7533,7537,7535
1149,7556,7557,7548,7553,7555,7543,7542,7544,7546,7551
1150,7562,7559,7561,7560,7564,7565,7558
1151,7570,7571,7572,7567,7568,7569,7566
1152,7574,7573
1153,7582,7581,7583,7578,7580,7576,7575,7579,7577
1154,7598,7599,7590,7595,7597,7585,7584,7586,7588,7593
1155,7604,7601,7603,7602,7606,7607,7600
1156,7613,7612,7611,7609,7610,7608
1157,7619,7618,7617,7616,7615,7614
1158,7633,7620,7623,7621,7626,7624
1159,7635,7636,7638,7641,7634
1160,7647,7646,7645,7643,7644,7642
1161,7653,7652,7651,7650,7649,7648
1162,7667,7654,7657,7655,7660,7658
1163,7669,7670,7672,7675,7668
1164,7681,7680,7679,7677,7678,7676
1165,7687,7686,7685,7684,7683,7682
1166,7701,7688,7691,7689,7694,7692
1167,7703,7704,7706,7709,7702
1168,7715,7714,7713,7711,7712,7710
1169,7721,7720,7719,7718,7717,7716
1170,7735,7722,7725,7723,7728,7726
1171,7737,7738,7740,7743,7736
1172,7749,7748,7747,7745,7746,7744
1173,7755,7754,7753,7752,7751,7750
1174,7769,7756,7759,7757,7762,7760
1175,7771,7772,7774,7777,7770
1176,7783,7782,7781,7779,7780,7778
1177,7789,7788,7787,7786,7785,7784
1178,7803,7790,7793,7791,7796,7794
1179,7805,7806,7808,7811,7804
1180,7812
1181,7818,7819,7816,7817,7814,7813,7815
1182,7825,7824,7823,7821,7822,7820
1183,7831,7830,7829,7828,7827,7826
1184,7845,7832,7835,7833,7838,7836
1185,7847,7848,7850,7853,7846
1186,7859,7858,7857,7855,7856,7854
1187,7865,7864,7863,7862,7861,7860
1188,7879,7866,7869,7867,7872,7870
1189,7881,7882,7884,7887,7880
1190,7893,7892,7891,7889,7890,7888
1191,7899,7898,7897,7896,7895,7894
1192,7913,7900,7903,7901,7906,7904
1193,7915,7916,7918,7921,7914
1194,7927,7926,7925,7923,7924,7922
1195,7933,7932,7931,7930,7929,7928
1196,7947,7934,7937,7935,7940,7938
1197,7949,7950,7952,7955,7948
1198,7961,7960,7959,7957,7958,7956
1199,7967,7966,7965,7964,7963,7962
1200,7981,7968,7971,7969,7974,7972
1201,7983,7984,7986,7989,7982
1202,7990
1203,7991
1204,7992,7993,7995
1205,7999,7997,7998,8000,7996
1206,8001
1207,8002
1208,8003,8004,8006
1209,8010,8008,8009,8011,8007
1210,8013,8012,8018,8015,8017,8020,8028,8019,8021,8029
1211,8034,8036,8037,8041,8040,8035,8033
1212,8042
1213,8043
1214,8044,8045,8047
1215,8051,8049,8050,8052,8048
1216,8053
1217,8055,8054
1218,8063,8059,8058,8057,8056,8060,8062,8061
1219,8072,8073,8074,8075,8071
1220,8083,8082,8095,8079,8080,8086,8096,8084
1221,8103,8102,8101,8099,8100,8098
1222,8109,8108,8107,8106,8105,8104
1223,8123,8110,8113,8111,8116,8114
1224,8125,8126,8128,8131,8124
1225,8134,8133,8132
1226,8138,8137,8136,8135
1227,8142,8141,8140,8139
1228,8146,8150,8144,8147,8143,8145
1229,8154,8155,8152,8151
1230,8160,8159,8161,8158,8157
1231,8168,8169,8165,8170,8167,8163,8162,8166,8164
1232,8177,8175,8174,8176,8173,8172,8171
1233,8183,8182,8181,8179,8180,8178
1234,8189,8188,8187,8186,8185,8184
1235,8203,8190,8193,8191,8196,8194
1236,8205,8206,8208,8211,8204
1237,8217,8216,8215,8213,8214,8212
1238,8223,8222,8221,8220,8219,8218
1239,8237,8224,8227,8225,8230,8228
1240,8239,8240,8242,8245,8238
1241,8246
1242,8252,8253,8250,8251,8248,8247,8249
1243,8259,8258,8257,8255,8256,8254
1244,8265,8264,8263,8262,8261,8260
1245,8279,8266,8269,8267,8272,8270
1246,8281,8282,8284,8287,8280
1247,8293,8292,8291,8289,8290,8288
1248,8299,8298,8297,8296,8295,8294
1249,8313,8300,8303,8301,8306,8304
1250,8315,8316,8318,8321,8314
1251,8327,8326,8325,8323,8324,8322
1252,8333,8332,8331,8330,8329,8328
1253,8347,8334,8337,8335,8340,8338
1254,8349,8350,8352,8355,8348
1255,8361,8360,8359,8357,8358,8356
1256,8367,8366,8365,8364,8363,8362
1257,8381,8368,8371,8369,8374,8372
1258,8383,8384,8386,8389,8382
1259,8395,8394,8393,8391,8392,8390
1260,8401,8400,8399,8398,8397,8396
1261,8415,8402,8405,8403,8408,8406
1262,8417,8418,8420,8423,8416
1263,8429,8428,8427,8425,8426,8424
1264,8435,8434,8433,8432,8431,8430
1265,8449,8436,8439,8437,8442,8440
1266,8451,8452,8454,8457,8450
1267,8458
1268,8460,8459
1269,8463,8462,8461
1270,8471,8470,8472,8467,8469,8465,8464,8468,8466
1271,8477,8479,8476,8474,8475,8473
1272,8484,8486,8483,8485,8482,8481,8480
1273,8500,8487,8490,8488,8493,8491
1274,8502,8503,8505,8508,8501
1275,8511,8510,8509
1276,8515,8514,8513,8512
1277,8518,8517,8516
1278,8526,8520,8522,8524,8527,8519,8523,8521
1279,8535,8533,8539,8542,8529,8531,8532,8537,8528,8530
1280,8548,8547,8552,8551,8545,8546,8544
1281,8557,8559,8556,8558,8555,8554,8553
1282,8570,8563,8561,8565,8571,8560,8562,8564
1283,8575,8576,8573,8574,8577,8572
1284,8583,8582,8587,8586,8580,8581,8579
1285,8592,8594,8591,8593,8590,8589,8588
1286,8605,8598,8596,8600,8606,8595,8597,8599
1287,8610,8611,8608,8609,8612,8607
1288,8618,8617,8622,8621,8615,8616,8614
1289,8627,8629,8626,8628,8625,8624,8623
1290,8640,8633,8631,8635,8641,8630,8632,8634
1291,8645,8646,8643,8644,8647,8642
1292,8654,8653,8652,8650,8651,8649
1293,8660,8659,8658,8657,8656,8655
1294,8674,8661,8664,8662,8667,8665
1295,8676,8677,8679,8682,8675
1296,8688,8687,8686,8684,8685,8683
1297,8694,8693,8692,8691,8690,8689
1298,8708,8695,8698,8696,8701,8699
1299,8710,8711,8713,8716,8709
1300,8721,8720,8725,8724,8718,8719,8717
1301,8730,8732,8729,8731,8728,8727,8726
1302,8743,8736,8734,8738,8744,8733,8735,8737
1303,8748,8749,8746,8747,8750,8745
1304,8752
1305,8753
1306,8754,8755,8757
1307,8761,8759,8760,8762,8758
1308,8763
1309,8764
1310,8765,8766,8768
1311,8772,8770,8771,8773,8769
1312,8775,8774,8780,8777,8779,8782,8790,8781,8783,8791
1313,8796,8798,8799,8803,8802,8797,8795
1314,8805,8804
1315,8806
1316,8807
1317,8808,8809,8811
1318,8815,8813,8814,8816,8812
1319,8830,8824,8820,8825,8829,8818,8817,8821,8819,8823
1320,8839,8833,8835,8836,8834,8832
1321,8844,8841,8843,8852,8840,8845,8856,8847,8853,8857
1322,8860,8859
1323,8862,8861
1324,8869,8870,8871,8863,8864,8865,8866,8868
1325,8876,8873,8874,8875,8877,8879,8872
1326,8880
1327,8881
1328,8882,8883,8885
1329,8889,8887,8886
1330,8891
1331,8892
1332,8893,8894,8896
1333,8900,8898,8897
1334,8903,8902,8908,8905,8907,8909,8910,8918,8911,8919
1335,8924,8926,8927,8930,8931,8925,8923
1336,8940,8937,8941,8933,8938,8932,8935,8939
1337,8952,8951
1338,8954,8953
1339,8961,8962,8963,8955,8956,8957,8958,8960
1340,8968,8965,8966,8967,8969,8971,8964
1341,8972
1342,8973
1343,8974,8975,8977
1344,8981,8979,8978
1345,8983
1346,8984
1347,8985,8986,8988
1348,8992,8990,8989
1349,8995,8994,9000,8997,8999,9001,9002,9010,9003,9011
1350,9016,9018,9019,9022,9023,9017,9015
1351,9032,9029,9033,9025,9030,9024,9027,9031
1352,9044,9043
1353,9046,9045
1354,9053,9054,9055,9047,9048,9049,9050,9052
1355,9060,9057,9058,9059,9061,9063,9056
1356,9064
1357,9065
1358,9066,9067,9069
1359,9073,9071,9070
1360,9075
1361,9076
1362,9077,9078,9080
1363,9084,9082,9081
1364,9087,9086,9092,9089,9091,9093,9094,9102,9095,9103
1365,9108,9110,9111,9114,9115,9109,9107
1366,9124,9121,9125,9117,9122,9116,9119,9123
1367,9135
1368,9136
1369,9137,9138,9140
1370,9144,9142,9143,9145,9141
1371,9146
1372,9147
1373,9148,9149,9151
1374,9155,9153,9154,9156,9152
1375,9158,9157,9163,9160,9162,9165,9173,9164,9166,9174
1376,9179,9181,9182,9186,9185,9180,9178
1377,9187
1378,9188
1379,9189,9190,9192
1380,9196,9194,9195,9197,9193
1381,9199,9198
1382,9213,9211,9203,9201,9200,9204,9202,9206,9205
1383,9216,9218,9219,9217,9215
1384,9227,9226,9223,9224,9239,9230,9228,9240
1385,9249,9245,9250,9247,9243,9242,9246,9244
1386,9257,9255,9254,9256,9253,9252,9251
1387,9261,9265,9259,9262,9258,9260
1388,9271,9269,9270,9267,9266
1389,9275,9274,9276,9273,9272
1390,9277
1391,9278
1392,9279,9280,9282
1393,9286,9284,9285,9287,9283
1394,9288
1395,9289
1396,9290,9291,9293
1397,9297,9295,9296,9298,9294
1398,9300,9299,9305,9302,9304,9307,9315,9306,9308,9316
1399,9321,9323,9324,9328,9327,9322,9320
1400,9330,9329
1401,9331
1402,9332
1403,9333,9334,9336
1404,9340,9338,9339,9341,9337
1405,9355,9353,9345,9350,9354,9343,9342,9346,9344,9348
1406,9364,9358,9360,9361,9359,9357
1407,9369,9366,9368,9377,9365,9370,9381,9372,9378,9382
1408,9384
1409,9385
1410,9386,9387,9389
1411,9393,9391,9392,9394,9390
1412,9395
1413,9396
1414,9397,9398,9400
1415,9404,9402,9403,9405,9401
1416,9407,9406,9412,9409,9411,9414,9422,9413,9415,9423
1417,9428,9430,9431,9435,9434,9429,9427
1418,9436
1419,9437
1420,9438,9439,9441
1421,9445,9443,9444,9446,9442
1422,9448,9447
1423,9462,9460,9452,9450,9449,9453,9451,9455,9454
1424,9465,9467,9468,9466,9464
1425,9476,9475,9472,9473,9488,9479,9477,9489
1426,9496,9492,9494,9495,9491,9493
1427,9505,9507,9501,9499,9504,9502,9498,9497,9500
1428,9515,9517,9512,9513,9514,9510,9509
1429,9521,9522,9520,9523,9519,9518
1430,9527,9526,9525,9524
1431,9529,9528
1432,9531,9532,9535,9534,9530,9533
1433,9540,9539,9542,9541,9537,9536
1434,9546,9547,9545,9548,9544,9543
1435,9552,9551,9550,9549
1436,9555,9554,9553
1437,9557
1438,9558
1439,9560,9559
1440,9566,9564,9565,9562,9561,9563
1441,9579,9573,9578,9576,9569,9572,9571,9567,9568,9570
1442,9587,9583,9591,9581,9584,9589,9592,9593,9586,9580
1443,9601,9600,9598,9597,9599,9596,9595,9594
1444,9602
1445,9608,9606,9607,9604,9603,9605
1446,9611,9610,9609
1447,9625,9619,9624,9622,9615,9618,9613,9614,9616,9617
1448,9633,9629,9637,9627,9630,9639,9632,9638,9626,9631
1449,9647,9644,9643,9646,9645,9642,9641,9640
1450,9648
1451,9649
1452,9651,9650
1453,9656,9653,9657,9652,9655
1454,9662,9663,9659,9658
1455,9668,9667,9670,9666,9665
1456,9671
1457,9677,9675,9676,9673,9672,9674
1458,9680,9679,9678
1459,9694,9688,9693,9691,9684,9687,9682,9683,9685,9686
1460,9702,9698,9706,9696,9699,9708,9701,9707,9695,9700
1461,9716,9713,9712,9715,9714,9711,9710,9709
1462,9717
1463,9718
1464,9722,9719,9720,9721
1465,9724,9725,9726,9723
1466,9730,9731,9732,9729,9728
1467,9736,9735,9734,9733
1468,9737
1469,9738
1470,9739
1471,9745,9743,9744,9741,9740,9742
1472,9751,9756,9755,9747,9752,9750,9746,9748
1473,9762,9760,9761,9758,9757
1474,9766,9765
1475,9767
1476,9769,9768
1477,9772,9771,9770
1478,9776,9775,9774,9773
1479,9777
1480,9779,9778
1481,9780
1482,9781
1483,9782
1484,9783
1485,9785,9784
1486,9788,9787,9786
1487,9789
1488,9791,9790
