60,1
61,2
62,3,4,5,6
63,8,7
64,10,9
65,17,11,14,12,15,16,18
66,21,20,19
67,24,23,22
68,32,25,28,26,29,31,33
69,40,39,38
70,44,43,42
71,53,46,50,47,49,54,52
72,63,62,61,60
73,66,65,64
74,75,68,71,74,69,72,76
75,85,84,83,82
76,89,88,87,86
77,97,90,93,91,94,96,98
78,107,106,105,104
79,111,110,109,108
80,114,113,112
81,123,116,119,122,117,120,124
82,133,132,131,130
83,137,136,135,134
84,145,138,141,139,142,144,146
85,155,154,153,152
86,158,157,156
87,167,160,163,166,161,164,168
88,177,176,175,174
89,180,179,178
90,189,182,185,188,183,186,190
91,199,198,197,196
92,202,201,200
93,211,204,207,210,205,208,212
94,220,219,218
95,225,224,223,222
96,228,227,226
97,237,230,233,236,231,234,238
98,247,246,245,244
99,251,250,249,248
100,259,252,256,253,255,260,258
101,269,268,267,266
102,272,271,270
103,281,274,277,280,275,278,282
104,291,290,289,288
105,295,294,293,292
106,303,296,299,297,300,302,304
107,313,312,311,310
108,317,316,315,314
109,320,319,318
110,329,322,325,328,323,326,330
111,338,337,336
112,343,342,341,340
113,347,346,345,344
114,355,348,349,352,351,356,354
115,365,364,363,362
116,369,368,367,366
117,377,370,373,371,374,376,378
118,387,386,385,384
119,390,389,388
120,399,392,395,398,393,396,400
121,408,407,406
122,412,411,410
123,417,416,415,414
124,425,418,422,426,419,421,424
125,441,439,435,438,433,436,440,432
126,446,470,471,450,452,465,467,442,443,453
127,473,491,507,508,496,494,492,510,479,481,485
128,548,538,543,526,542,554,537,559,536,517
129,563,587,583,599,565,574,573,571,575,576,581
130,606,630,614,619,624,623,634,638,644,641,608
131,648,673,667,683,688,657,662,684,666,678,668
132,693,718,714,724,702,722,730,713,735,712,704
133,739,764,761,757,748,768,759,781,758,741,743
134,785,809,793,798,803,812,802,824,821,787,796
135,828,853,847,863,868,837,842,864,846,858,848
136,873,898,894,904,882,902,910,893,915,892,884
137,919,944,938,941,955,960,928,933,948,937,939
138,965,990,986,996,974,994,1002,985,1007,984,976
139,1011,1035,1031,1019,1024,1029,1038,1028,1050,1047,1013
140,1054,1079,1073,1089,1094,1063,1068,1090,1072,1084,1074
141,1099,1124,1120,1130,1108,1128,1136,1119,1141,1118,1110
142,1145,1170,1167,1163,1154,1174,1165,1187,1164,1147,1149
143,1191,1216,1210,1226,1231,1200,1205,1219,1209,1211,1232
144,1236,1259,1255,1263,1244,1262,1267,1254,1271,1253,1246
145,1284,1282,1278,1280,1286,1287,1277,1276,1279,1275
146,1293,1291,1294,1290,1289
147,1298,1297,1296,1295
148,1302,1301,1300,1299
149,1306,1305,1304,1303
150,1310,1309,1308,1307
151,1314,1313,1312,1311
152,1318,1317,1316,1315
153,1322,1321,1320,1319
154,1325,1324,1323
155,1331,1336,1329,1332,1335,1327,1328,1330
156,1337
157,1339,1338
158,1342,1341,1340
159,1346,1345,1344,1343
160,1350,1349,1348,1347
161,1354,1353,1352,1351
162,1358,1357,1356,1355
163,1369,1372,1365,1371,1366,1367,1361,1359,1360,1363
164,1373,1393,1389,1390,1381,1387,1388,1407,1383,1384,1375
165,1410,1433,1428,1429,1430,1452,1418,1453,1425,1438,1441
166,1456,1479,1472,1473,1498,1496,1501,1464,1470,1499,1471
167,1502,1525,1518,1519,1520,1521,1522,1510,1516,1533,1545
168,1548,1571,1566,1567,1568,1590,1556,1579,1591,1580,1563
169,1594,1615,1609,1633,1625,1637,1602,1634,1608,1621,1612
170,1638,1659,1654,1655,1656,1646,1653,1679,1652,1664,1648
171,1682,1701,1724,1700,1702,1705,1725,1714,1690,1713,1697
172,1728,1744,1745,1751,1736,1742,1771,1743,1756,1748,1738
173,1774,1793,1816,1817,1792,1794,1797,1806,1782,1805,1786
174,1820,1859,1851,1860,1835,1841,1863,1828,1830,1831,1857
175,1864,1880,1904,1881,1882,1885,1902,1907,1905,1878,1872
176,1908,1924,1927,1922,1951,1940,1925,1926,1928,1931,1916
177,1954,1973,1996,1997,1986,1972,1974,1977,1966,1993,1962
178,2000,2039,2031,2040,2043,2015,2021,2011,2037,2005,2042
179,2044,2081,2073,2082,2085,2059,2060,2063,2055,2079,2049
180,2086,2102,2100,2127,2103,2104,2107,2096,2123,2094,2097
181,2130,2149,2172,2162,2173,2148,2150,2153,2142,2169,2135
182,2182,2186,2181,2184,2179,2188,2180,2178,2177,2176
183,2198,2194,2197,2202,2192,2196,2201,2191,2195,2193
184,2226,2210,2211,2212,2207,2215,2214,2223,2205,2204
185,2228
186,2230,2229
187,2233,2232,2231
188,2236,2235,2234
189,2241,2240,2239,2238
190,2245,2244,2243,2242
191,2249,2248,2247,2246
192,2253,2252,2251,2250
193,2257,2256,2255,2254
194,2261,2260,2259,2258
195,2264,2263,2262
196,2269,2268,2267,2266
197,2273,2272,2271,2270
198,2277,2276,2275,2274
199,2281,2280,2279,2278
200,2284,2283,2282
201,2289,2288,2287,2286
202,2293,2292,2291,2290
203,2296,2295,2294
204,2300,2299,2298
205,2305,2304,2303,2302
206,2306
207,2312,2310,2308,2311,2307,2309
208,2314
209,2315,2316,2317,2318
210,2320,2319
211,2327,2321,2324,2322,2325,2326,2328
212,2331,2330,2329
213,2339,2332,2335,2333,2336,2338,2340
214,2347,2346,2345
215,2356,2349,2353,2350,2352,2357,2355
216,2365,2364,2363
217,2374,2367,2370,2373,2368,2371,2375
218,2384,2383,2382,2381
219,2388,2387,2386,2385
220,2396,2389,2392,2390,2393,2395,2397
221,2405,2404,2403
222,2414,2407,2410,2413,2408,2411,2415
223,2424,2423,2422,2421
224,2432,2425,2428,2426,2429,2431,2433
225,2441,2440,2439
226,2450,2443,2446,2449,2444,2447,2451
227,2459,2458,2457
228,2468,2461,2464,2467,2462,2465,2469
229,2478,2477,2476,2475
230,2481,2480,2479
231,2490,2483,2486,2489,2484,2487,2491
232,2499,2498,2497
233,2508,2501,2504,2507,2502,2505,2509
234,2518,2517,2516,2515
235,2526,2519,2523,2520,2522,2527,2525
236,2535,2534,2533
237,2544,2537,2540,2543,2538,2541,2545
238,2554,2553,2552,2551
239,2558,2557,2556,2555
240,2566,2559,2562,2560,2563,2565,2567
241,2576,2575,2574,2573
242,2579,2578,2577
243,2588,2581,2584,2587,2582,2585,2589
244,2598,2597,2596,2595
245,2606,2599,2600,2603,2602,2607,2605
246,2616,2615,2614,2613
247,2624,2617,2620,2618,2621,2623,2625
248,2634,2633,2632,2631
249,2637,2636,2635
250,2646,2639,2642,2645,2640,2643,2647
251,2653
252,2655,2654
253,2674,2658,2661,2657,2663,2660,2673,2656,2664,2659
254,2675,2689,2693,2711,2683,2686,2694,2684,2695,2708,2681
255,2741,2752,2740,2736,2746,2724,2735,2757,2734,2715
256,2761,2785,2781,2797,2763,2772,2771,2769,2767,2773,2774
257,2804,2828,2812,2817,2836,2821,2822,2832,2842,2839,2806
258,2846,2871,2865,2881,2886,2855,2860,2882,2864,2866,2876
259,2891,2916,2912,2922,2900,2928,2911,2920,2933,2902,2910
260,2937,2962,2959,2955,2946,2957,2966,2979,2956,2968,2939
261,2983,3007,2991,2996,3000,3001,3010,3022,3012,3019,2985
262,3026,3051,3045,3061,3066,3035,3040,3062,3044,3046,3056
263,3071,3096,3092,3102,3080,3108,3091,3100,3113,3090,3082
264,3117,3142,3136,3139,3153,3158,3126,3131,3135,3137,3146
265,3163,3188,3184,3194,3172,3200,3183,3192,3205,3182,3174
266,3209,3233,3229,3217,3222,3226,3227,3236,3248,3238,3245
267,3252,3277,3271,3287,3292,3261,3266,3288,3270,3272,3282
268,3297,3322,3318,3328,3306,3334,3317,3326,3339,3316,3308
269,3343,3368,3365,3361,3352,3363,3372,3385,3362,3374,3345
270,3389,3414,3408,3424,3429,3398,3403,3407,3409,3417,3430
271,3434,3457,3453,3461,3442,3465,3452,3460,3469,3451,3444
272,3482,3480,3476,3478,3484,3485,3475,3474,3477,3473
273,3491,3489,3492,3488,3487
274,3496,3495,3494,3493
275,3500,3499,3498,3497
276,3504,3503,3502,3501
277,3508,3507,3506,3505
278,3512,3511,3510,3509
279,3516,3515,3514,3513
280,3517
281,3519,3518
282,3522,3521,3520
283,3526,3525,3524,3523
284,3530,3529,3528,3527
285,3534,3533,3532,3531
286,3538,3537,3536,3535
287,3549,3552,3545,3551,3546,3547,3541,3539,3540,3543
288,3553,3573,3569,3570,3561,3567,3568,3587,3563,3564,3555
289,3590,3613,3608,3609,3610,3632,3598,3605,3618,3621,3622
290,3636,3659,3652,3653,3678,3676,3681,3644,3650,3651,3664
291,3682,3705,3698,3699,3700,3701,3702,3690,3696,3713,3714
292,3728,3751,3746,3747,3748,3770,3736,3759,3760,3743,3756
293,3774,3795,3789,3813,3805,3817,3782,3788,3801,3814,3792
294,3818,3839,3834,3835,3836,3826,3832,3833,3844,3859,3828
295,3862,3881,3904,3880,3882,3885,3894,3905,3878,3870,3893
296,3908,3924,3925,3931,3916,3922,3951,3923,3936,3928,3918
297,3954,3973,3996,3972,3974,3977,3986,3997,3970,3962,3985
298,4000,4039,4031,4040,4015,4021,4043,4008,4010,4011,4037
299,4044,4060,4084,4061,4062,4065,4082,4087,4058,4085,4052
300,4088,4104,4107,4102,4120,4131,4105,4106,4108,4111,4096
301,4134,4153,4176,4166,4152,4154,4157,4177,4150,4146,4142
302,4180,4219,4211,4220,4223,4195,4201,4191,4217,4185,4188
303,4224,4261,4253,4262,4265,4239,4240,4243,4235,4259,4229
304,4266,4282,4280,4307,4283,4284,4287,4276,4303,4274,4277
305,4310,4329,4352,4342,4326,4353,4328,4330,4333,4322,4349
306,4362,4366,4361,4364,4359,4368,4360,4358,4357,4356
307,4374,4382,4372,4376,4381,4371,4375,4373
308,4389,4397,4386,4390,4394,4396,4385,4384,4387,4388
309,4398,4409,4401,4408,4416,4403,4399,4406,4404,4417,4414
310,4424,4422,4427,4439,4426,4420,4421,4425,4430,4428
311,4441,4444,4449,4456,4442,4445,4447,4451,4455,4454,4458
312,4473,4465,4471,4478,4461,4467,4463,4477,4460,4462
313,4483,4482,4481,4480
314,4487,4486,4485,4484
315,4492,4502,4489,4495,4491,4499,4490,4488,4494
316,4504,4507,4515,4524,4505,4512,4510,4527,4529,4528,4520
