11,1
12,2
13,4,5,6
14,8
15,12
16,13,14
17,21,22,23
18,33,34,35,36,37,38,39,40,41,42,43
19,44,45,46,47,48,49
20,50
21,51
22,58,59,60,61,62,63
23,64
24,65
25,66
26,67
27,71,72,78
28,82
29,89
30,90,91
31,98
32,114
33,118
34,120
35,125
36,133,134,135,136,137,138,139,140,141,142,143,144,145,146,147,148,149,150,151,152
37,153,154,155,156,157,158,159,160
38,161
39,163
40,164
41,165
42,171,172,173,174,175,176,177
43,178,179,180,181,182
44,183
45,184
46,186,187,188
47,193
48,194,195,196,197,198,199,200,201,202,203,204,205,206
49,207,208,209,210,211,212,213
50,214,215,216,217,218
51,219
52,221
53,222,223,224,225,226,227,228,229,230,231,232,233,234
54,235,236,237,238,239,240,241,242,243,244,245,246,247,248,249,250,251,252,253,254,255,256
55,257,258,259,260,261,262,263,264,265
56,266
57,267
58,268,269
59,274
60,279
61,287
62,291
63,292
64,294
65,301,307
66,308,309,310,311,312,313,314
67,315
68,317
69,318,319,320,321,322,323,324,325,326,327,328,329,330,331
70,332,333,334,335,336,337,338,339,340,341,342,343,344,345,346,347,348,349
71,350
72,351
73,352
74,356,357,358,359,360
75,361
76,362,363
77,364
78,365,367
79,376
80,378,379,380,381,382,383,384
81,385
82,386,387,388,389,390,391,392
83,393,406
84,407,408,409,410,411,412,413,414
85,415
86,417
87,420
88,424
89,425
90,426,427,428,429,430,431,432,433,434
91,435,436,437,438,439,440,441,442,443,444,445,446,447,448,449,450
92,451,452,453,454,455,456,457,458
93,459
94,461
95,462
96,464
97,465,466,467,468,469,470,471,472,473
98,474,475,476,477,478,479,480,481,482
99,483,484,485,486,487,488
100,489
101,493
102,494,495,496,497,498,499,500,501,502,503,504,505
103,506,507,508,509,510,511,512,513
104,515
105,516
106,517,520
107,529
108,530,531,532,533,534,535,536,537,538,539,540,541
109,542,543,544,545,546,547,548
110,550
111,554
112,563
113,564,565,566,567,568,569,570,571,572,573,574,575,576
114,577,578,579,580,581,582,583,584,585,586,587,588,589,590,591,592,593,594
115,595,596,597,598,599,600,601,602,603
116,604
117,606
118,607
119,609
120,617
121,619,620,621,622,623,624,625
122,626,627
123,635
124,637,638,639,640,641,642,643
125,644
126,646
127,647,648,649,650,651,652
128,654
129,659,660,661,662,663,664,665,666,667,668,669,670,671
130,672,673,674,675,676,677,678,679,680,681,682,683,684,685,686
131,687,688,689,690,691,692,693,694
132,695,696,697,698,699,700,701,702
133,707
134,709
135,711
136,712,713,714,715,716,717
137,718,719,720,721,722,723,724,725,726,727,728,729,730,731,732,733
138,738
139,751
140,752
141,753
142,757
143,759
144,761
145,778
146,784
147,785
148,787
149,788,789,790
150,791,792,793,794,795,796,797,798
151,800
152,812
153,818,819,820,821,822,823,824
154,825
155,826,827
156,828
157,829,830,832
158,841
159,842,843,844,845,846,847,848,849,850,851,852,853,854
160,855,856,857,858,859,860,861
161,862
162,864
163,867,869
164,874,875,876,877,878,879,880,881
165,882,883,884,885,886
166,888
167,891
168,892,893,894,895,896,897,898,899,900,901,902,903
169,904,905,906,907,908,909,910,911,912,913,914,915,916,917,918
170,919,920,921,922,923,924,925,926
171,927
172,929
173,930
174,931,932
175,935,937
176,948
177,950,951,952,953,954
178,955
179,957
180,960
181,961,962,963,964,965,966,967,968,969,970,971,972
182,973,974,975,976,977,978,979,980,981,982,983,984,985,986,987
183,988,989,990,991,992,993,994,995
184,996
185,998,999,1000
186,1001,1002,1004
187,1020
188,1024,1027
189,1034,1035,1036,1037,1038,1039,1040
190,1041
191,1042
192,1044
193,1048
194,1051,1052,1053,1054,1055,1056,1057
195,1058,1059,1060,1061,1062
196,1063
197,1065
198,1068
199,1069,1070,1071,1072
200,1073,1074,1075,1076,1077,1078,1079,1080,1081,1082
201,1083
202,1099
203,1100,1101
204,1103
205,1106
206,1113
207,1114,1115,1116,1117,1118,1119
208,1122,1123,1135
209,1142,1144
210,1149,1150,1151,1152,1153
211,1154,1155,1156,1157
212,1158
213,1159
214,1160,1163
215,1164
216,1165
217,1169,1170,1171,1177
218,1186,1187,1188,1189,1190,1191,1192,1193,1194,1195
219,1196,1197,1198,1199,1200
220,1202
221,1204
222,1207
223,1209
224,1211
225,1212,1213,1214
226,1218
227,1219,1220,1221,1222,1223,1224,1225,1226,1227,1228,1229
228,1230,1231,1232,1233,1234,1235,1236,1237,1238,1239,1240,1241,1242,1243,1244,1245
229,1246,1247,1248,1249,1250,1251,1252,1253,1254,1255,1256,1257,1258,1259
230,1260,1261,1262,1263,1264,1265,1266,1267,1268,1269,1270,1271,1272,1273,1274
231,1275,1276,1277,1278,1279,1280,1281,1282
232,1283
233,1284,1286
234,1291
235,1297
236,1299,1300,1301,1302
237,1306
238,1307,1308,1309,1310
239,1312
240,1315
241,1316,1317,1318,1319,1320,1321,1322,1323,1324,1325,1326,1327,1328
242,1329,1330,1331,1332,1333,1334,1335,1336,1337,1338,1339,1340,1341,1342,1343,1344
243,1345,1346,1347,1348,1349,1350,1351,1352
244,1353
245,1355,1356,1357
246,1358
247,1359,1360
248,1361
249,1362,1363
250,1366
251,1372,1379,1388
252,1393,1395
253,1401
254,1402
255,1403
256,1419
257,1423,1424,1425,1426,1427,1428,1429,1430
258,1432,1433,1434
259,1439
260,1440,1441,1442,1443,1444,1445,1446,1447,1448,1449,1450
261,1451,1452,1453,1454,1455,1456,1457,1458
262,1459,1460,1461,1462,1463,1464
263,1465
264,1472
265,1473,1474,1475,1476,1477,1478,1479,1480,1481,1482,1483,1484,1485,1486
266,1488
267,1489,1490,1491,1492,1493,1494
268,1495,1496,1497,1498,1499,1500
269,1501,1502,1503,1504,1505
270,1512,1512
