128,1
129,2
130,3,4
131,7,6,5
132,9,15,13,10,8,12
133,21,24,23,22,20,19,17,18,16
134,27,26,25
135,33,36,35,34,32,31,29,30,28
136,41,42,47,38,44,48,37,40,45,49
137,62,75,73,74,69,70,65,66,63,64,67
138,83,76,79,77,84,85
139,115,116,113,114,107,108,111,110,109,106
140,117,130,128,129,124,125,120,121,118,119,122
141,140,141,138,139,132,133,136,135,134,131
142,151,146,142,143,145,148,149
143,173,177,174,178,169,171,172,175,170,168
144,186,180,179,182,187,188
145,212,213,215,214,206,209,208,207,210,205
146,221,225,222,226,217,219,220,223,218,216
147,234,235,237,236,228,231,230,229,232,227
148,242,245,238,241,239,246,247
149,273,271,272,274,265,267,266,269,268,264
150,282,276,275,278,283,284
151,308,309,310,311,302,305,304,303,306,301
152,321,319,320,322,313,315,314,317,316,312
153,330,331,332,333,324,327,326,325,328,323
154,338,341,334,337,335,342,343
155,369,367,368,370,361,363,362,365,364,360
156,378,372,371,374,379,380
157,404,405,406,407,398,401,400,399,402,397
158,417,415,416,418,409,411,410,413,412,408
159,426,427,428,429,420,423,422,421,424,419
160,434,437,430,433,431,438,439
161,465,463,464,466,457,459,458,461,460,456
162,474,468,467,470,475,476
163,500,501,502,503,494,497,496,495,498,493
164,513,511,512,514,505,507,506,509,508,504
165,522,523,524,525,516,519,518,517,520,515
166,530,533,526,529,527,534,535
167,561,559,560,562,553,555,554,557,556,552
168,570,564,563,566,571,572
169,596,597,598,599,590,593,592,591,594,589
170,609,607,608,610,601,603,602,605,604,600
171,618,619,620,621,612,615,614,613,616,611
172,626,629,622,625,623,630,631
173,657,655,656,658,649,651,650,653,652,648
174,666,660,659,662,667,668
175,692,693,694,695,686,689,688,687,690,685
176,705,703,704,706,697,699,698,701,700,696
177,714,715,716,717,708,711,710,709,712,707
178,722,725,718,721,719,726,727
179,753,751,752,754,745,747,746,749,748,744
180,762,756,755,758,763,764
181,788,789,790,791,782,785,784,783,786,781
182,801,799,800,802,793,795,794,797,796,792
183,810,811,812,813,804,807,806,805,808,803
184,818,821,814,817,815,822,823
185,849,847,848,850,841,843,842,845,844,840
186,858,852,851,854,859,860
187,884,885,886,887,878,881,880,879,882,877
188,897,895,896,898,889,891,890,893,892,888
189,906,907,908,909,900,903,902,901,904,899
190,914,917,910,913,911,918,919
191,945,943,944,946,937,939,938,941,940,936
192,954,948,947,950,955,956
193,980,981,982,983,974,977,976,975,978,973
194,993,991,992,994,985,987,986,989,988,984
195,1002,1003,1004,1005,996,999,998,997,1000,995
196,1010,1013,1006,1009,1007,1014,1015
197,1041,1039,1040,1042,1033,1035,1034,1037,1036,1032
198,1050,1044,1043,1046,1051,1052
199,1076,1077,1078,1079,1070,1073,1072,1071,1074,1069
200,1089,1087,1088,1090,1081,1083,1082,1085,1084,1080
201,1098,1099,1100,1101,1092,1095,1094,1093,1096,1091
202,1106,1109,1102,1105,1103,1110,1111
203,1137,1135,1136,1138,1129,1131,1130,1133,1132,1128
204,1146,1140,1139,1142,1147,1148
205,1172,1173,1174,1175,1166,1169,1168,1167,1170,1165
206,1185,1183,1184,1186,1177,1179,1178,1181,1180,1176
207,1194,1195,1196,1197,1188,1191,1190,1189,1192,1187
208,1202,1205,1198,1201,1199,1206,1207
209,1233,1231,1232,1234,1225,1227,1226,1229,1228,1224
210,1242,1236,1235,1238,1243,1244
211,1268,1269,1270,1271,1262,1265,1264,1263,1266,1261
212,1281,1279,1280,1282,1273,1275,1274,1277,1276,1272
213,1290,1291,1292,1293,1284,1287,1286,1285,1288,1283
214,1298,1301,1294,1297,1295,1302,1303
215,1329,1327,1328,1330,1321,1323,1322,1325,1324,1320
216,1338,1332,1331,1334,1339,1340
217,1364,1365,1366,1367,1358,1361,1360,1359,1362,1357
218,1377,1375,1376,1378,1369,1371,1370,1373,1372,1368
219,1386,1387,1388,1389,1380,1383,1382,1381,1384,1379
220,1394,1397,1390,1393,1391,1398,1399
221,1425,1423,1424,1426,1417,1419,1418,1421,1420,1416
222,1434,1428,1427,1430,1435,1436
223,1460,1461,1462,1463,1454,1457,1456,1455,1458,1453
224,1473,1471,1472,1474,1465,1467,1466,1469,1468,1464
225,1482,1483,1484,1485,1476,1479,1478,1477,1480,1475
226,1490,1493,1486,1489,1487,1494,1495
227,1521,1519,1520,1522,1513,1515,1514,1517,1516,1512
228,1530,1524,1523,1526,1531,1532
229,1556,1557,1558,1559,1550,1553,1552,1551,1554,1549
230,1569,1567,1568,1570,1561,1563,1562,1565,1564,1560
231,1578,1579,1580,1581,1572,1575,1574,1573,1576,1571
232,1586,1589,1582,1585,1583,1590,1591
233,1617,1615,1616,1618,1609,1611,1610,1613,1612,1608
234,1626,1620,1619,1622,1627,1628
235,1652,1653,1654,1655,1646,1649,1648,1647,1650,1645
236,1665,1663,1664,1666,1657,1659,1658,1661,1660,1656
237,1674,1675,1676,1677,1668,1671,1670,1669,1672,1667
238,1682,1685,1678,1681,1679,1686,1687
239,1713,1711,1712,1714,1705,1707,1706,1709,1708,1704
240,1722,1716,1715,1718,1723,1724
241,1748,1749,1750,1751,1742,1745,1744,1743,1746,1741
242,1761,1759,1760,1762,1753,1755,1754,1757,1756,1752
243,1770,1771,1772,1773,1764,1767,1766,1765,1768,1763
244,1778,1781,1774,1777,1775,1782,1783
245,1809,1807,1808,1810,1801,1803,1802,1805,1804,1800
246,1818,1812,1811,1814,1819,1820
247,1844,1845,1846,1847,1838,1841,1840,1839,1842,1837
248,1857,1855,1856,1858,1849,1851,1850,1853,1852,1848
249,1866,1867,1868,1869,1860,1863,1862,1861,1864,1859
250,1874,1877,1870,1873,1871,1878,1879
251,1905,1903,1904,1906,1897,1899,1898,1901,1900,1896
252,1914,1908,1907,1910,1915,1916
253,1940,1941,1942,1943,1934,1937,1936,1935,1938,1933
254,1953,1951,1952,1954,1945,1947,1946,1949,1948,1944
255,1962,1963,1964,1965,1956,1959,1958,1957,1960,1955
256,1970,1973,1966,1969,1967,1974,1975
257,2001,1999,2000,2002,1993,1995,1994,1997,1996,1992
258,2010,2004,2003,2006,2011,2012
259,2036,2037,2038,2039,2030,2033,2032,2031,2034,2029
260,2049,2047,2048,2050,2041,2043,2042,2045,2044,2040
261,2058,2059,2060,2061,2052,2055,2054,2053,2056,2051
262,2066,2069,2062,2065,2063,2070,2071
263,2097,2095,2096,2098,2089,2091,2090,2093,2092,2088
264,2106,2100,2099,2102,2107,2108
265,2132,2133,2134,2135,2126,2129,2128,2127,2130,2125
266,2145,2143,2144,2146,2137,2139,2138,2141,2140,2136
267,2154,2155,2156,2157,2148,2151,2150,2149,2152,2147
268,2162,2165,2158,2161,2159,2166,2167
269,2193,2191,2192,2194,2185,2187,2186,2189,2188,2184
270,2202,2196,2195,2198,2203,2204
271,2228,2229,2230,2231,2222,2225,2224,2223,2226,2221
272,2241,2239,2240,2242,2233,2235,2234,2237,2236,2232
273,2250,2251,2252,2253,2244,2247,2246,2245,2248,2243
274,2258,2261,2254,2257,2255,2262,2263
275,2289,2287,2288,2290,2281,2283,2282,2285,2284,2280
276,2298,2292,2291,2294,2299,2300
277,2324,2325,2326,2327,2318,2321,2320,2319,2322,2317
278,2337,2335,2336,2338,2329,2331,2330,2333,2332,2328
279,2346,2347,2348,2349,2340,2343,2342,2341,2344,2339
280,2354,2357,2350,2353,2351,2358,2359
281,2385,2383,2384,2386,2377,2379,2378,2381,2380,2376
282,2394,2388,2387,2390,2395,2396
283,2420,2421,2422,2423,2414,2417,2416,2415,2418,2413
284,2433,2431,2432,2434,2425,2427,2426,2429,2428,2424
285,2442,2443,2444,2445,2436,2439,2438,2437,2440,2435
286,2450,2453,2446,2449,2447,2454,2455
287,2481,2479,2480,2482,2473,2475,2474,2477,2476,2472
288,2490,2484,2483,2486,2491,2492
289,2516,2517,2518,2519,2510,2513,2512,2511,2514,2509
290,2529,2527,2528,2530,2521,2523,2522,2525,2524,2520
291,2538,2539,2540,2541,2532,2535,2534,2533,2536,2531
292,2546,2549,2542,2545,2543,2550,2551
293,2577,2575,2576,2578,2569,2571,2570,2573,2572,2568
294,2586,2580,2579,2582,2587,2588
295,2612,2613,2614,2615,2606,2609,2608,2607,2610,2605
296,2625,2623,2624,2626,2617,2619,2618,2621,2620,2616
297,2634,2635,2636,2637,2628,2631,2630,2629,2632,2627
298,2642,2645,2638,2641,2639,2646,2647
299,2673,2671,2672,2674,2665,2667,2666,2669,2668,2664
300,2682,2676,2675,2678,2683,2684
301,2708,2709,2710,2711,2702,2705,2704,2703,2706,2701
302,2721,2719,2720,2722,2713,2715,2714,2717,2716,2712
303,2730,2731,2732,2733,2724,2727,2726,2725,2728,2723
304,2738,2741,2734,2737,2735,2742,2743
305,2769,2767,2768,2770,2761,2763,2762,2765,2764,2760
306,2778,2772,2771,2774,2779,2780
307,2804,2805,2806,2807,2798,2801,2800,2799,2802,2797
308,2817,2815,2816,2818,2809,2811,2810,2813,2812,2808
309,2826,2827,2828,2829,2820,2823,2822,2821,2824,2819
310,2834,2837,2830,2833,2831,2838,2839
311,2865,2863,2864,2866,2857,2859,2858,2861,2860,2856
312,2874,2868,2867,2870,2875,2876
313,2900,2901,2902,2903,2894,2897,2896,2895,2898,2893
314,2913,2911,2912,2914,2905,2907,2906,2909,2908,2904
315,2922,2923,2924,2925,2916,2919,2918,2917,2920,2915
316,2930,2933,2926,2929,2927,2934,2935
317,2961,2959,2960,2962,2953,2955,2954,2957,2956,2952
318,2970,2964,2963,2966,2971,2972
319,2996,2997,2998,2999,2990,2993,2992,2991,2994,2989
320,3009,3007,3008,3010,3001,3003,3002,3005,3004,3000
321,3018,3019,3020,3021,3012,3015,3014,3013,3016,3011
322,3026,3029,3022,3025,3023,3030,3031
323,3057,3055,3056,3058,3049,3051,3050,3053,3052,3048
324,3066,3060,3059,3062,3067,3068
325,3092,3093,3094,3095,3086,3089,3088,3087,3090,3085
326,3105,3103,3104,3106,3097,3099,3098,3101,3100,3096
327,3114,3115,3116,3117,3108,3111,3110,3109,3112,3107
328,3122,3125,3118,3121,3119,3126,3127
329,3153,3151,3152,3154,3145,3147,3146,3149,3148,3144
330,3162,3156,3155,3158,3163,3164
331,3188,3189,3190,3191,3182,3185,3184,3183,3186,3181
332,3201,3199,3200,3202,3193,3195,3194,3197,3196,3192
333,3210,3211,3212,3213,3204,3207,3206,3205,3208,3203
334,3218,3221,3214,3217,3215,3222,3223
335,3249,3247,3248,3250,3241,3243,3242,3245,3244,3240
336,3258,3252,3251,3254,3259,3260
337,3284,3285,3286,3287,3278,3281,3280,3279,3282,3277
338,3297,3295,3296,3298,3289,3291,3290,3293,3292,3288
339,3306,3307,3308,3309,3300,3303,3302,3301,3304,3299
340,3314,3317,3310,3313,3311,3318,3319
341,3345,3343,3344,3346,3337,3339,3338,3341,3340,3336
342,3354,3348,3347,3350,3355,3356
343,3380,3381,3382,3383,3374,3377,3376,3375,3378,3373
344,3393,3391,3392,3394,3385,3387,3386,3389,3388,3384
345,3402,3403,3404,3405,3396,3399,3398,3397,3400,3395
346,3410,3413,3406,3409,3407,3414,3415
347,3441,3439,3440,3442,3433,3435,3434,3437,3436,3432
348,3450,3444,3443,3446,3451,3452
349,3476,3477,3478,3479,3470,3473,3472,3471,3474,3469
350,3489,3487,3488,3490,3481,3483,3482,3485,3484,3480
351,3498,3499,3500,3501,3492,3495,3494,3493,3496,3491
352,3506,3509,3502,3505,3503,3510,3511
353,3537,3535,3536,3538,3529,3531,3530,3533,3532,3528
354,3546,3540,3539,3542,3547,3548
355,3572,3573,3574,3575,3566,3569,3568,3567,3570,3565
356,3585,3583,3584,3586,3577,3579,3578,3581,3580,3576
357,3594,3595,3596,3597,3588,3591,3590,3589,3592,3587
358,3602,3605,3598,3601,3599,3606,3607
359,3633,3631,3632,3634,3625,3627,3626,3629,3628,3624
360,3642,3636,3635,3638,3643,3644
361,3668,3669,3670,3671,3662,3665,3664,3663,3666,3661
362,3681,3679,3680,3682,3673,3675,3674,3677,3676,3672
363,3690,3691,3692,3693,3684,3687,3686,3685,3688,3683
364,3698,3701,3694,3697,3695,3702,3703
365,3729,3727,3728,3730,3721,3723,3722,3725,3724,3720
366,3738,3732,3731,3734,3739,3740
367,3764,3765,3766,3767,3758,3761,3760,3759,3762,3757
368,3777,3775,3776,3778,3769,3771,3770,3773,3772,3768
369,3786,3787,3788,3789,3780,3783,3782,3781,3784,3779
370,3794,3797,3790,3793,3791,3798,3799
371,3825,3823,3824,3826,3817,3819,3818,3821,3820,3816
372,3834,3828,3827,3830,3835,3836
373,3860,3861,3862,3863,3854,3857,3856,3855,3858,3853
374,3873,3871,3872,3874,3865,3867,3866,3869,3868,3864
375,3882,3883,3884,3885,3876,3879,3878,3877,3880,3875
376,3890,3893,3886,3889,3887,3894,3895
377,3921,3919,3920,3922,3913,3915,3914,3917,3916,3912
378,3930,3924,3923,3926,3931,3932
379,3956,3957,3958,3959,3950,3953,3952,3951,3954,3949
380,3969,3967,3968,3970,3961,3963,3962,3965,3964,3960
381,3978,3979,3980,3981,3972,3975,3974,3973,3976,3971
382,3986,3989,3982,3985,3983,3990,3991
383,4017,4015,4016,4018,4009,4011,4010,4013,4012,4008
384,4026,4020,4019,4022,4027,4028
385,4052,4053,4054,4055,4046,4049,4048,4047,4050,4045
386,4065,4063,4064,4066,4057,4059,4058,4061,4060,4056
387,4074,4075,4076,4077,4068,4071,4070,4069,4072,4067
388,4082,4085,4078,4081,4079,4086,4087
389,4113,4111,4112,4114,4105,4107,4106,4109,4108,4104
390,4122,4116,4115,4118,4123,4124
391,4148,4149,4150,4151,4142,4145,4144,4143,4146,4141
392,4161,4159,4160,4162,4153,4155,4154,4157,4156,4152
393,4170,4171,4172,4173,4164,4167,4166,4165,4168,4163
394,4178,4181,4174,4177,4175,4182,4183
395,4209,4207,4208,4210,4201,4203,4202,4205,4204,4200
396,4218,4212,4211,4214,4219,4220
397,4244,4245,4246,4247,4238,4241,4240,4239,4242,4237
398,4257,4255,4256,4258,4249,4251,4250,4253,4252,4248
399,4266,4267,4268,4269,4260,4263,4262,4261,4264,4259
400,4274,4277,4270,4273,4271,4278,4279
401,4305,4303,4304,4306,4297,4299,4298,4301,4300,4296
402,4314,4308,4307,4310,4315,4316
403,4340,4341,4342,4343,4334,4337,4336,4335,4338,4333
404,4353,4351,4352,4354,4345,4347,4346,4349,4348,4344
405,4362,4363,4364,4365,4356,4359,4358,4357,4360,4355
406,4370,4373,4366,4369,4367,4374,4375
407,4401,4399,4400,4402,4393,4395,4394,4397,4396,4392
408,4410,4404,4403,4406,4411,4412
409,4436,4437,4438,4439,4430,4433,4432,4431,4434,4429
410,4449,4447,4448,4450,4441,4443,4442,4445,4444,4440
411,4458,4459,4460,4461,4452,4455,4454,4453,4456,4451
412,4466,4469,4462,4465,4463,4470,4471
413,4497,4495,4496,4498,4489,4491,4490,4493,4492,4488
414,4506,4500,4499,4502,4507,4508
415,4532,4533,4534,4535,4526,4529,4528,4527,4530,4525
416,4545,4543,4544,4546,4537,4539,4538,4541,4540,4536
417,4554,4555,4556,4557,4548,4551,4550,4549,4552,4547
418,4562,4565,4558,4561,4559,4566,4567
419,4593,4591,4592,4594,4585,4587,4586,4589,4588,4584
420,4602,4596,4595,4598,4603,4604
421,4628,4629,4630,4631,4622,4625,4624,4623,4626,4621
422,4641,4639,4640,4642,4633,4635,4634,4637,4636,4632
423,4650,4651,4652,4653,4644,4647,4646,4645,4648,4643
424,4658,4661,4654,4657,4655,4662,4663
425,4689,4687,4688,4690,4681,4683,4682,4685,4684,4680
426,4698,4692,4691,4694,4699,4700
427,4724,4725,4726,4727,4718,4721,4720,4719,4722,4717
428,4737,4735,4736,4738,4729,4731,4730,4733,4732,4728
429,4746,4747,4748,4749,4740,4743,4742,4741,4744,4739
430,4754,4757,4750,4753,4751,4758,4759
431,4785,4783,4784,4786,4777,4779,4778,4781,4780,4776
432,4794,4788,4787,4790,4795,4796
433,4820,4821,4822,4823,4814,4817,4816,4815,4818,4813
434,4833,4831,4832,4834,4825,4827,4826,4829,4828,4824
435,4842,4843,4844,4845,4836,4839,4838,4837,4840,4835
436,4850,4853,4846,4849,4847,4854,4855
437,4881,4879,4880,4882,4873,4875,4874,4877,4876,4872
438,4890,4884,4883,4886,4891,4892
439,4916,4917,4918,4919,4910,4913,4912,4911,4914,4909
440,4929,4927,4928,4930,4921,4923,4922,4925,4924,4920
441,4938,4939,4940,4941,4932,4935,4934,4933,4936,4931
442,4946,4949,4942,4945,4943,4950,4951
443,4977,4975,4976,4978,4969,4971,4970,4973,4972,4968
444,4986,4980,4979,4982,4987,4988
445,5012,5013,5014,5015,5006,5009,5008,5007,5010,5005
446,5025,5023,5024,5026,5017,5019,5018,5021,5020,5016
447,5034,5035,5036,5037,5028,5031,5030,5029,5032,5027
448,5042,5045,5038,5041,5039,5046,5047
449,5073,5071,5072,5074,5065,5067,5066,5069,5068,5064
450,5082,5076,5075,5078,5083,5084
451,5108,5109,5110,5111,5102,5105,5104,5103,5106,5101
452,5121,5119,5120,5122,5113,5115,5114,5117,5116,5112
453,5130,5131,5132,5133,5124,5127,5126,5125,5128,5123
454,5138,5141,5134,5137,5135,5142,5143
455,5169,5167,5168,5170,5161,5163,5162,5165,5164,5160
456,5178,5172,5171,5174,5179,5180
457,5204,5205,5206,5207,5198,5201,5200,5199,5202,5197
458,5217,5215,5216,5218,5209,5211,5210,5213,5212,5208
459,5226,5227,5228,5229,5220,5223,5222,5221,5224,5219
460,5234,5237,5230,5233,5231,5238,5239
461,5265,5263,5264,5266,5257,5259,5258,5261,5260,5256
462,5274,5268,5267,5270,5275,5276
463,5300,5301,5302,5303,5294,5297,5296,5295,5298,5293
464,5313,5311,5312,5314,5305,5307,5306,5309,5308,5304
465,5322,5323,5324,5325,5316,5319,5318,5317,5320,5315
466,5330,5333,5326,5329,5327,5334,5335
467,5361,5359,5360,5362,5353,5355,5354,5357,5356,5352
468,5370,5364,5363,5366,5371,5372
469,5396,5397,5398,5399,5390,5393,5392,5391,5394,5389
470,5409,5407,5408,5410,5401,5403,5402,5405,5404,5400
471,5418,5419,5420,5421,5412,5415,5414,5413,5416,5411
472,5426,5429,5422,5425,5423,5430,5431
473,5457,5455,5456,5458,5449,5451,5450,5453,5452,5448
474,5466,5460,5459,5462,5467,5468
475,5492,5493,5494,5495,5486,5489,5488,5487,5490,5485
476,5505,5503,5504,5506,5497,5499,5498,5501,5500,5496
477,5514,5515,5516,5517,5508,5511,5510,5509,5512,5507
478,5522,5525,5518,5521,5519,5526,5527
479,5553,5551,5552,5554,5545,5547,5546,5549,5548,5544
480,5562,5556,5555,5558,5563,5564
481,5588,5589,5590,5591,5582,5585,5584,5583,5586,5581
482,5601,5599,5600,5602,5593,5595,5594,5597,5596,5592
483,5610,5611,5612,5613,5604,5607,5606,5605,5608,5603
484,5618,5621,5614,5617,5615,5622,5623
485,5649,5647,5648,5650,5641,5643,5642,5645,5644,5640
486,5658,5652,5651,5654,5659,5660
487,5684,5685,5686,5687,5678,5681,5680,5679,5682,5677
488,5697,5695,5696,5698,5689,5691,5690,5693,5692,5688
489,5706,5707,5708,5709,5700,5703,5702,5701,5704,5699
490,5714,5717,5710,5713,5711,5718,5719
491,5745,5743,5744,5746,5737,5739,5738,5741,5740,5736
492,5754,5748,5747,5750,5755,5756
493,5780,5781,5782,5783,5774,5777,5776,5775,5778,5773
494,5793,5791,5792,5794,5785,5787,5786,5789,5788,5784
495,5802,5803,5804,5805,5796,5799,5798,5797,5800,5795
496,5810,5813,5806,5809,5807,5814,5815
497,5841,5839,5840,5842,5833,5835,5834,5837,5836,5832
498,5850,5844,5843,5846,5851,5852
499,5869
500,5871,5875,5873,5876,5885,5883,5870,5872
501,5898,5892,5887,5889,5891,5886,5888
502,5918,5919,5913,5914,5905,5910,5902,5903,5908,5912
503,5938
504,5939,5940
505,5941
506,5942
507,5944,5943
508,5950,5946,5948,5949,5945,5947
509,5951,5963,5964,5953,5956,5955,5957,5958,5959,5960,5961
510,5968,5970,5971,5972,5973,5966,5967,5969,5965
511,5977,5974,5975,5976
512,5984,5985,5987,5988,5980,5982,5978,5979,5981
513,5996,5997,5994,5999,5998,5992,5993,5995,5991
514,6018,6009,6006,6007,6003,6008,6001,6000,6005,6011
515,6027
516,6031,6040,6029,6034,6033,6042,6028,6030
517,6047,6055,6054,6056,6053,6046,6048,6049,6044,6043
518,6074,6072,6066,6067,6058,6063,6090,6057,6060,6065
519,6092
520,6093,6107,6102,6103,6110,6097,6098,6111,6094,6096,6099
521,6115,6124,6113,6117,6118,6126,6112,6114
522,6146,6137,6164,6128,6133,6127,6130,6163,6135,6139
523,6165
524,6166,6175,6183,6170,6171,6184,6167,6169,6172,6177,6182
525,6185,6199,6195,6189,6202,6190,6203,6186,6188,6191,6201
526,6219,6223,6216,6241,6207,6212,6204,6205,6210,6214
527,6242
528,6243,6250,6260,6247,6246,6259,6244,6248,6249,6256,6261
529,6266,6279,6267,6280,6263,6265,6268,6278,6262,6264
530,6296,6301,6293,6318,6284,6289,6281,6282,6287,6291
531,6319
532,6320,6327,6337,6324,6323,6336,6321,6325,6326,6333,6338
533,6343,6356,6342,6355,6340,6344,6345,6357,6339,6341
534,6374,6378,6370,6395,6361,6366,6358,6359,6364,6368
535,6396
536,6397,6404,6414,6401,6400,6413,6398,6402,6403,6410,6415
537,6420,6433,6419,6432,6417,6421,6422,6434,6416,6418
538,6451,6455,6447,6472,6438,6443,6435,6436,6441,6445
539,6473
540,6474,6481,6491,6478,6477,6490,6475,6479,6480,6487,6492
541,6497,6510,6496,6509,6494,6498,6499,6511,6493,6495
542,6528,6532,6524,6549,6515,6520,6512,6513,6518,6522
543,6550
544,6551,6558,6568,6555,6554,6567,6552,6556,6557,6564,6569
545,6574,6587,6573,6586,6571,6575,6576,6588,6570,6572
546,6605,6609,6601,6626,6592,6597,6589,6590,6595,6599
547,6627
548,6628,6635,6645,6632,6631,6644,6629,6633,6634,6641,6646
549,6651,6664,6650,6663,6648,6652,6653,6665,6647,6649
550,6682,6686,6678,6703,6669,6674,6666,6667,6672,6676
551,6704
552,6705,6712,6722,6709,6708,6721,6706,6710,6711,6718,6723
553,6728,6741,6727,6740,6725,6729,6730,6742,6724,6726
554,6759,6763,6755,6780,6746,6751,6743,6744,6749,6753
555,6781
556,6782,6789,6799,6786,6785,6798,6783,6787,6788,6795,6800
557,6805,6818,6804,6817,6802,6806,6807,6819,6801,6803
558,6836,6840,6832,6857,6823,6828,6820,6821,6826,6830
559,6858
560,6859,6866,6876,6863,6862,6875,6860,6864,6865,6872,6877
561,6882,6895,6881,6894,6879,6883,6884,6896,6878,6880
562,6913,6917,6909,6934,6900,6905,6897,6898,6903,6907
563,6935
564,6936,6943,6953,6940,6939,6952,6937,6941,6942,6949,6954
565,6959,6972,6958,6971,6956,6960,6961,6973,6955,6957
566,6990,6994,6986,7011,6977,6982,6974,6975,6980,6984
567,7012
568,7013,7020,7030,7017,7016,7029,7014,7018,7019,7026,7031
569,7036,7049,7035,7048,7033,7037,7038,7050,7032,7034
570,7067,7071,7063,7088,7054,7059,7051,7052,7057,7061
571,7089
572,7090,7097,7107,7094,7093,7106,7091,7095,7096,7103,7108
573,7113,7126,7112,7125,7110,7114,7115,7127,7109,7111
574,7144,7148,7140,7165,7131,7136,7128,7129,7134,7138
575,7166
576,7167,7174,7184,7171,7170,7183,7168,7172,7173,7180,7185
577,7190,7203,7189,7202,7187,7191,7192,7204,7186,7188
578,7221,7225,7217,7242,7208,7213,7205,7206,7211,7215
579,7243
580,7244,7251,7261,7248,7247,7260,7245,7249,7250,7257,7262
581,7267,7280,7266,7279,7264,7268,7269,7281,7263,7265
582,7298,7302,7294,7319,7285,7290,7282,7283,7288,7292
583,7320
584,7321,7328,7338,7325,7324,7337,7322,7326,7327,7334,7339
585,7344,7357,7343,7356,7341,7345,7346,7358,7340,7342
586,7375,7379,7371,7396,7362,7367,7359,7360,7365,7369
587,7397
588,7398,7405,7415,7402,7401,7414,7399,7403,7404,7411,7416
589,7421,7434,7420,7433,7418,7422,7423,7435,7417,7419
590,7452,7456,7448,7473,7439,7444,7436,7437,7442,7446
591,7474
592,7475,7482,7492,7479,7478,7491,7476,7480,7481,7488,7493
593,7498,7511,7497,7510,7495,7499,7500,7512,7494,7496
594,7529,7533,7525,7550,7516,7521,7513,7514,7519,7523
595,7551
596,7552,7559,7569,7556,7555,7568,7553,7557,7558,7565,7570
597,7575,7588,7574,7587,7572,7576,7577,7589,7571,7573
598,7606,7610,7602,7627,7593,7598,7590,7591,7596,7600
599,7628
600,7629,7636,7646,7633,7632,7645,7630,7634,7635,7642,7647
601,7652,7665,7651,7664,7649,7653,7654,7666,7648,7650
602,7683,7687,7679,7704,7670,7675,7667,7668,7673,7677
603,7705
604,7706,7713,7723,7710,7709,7722,7707,7711,7712,7719,7724
605,7729,7742,7728,7741,7726,7730,7731,7743,7725,7727
606,7760,7764,7756,7781,7747,7752,7744,7745,7750,7754
607,7782
608,7783,7790,7800,7787,7786,7799,7784,7788,7789,7796,7801
609,7806,7819,7805,7818,7803,7807,7808,7820,7802,7804
610,7837,7841,7833,7858,7824,7829,7821,7822,7827,7831
611,7859
612,7860,7867,7877,7864,7863,7876,7861,7865,7866,7873,7878
613,7883,7896,7882,7895,7880,7884,7885,7897,7879,7881
614,7914,7918,7910,7935,7901,7906,7898,7899,7904,7908
615,7936
616,7937,7944,7954,7941,7940,7953,7938,7942,7943,7950,7955
617,7960,7973,7959,7972,7957,7961,7962,7974,7956,7958
618,7991,7995,7987,8012,7978,7983,7975,7976,7981,7985
619,8013
620,8014,8021,8031,8018,8017,8030,8015,8019,8020,8027,8032
621,8037,8050,8036,8049,8034,8038,8039,8051,8033,8035
622,8068,8072,8064,8089,8055,8060,8052,8053,8058,8062
623,8090
624,8091,8098,8108,8095,8094,8107,8092,8096,8097,8104,8109
625,8114,8127,8113,8126,8111,8115,8116,8128,8110,8112
626,8145,8149,8141,8166,8132,8137,8129,8130,8135,8139
627,8167
628,8168,8175,8185,8172,8171,8184,8169,8173,8174,8181,8186
629,8191,8204,8190,8203,8188,8192,8193,8205,8187,8189
630,8222,8226,8218,8243,8209,8214,8206,8207,8212,8216
631,8244
632,8245,8252,8262,8249,8248,8261,8246,8250,8251,8258,8263
633,8268,8281,8267,8280,8265,8269,8270,8282,8264,8266
634,8299,8303,8295,8320,8286,8291,8283,8284,8289,8293
635,8321
636,8322,8329,8339,8326,8325,8338,8323,8327,8328,8335,8340
637,8345,8358,8344,8357,8342,8346,8347,8359,8341,8343
638,8376,8380,8372,8397,8363,8368,8360,8361,8366,8370
639,8398
640,8399,8406,8416,8403,8402,8415,8400,8404,8405,8412,8417
641,8422,8435,8421,8434,8419,8423,8424,8436,8418,8420
642,8453,8457,8449,8474,8440,8445,8437,8438,8443,8447
643,8475
644,8476,8483,8493,8480,8479,8492,8477,8481,8482,8489,8494
645,8499,8512,8498,8511,8496,8500,8501,8513,8495,8497
646,8530,8534,8526,8551,8517,8522,8514,8515,8520,8524
647,8552
648,8553,8560,8570,8557,8556,8569,8554,8558,8559,8566,8571
649,8576,8589,8575,8588,8573,8577,8578,8590,8572,8574
650,8607,8611,8603,8628,8594,8599,8591,8592,8597,8601
651,8629
652,8630,8637,8647,8634,8633,8646,8631,8635,8636,8643,8648
653,8653,8666,8652,8665,8650,8654,8655,8667,8649,8651
654,8684,8688,8680,8705,8671,8676,8668,8669,8674,8678
655,8706
656,8707,8714,8724,8711,8710,8723,8708,8712,8713,8720,8725
657,8730,8743,8729,8742,8727,8731,8732,8744,8726,8728
658,8761,8765,8757,8782,8748,8753,8745,8746,8751,8755
659,8783
660,8784,8791,8801,8788,8787,8800,8785,8789,8790,8797,8802
661,8807,8820,8806,8819,8804,8808,8809,8821,8803,8805
662,8838,8842,8834,8859,8825,8830,8822,8823,8828,8832
663,8860
664,8861,8868,8878,8865,8864,8877,8862,8866,8867,8874,8879
665,8884,8897,8883,8896,8881,8885,8886,8898,8880,8882
666,8915,8919,8911,8936,8902,8907,8899,8900,8905,8909
667,8937
668,8938,8945,8955,8942,8941,8954,8939,8943,8944,8951,8956
669,8961,8974,8960,8973,8958,8962,8963,8975,8957,8959
670,8992,8996,8988,9013,8979,8984,8976,8977,8982,8986
671,9014
672,9015,9022,9032,9019,9018,9031,9016,9020,9021,9028,9033
673,9038,9051,9037,9050,9035,9039,9040,9052,9034,9036
674,9069,9073,9065,9090,9056,9061,9053,9054,9059,9063
675,9091
676,9092,9099,9109,9096,9095,9108,9093,9097,9098,9105,9110
677,9115,9128,9114,9127,9112,9116,9117,9129,9111,9113
678,9146,9150,9142,9167,9133,9138,9130,9131,9136,9140
679,9168
680,9169,9176,9186,9173,9172,9185,9170,9174,9175,9182,9187
681,9192,9205,9191,9204,9189,9193,9194,9206,9188,9190
682,9223,9227,9219,9244,9210,9215,9207,9208,9213,9217
683,9245
684,9246,9253,9263,9250,9249,9262,9247,9251,9252,9259,9264
685,9269,9282,9268,9281,9266,9270,9271,9283,9265,9267
686,9300,9304,9296,9321,9287,9292,9284,9285,9290,9294
687,9322
688,9323,9330,9340,9327,9326,9339,9324,9328,9329,9336,9341
689,9346,9359,9345,9358,9343,9347,9348,9360,9342,9344
690,9377,9381,9373,9398,9364,9369,9361,9362,9367,9371
691,9399
692,9400,9407,9417,9404,9403,9416,9401,9405,9406,9413,9418
693,9423,9436,9422,9435,9420,9424,9425,9437,9419,9421
694,9454,9458,9450,9475,9441,9446,9438,9439,9444,9448
695,9476
696,9477,9484,9494,9481,9480,9493,9478,9482,9483,9490,9495
697,9500,9513,9499,9512,9497,9501,9502,9514,9496,9498
698,9531,9535,9527,9552,9518,9523,9515,9516,9521,9525
699,9553
700,9554,9561,9571,9558,9557,9570,9555,9559,9560,9567,9572
701,9577,9590,9576,9589,9574,9578,9579,9591,9573,9575
702,9608,9612,9604,9629,9595,9600,9592,9593,9598,9602
703,9630
704,9631,9638,9648,9635,9634,9647,9632,9636,9637,9644,9649
705,9654,9667,9653,9666,9651,9655,9656,9668,9650,9652
706,9685,9689,9681,9706,9672,9677,9669,9670,9675,9679
707,9707
708,9708,9715,9725,9712,9711,9724,9709,9713,9714,9721,9726
709,9731,9744,9730,9743,9728,9732,9733,9745,9727,9729
710,9762,9766,9758,9783,9749,9754,9746,9747,9752,9756
711,9784
712,9785,9792,9802,9789,9788,9801,9786,9790,9791,9798,9803
713,9808,9821,9807,9820,9805,9809,9810,9822,9804,9806
714,9839,9843,9835,9860,9826,9831,9823,9824,9829,9833
715,9861
716,9862,9869,9879,9866,9865,9878,9863,9867,9868,9875,9880
717,9885,9898,9884,9897,9882,9886,9887,9899,9881,9883
718,9916,9920,9912,9937,9903,9908,9900,9901,9906,9910
719,9938
720,9939,9946,9956,9943,9942,9955,9940,9944,9945,9952,9957
721,9962,9975,9961,9974,9959,9963,9964,9976,9958,9960
722,9993,9997,9989,10014,9980,9985,9977,9978,9983,9987
723,10015
724,10016,10023,10033,10020,10019,10032,10017,10021,10022,10029,10034
725,10039,10052,10038,10051,10036,10040,10041,10053,10035,10037
726,10070,10074,10066,10091,10057,10062,10054,10055,10060,10064
727,10092
728,10093,10100,10110,10097,10096,10109,10094,10098,10099,10106,10111
729,10116,10129,10115,10128,10113,10117,10118,10130,10112,10114
730,10147,10151,10143,10168,10134,10139,10131,10132,10137,10141
731,10169
732,10170,10177,10187,10174,10173,10186,10171,10175,10176,10183,10188
733,10193,10206,10192,10205,10190,10194,10195,10207,10189,10191
734,10224,10228,10220,10245,10211,10216,10208,10209,10214,10218
735,10246
736,10247,10254,10264,10251,10250,10263,10248,10252,10253,10260,10265
737,10270,10283,10269,10282,10267,10271,10272,10284,10266,10268
738,10301,10305,10297,10322,10288,10293,10285,10286,10291,10295
739,10323
740,10324,10331,10341,10328,10327,10340,10325,10329,10330,10337,10342
741,10347,10360,10346,10359,10344,10348,10349,10361,10343,10345
742,10378,10382,10374,10399,10365,10370,10362,10363,10368,10372
743,10400
744,10401,10408,10418,10405,10404,10417,10402,10406,10407,10414,10419
745,10424,10437,10423,10436,10421,10425,10426,10438,10420,10422
746,10455,10459,10451,10476,10442,10447,10439,10440,10445,10449
747,10477
748,10478,10485,10495,10482,10481,10494,10479,10483,10484,10491,10496
749,10501,10514,10500,10513,10498,10502,10503,10515,10497,10499
750,10532,10536,10528,10553,10519,10524,10516,10517,10522,10526
751,10559,10558,10555,10556,10554,10557
752,10560
753,10564,10561,10562,10563
754,10566,10565
755,10569,10568,10567
756,10581,10576,10572,10577,10570,10575,10573,10574,10571
757,10582,10598,10588,10597,10599,10601,10590,10600,10583,10586,10594
758,10602
759,10604,10603
760,10605,10609,10614,10619,10613,10615,10617,10608,10606,10611,10607
761,10624,10623,10622,10621
762,10635,10626,10629,10632,10631,10625,10628,10630,10627
763,10637,10641,10655,10638,10643,10646,10647,10652,10654,10656,10645
764,10657,10661,10664,10671,10668,10665,10667,10669,10670,10672,10660
765,10685,10697,10694,10680,10682,10686,10701,10683,10674,10673
766,10708,10707
767,10711,10710,10709
768,10712,10713,10717,10715,10719,10723,10727,10731,10720,10732,10728
769,10737,10734,10747,10736,10739,10749,10746,10733,10738,10735
770,10771,10787,10760,10751,10756,10786,10750,10753,10758,10762
771,10789,10788
772,10792,10791,10790
773,10793,10803,10797,10798,10806,10813,10794,10796,10800,10805,10814
774,10827,10816,10820,10822,10818,10835,10833,10815,10821,10817
775,10852,10855,10846,10858,10876,10837,10842,10836,10839,10875
776,10878,10877
777,10881,10880,10879
778,10882,10892,10886,10887,10895,10902,10883,10885,10889,10894,10903
779,10908,10909,10917,10905,10911,10907,10925,10923,10904,10910
780,10941,10945,10950,10966,10938,10929,10934,10965,10926,10927
781,10968,10967
782,10971,10970,10969
783,10980,10976,10975,10985,10989,10973,10977,10979,10974,10972
784,10998,10999,11007,10995,11001,10997,11015,11013,10994,11000
785,11031,11036,11040,11019,11028,11056,11024,11055,11016,11017
786,11058,11057
787,11061,11060,11059
788,11062,11066,11065,11070,11075,11079,11063,11067,11069,11076,11083
789,11088,11087,11097,11085,11103,11091,11089,11105,11084,11090
790,11122,11126,11130,11118,11146,11109,11114,11145,11106,11107
791,11148,11147
792,11151,11150,11149
793,11152,11160,11156,11155,11165,11169,11153,11157,11159,11166,11173
794,11178,11177,11187,11175,11181,11179,11195,11193,11174,11180
795,11212,11216,11220,11208,11236,11199,11204,11235,11196,11197
796,11238,11237
797,11241,11240,11239
798,11242,11250,11246,11245,11255,11259,11243,11247,11249,11256,11263
799,11268,11267,11277,11265,11271,11269,11285,11283,11264,11270
800,11302,11306,11310,11298,11326,11289,11294,11325,11286,11287
801,11328,11327
802,11331,11330,11329
803,11332,11340,11336,11335,11345,11349,11333,11337,11339,11346,11353
804,11358,11357,11367,11355,11361,11359,11375,11373,11354,11360
805,11392,11396,11400,11388,11416,11379,11384,11415,11376,11377
806,11418,11417
807,11421,11420,11419
808,11422,11430,11426,11425,11435,11439,11423,11427,11429,11436,11443
809,11448,11447,11457,11445,11451,11449,11465,11463,11444,11450
810,11482,11486,11490,11478,11506,11469,11474,11505,11466,11467
811,11508,11507
812,11511,11510,11509
813,11512,11520,11516,11515,11525,11529,11513,11517,11519,11526,11533
814,11538,11537,11547,11535,11541,11539,11555,11553,11534,11540
815,11572,11576,11580,11568,11596,11559,11564,11595,11556,11557
816,11598,11597
817,11601,11600,11599
818,11602,11610,11606,11605,11615,11619,11603,11607,11609,11616,11623
819,11628,11627,11637,11625,11631,11629,11645,11643,11624,11630
820,11662,11666,11670,11658,11686,11649,11654,11685,11646,11647
821,11688,11687
822,11691,11690,11689
823,11692,11700,11696,11695,11705,11709,11693,11697,11699,11706,11713
824,11718,11717,11727,11715,11721,11719,11735,11733,11714,11720
825,11752,11756,11760,11748,11776,11739,11744,11775,11736,11737
826,11778,11777
827,11781,11780,11779
828,11782,11790,11786,11785,11795,11799,11783,11787,11789,11796,11803
829,11808,11807,11817,11805,11811,11809,11825,11823,11804,11810
830,11842,11846,11850,11838,11866,11829,11834,11865,11826,11827
831,11868,11867
832,11871,11870,11869
833,11872,11880,11876,11875,11885,11889,11873,11877,11879,11886,11893
834,11898,11897,11907,11895,11901,11899,11915,11913,11894,11900
835,11932,11936,11940,11928,11956,11919,11924,11955,11916,11917
836,11958,11957
837,11961,11960,11959
838,11962,11970,11966,11965,11975,11979,11963,11967,11969,11976,11983
839,11988,11987,11997,11985,11991,11989,12005,12003,11984,11990
840,12022,12026,12030,12018,12046,12009,12014,12045,12006,12007
841,12048,12047
842,12051,12050,12049
843,12052,12060,12056,12055,12065,12069,12053,12057,12059,12066,12073
844,12078,12077,12087,12075,12081,12079,12095,12093,12074,12080
845,12112,12116,12120,12108,12136,12099,12104,12135,12096,12097
846,12138,12137
847,12141,12140,12139
848,12142,12150,12146,12145,12155,12159,12143,12147,12149,12156,12163
849,12168,12167,12177,12165,12171,12169,12185,12183,12164,12170
850,12202,12206,12210,12198,12226,12189,12194,12225,12186,12187
851,12228,12227
852,12231,12230,12229
853,12232,12240,12236,12235,12245,12249,12233,12237,12239,12246,12253
854,12258,12257,12267,12255,12261,12259,12275,12273,12254,12260
855,12292,12296,12300,12288,12316,12279,12284,12315,12276,12277
856,12318,12317
857,12321,12320,12319
858,12322,12330,12326,12325,12335,12339,12323,12327,12329,12336,12343
859,12348,12347,12357,12345,12351,12349,12365,12363,12344,12350
860,12382,12386,12390,12378,12406,12369,12374,12405,12366,12367
861,12408,12407
862,12411,12410,12409
863,12412,12420,12416,12415,12425,12429,12413,12417,12419,12426,12433
864,12438,12437,12447,12435,12441,12439,12455,12453,12434,12440
865,12472,12476,12480,12468,12496,12459,12464,12495,12456,12457
866,12498,12497
867,12501,12500,12499
868,12502,12510,12506,12505,12515,12519,12503,12507,12509,12516,12523
869,12528,12527,12537,12525,12531,12529,12545,12543,12524,12530
870,12562,12566,12570,12558,12586,12549,12554,12585,12546,12547
871,12588,12587
872,12591,12590,12589
873,12592,12600,12596,12595,12605,12609,12593,12597,12599,12606,12613
874,12618,12617,12627,12615,12621,12619,12635,12633,12614,12620
875,12652,12656,12660,12648,12676,12639,12644,12675,12636,12637
876,12678,12677
877,12681,12680,12679
878,12682,12690,12686,12685,12695,12699,12683,12687,12689,12696,12703
879,12708,12707,12717,12705,12711,12709,12725,12723,12704,12710
880,12742,12746,12750,12738,12766,12729,12734,12765,12726,12727
881,12768,12767
882,12771,12770,12769
883,12772,12780,12776,12775,12785,12789,12773,12777,12779,12786,12793
884,12798,12797,12807,12795,12801,12799,12815,12813,12794,12800
885,12832,12836,12840,12828,12856,12819,12824,12855,12816,12817
886,12858,12857
887,12861,12860,12859
888,12862,12870,12866,12865,12875,12879,12863,12867,12869,12876,12883
889,12888,12887,12897,12885,12891,12889,12905,12903,12884,12890
890,12922,12926,12930,12918,12946,12909,12914,12945,12906,12907
891,12948,12947
892,12951,12950,12949
893,12952,12960,12956,12955,12965,12969,12953,12957,12959,12966,12973
894,12978,12977,12987,12975,12981,12979,12995,12993,12974,12980
895,13012,13016,13020,13008,13036,12999,13004,13035,12996,12997
896,13038,13037
897,13041,13040,13039
898,13042,13050,13046,13045,13055,13059,13043,13047,13049,13056,13063
899,13068,13067,13077,13065,13071,13069,13085,13083,13064,13070
900,13102,13106,13110,13098,13126,13089,13094,13125,13086,13087
901,13127,13140,13142,13138,13141,13143,13135,13136,13137,13130,13131
902,13145,13144
903,13149,13148,13147,13146
904,13156,13157,13153,13158,13155,13151,13150,13154,13152
905,13162,13161,13160,13159
906,13166,13165,13164,13163
907,13170,13169,13168,13167
908,13174,13173,13172,13171
909,13188,13180,13186,13177,13181,13182,13183,13184,13175,13178
910,13189,13193,13208,13191,13195,13207,13209,13196,13210,13197,13198
911,13211
912,13213,13212
913,13216,13215,13214
914,13220,13219,13218,13217
915,13224,13223,13222,13221
916,13228,13227,13226,13225
917,13229,13232,13237,13241,13238,13240,13233,13230,13235,13244,13231
918,13248,13247,13246,13245
919,13260,13254,13262,13251,13255,13256,13257,13258,13249,13252
920,13263,13267,13282,13265,13269,13281,13283,13270,13284,13271,13272
921,13285,13288,13292,13297,13293,13294,13296,13299,13300,13289,13291
922,13301,13313,13330,13327,13310,13308,13314,13322,13302,13311,13305
923,13338,13337,13336,13335
924,13342,13341,13340,13339
925,13346,13345,13344,13343
926,13350,13349,13348,13347
927,13351,13356,13362,13366,13370,13352,13354,13358,13371,13359,13367
928,13375,13373,13376,13378,13386,13385,13372,13377,13374
929,13409,13398,13425,13389,13394,13424,13388,13391,13396,13400
930,13429,13428,13427,13426
931,13433,13432,13431,13430
932,13437,13436,13435,13434
933,13441,13440,13439,13438
934,13442,13452,13446,13447,13455,13462,13443,13445,13449,13463,13454
935,13476,13469,13465,13471,13467,13482,13464,13470,13466
936,13501,13504,13495,13507,13525,13486,13491,13485,13488,13524
937,13529,13528,13527,13526
938,13533,13532,13531,13530
939,13537,13536,13535,13534
940,13541,13540,13539,13538
941,13542,13552,13546,13547,13555,13562,13543,13545,13549,13563,13554
942,13568,13569,13577,13565,13571,13567,13583,13564,13570,13566
943,13601,13605,13610,13626,13598,13589,13594,13625,13586,13587
944,13630,13629,13628,13627
945,13634,13633,13632,13631
946,13638,13637,13636,13635
947,13642,13641,13640,13639
948,13643,13651,13647,13646,13656,13660,13644,13648,13650,13645,13664
949,13669,13670,13666,13678,13672,13668,13684,13665,13671,13667
950,13702,13707,13711,13690,13727,13699,13695,13726,13687,13688
951,13731,13730,13729,13728
952,13735,13734,13733,13732
953,13739,13738,13737,13736
954,13743,13742,13741,13740
955,13744,13748,13747,13752,13757,13761,13745,13749,13751,13765,13758
956,13770,13769,13779,13767,13785,13773,13771,13766,13772,13768
957,13804,13808,13812,13800,13828,13791,13796,13827,13788,13789
958,13832,13831,13830,13829
959,13836,13835,13834,13833
960,13840,13839,13838,13837
961,13844,13843,13842,13841
962,13845,13853,13849,13848,13858,13862,13846,13850,13852,13866,13859
963,13871,13870,13880,13868,13874,13872,13886,13867,13873,13869
964,13905,13909,13913,13901,13929,13892,13897,13928,13889,13890
965,13933,13932,13931,13930
966,13937,13936,13935,13934
967,13941,13940,13939,13938
968,13945,13944,13943,13942
969,13946,13954,13950,13949,13959,13963,13947,13951,13953,13967,13960
970,13972,13971,13981,13969,13975,13973,13987,13968,13974,13970
971,14006,14010,14014,14002,14030,13993,13998,14029,13990,13991
972,14034,14033,14032,14031
973,14038,14037,14036,14035
974,14042,14041,14040,14039
975,14046,14045,14044,14043
976,14047,14055,14051,14050,14060,14064,14048,14052,14054,14068,14061
977,14073,14072,14082,14070,14076,14074,14088,14069,14075,14071
978,14107,14111,14115,14103,14131,14094,14099,14130,14091,14092
979,14135,14134,14133,14132
980,14139,14138,14137,14136
981,14143,14142,14141,14140
982,14147,14146,14145,14144
983,14148,14156,14152,14151,14161,14165,14149,14153,14155,14169,14162
984,14174,14173,14183,14171,14177,14175,14189,14170,14176,14172
985,14208,14212,14216,14204,14232,14195,14200,14231,14192,14193
986,14236,14235,14234,14233
987,14240,14239,14238,14237
988,14244,14243,14242,14241
989,14248,14247,14246,14245
990,14249,14257,14253,14252,14262,14266,14250,14254,14256,14270,14263
991,14275,14274,14284,14272,14278,14276,14290,14271,14277,14273
992,14309,14313,14317,14305,14333,14296,14301,14332,14293,14294
993,14337,14336,14335,14334
994,14341,14340,14339,14338
995,14345,14344,14343,14342
996,14349,14348,14347,14346
997,14350,14358,14354,14353,14363,14367,14351,14355,14357,14371,14364
998,14376,14375,14385,14373,14379,14377,14391,14372,14378,14374
999,14410,14414,14418,14406,14434,14397,14402,14433,14394,14395
1000,14435,14455,14452,14453,14454,14442,14447,14449,14451,14439,14441
1001,14459,14458,14457,14456
1002,14463,14462,14461,14460
1003,14467,14466,14465,14464
1004,14471,14470,14469,14468
1005,14478,14480,14475,14481,14477,14473,14479,14472,14476,14474
1006,14485,14484,14483,14482
1007,14489,14488,14487,14486
1008,14493,14492,14491,14490
1009,14497,14496,14495,14494
1010,14501,14500,14499,14498
1011,14505,14504,14503,14502
1012,14509,14508,14507,14506
1013,14513,14512,14511,14510
1014,14525,14519,14527,14516,14520,14521,14522,14523,14514,14517
1015,14528,14532,14546,14530,14534,14545,14547,14535,14548,14536,14537
1016,14549
1017,14551,14550
1018,14554,14553,14552
1019,14558,14557,14556,14555
1020,14562,14561,14560,14559
1021,14566,14565,14564,14563
1022,14570,14569,14568,14567
1023,14574,14573,14572,14571
1024,14578,14577,14576,14575
1025,14582,14581,14580,14579
1026,14586,14585,14584,14583
1027,14590,14589,14588,14587
1028,14594,14593,14592,14591
1029,14598,14597,14596,14595
1030,14599,14602,14607,14611,14608,14610,14603,14600,14605,14614,14601
1031,14618,14617,14616,14615
1032,14630,14624,14632,14621,14625,14626,14627,14628,14619,14622
1033,14633,14637,14651,14635,14639,14650,14652,14640,14653,14641,14642
1034,14654,14657,14661,14666,14662,14663,14665,14668,14669,14658,14660
1035,14670,14682,14699,14696,14679,14677,14683,14691,14671,14680,14674
1036,14707,14706,14705,14704
1037,14711,14710,14709,14708
1038,14715,14714,14713,14712
1039,14719,14718,14717,14716
1040,14723,14722,14721,14720
1041,14727,14726,14725,14724
1042,14731,14730,14729,14728
1043,14735,14734,14733,14732
1044,14736,14741,14747,14751,14755,14737,14739,14743,14756,14744,14738
1045,14760,14758,14761,14763,14771,14770,14757,14762,14759
1046,14794,14783,14810,14774,14779,14809,14773,14776,14781,14785
1047,14814,14813,14812,14811
1048,14818,14817,14816,14815
1049,14822,14821,14820,14819
1050,14826,14825,14824,14823
1051,14830,14829,14828,14827
1052,14834,14833,14832,14831
1053,14838,14837,14836,14835
1054,14842,14841,14840,14839
1055,14843,14853,14847,14848,14856,14863,14844,14846,14850,14864,14855
1056,14877,14870,14866,14872,14868,14883,14865,14871,14867
1057,14902,14905,14896,14908,14926,14887,14892,14886,14889,14925
1058,14930,14929,14928,14927
1059,14934,14933,14932,14931
1060,14938,14937,14936,14935
1061,14942,14941,14940,14939
1062,14946,14945,14944,14943
1063,14950,14949,14948,14947
1064,14954,14953,14952,14951
1065,14958,14957,14956,14955
1066,14959,14969,14963,14964,14972,14979,14960,14962,14966,14980,14971
1067,14985,14986,14994,14982,14988,14984,15000,14981,14987,14983
1068,15018,15022,15027,15043,15015,15006,15011,15042,15003,15004
1069,15044,15059,15055,15063,15050,15057,15060,15061,15062,15048,15051
1070,15067,15066,15065,15064
1071,15071,15070,15069,15068
1072,15075,15074,15073,15072
1073,15079,15078,15077,15076
1074,15083,15082,15081,15080
1075,15087,15086,15085,15084
1076,15091,15090,15089,15088
1077,15095,15094,15093,15092
1078,15102,15104,15099,15105,15101,15097,15103,15096,15100,15098
1079,15109,15108,15107,15106
1080,15113,15112,15111,15110
1081,15117,15116,15115,15114
1082,15121,15120,15119,15118
1083,15125,15124,15123,15122
1084,15129,15128,15127,15126
1085,15133,15132,15131,15130
1086,15137,15136,15135,15134
1087,15141,15140,15139,15138
1088,15145,15144,15143,15142
1089,15149,15148,15147,15146
1090,15153,15152,15151,15150
1091,15157,15156,15155,15154
1092,15161,15160,15159,15158
1093,15165,15164,15163,15162
1094,15169,15168,15167,15166
1095,15181,15175,15183,15172,15176,15177,15178,15179,15170,15173
1096,15184,15188,15202,15186,15190,15201,15203,15191,15204,15192,15193
1097,15205,15220,15216,15224,15211,15218,15221,15222,15223,15209,15212
1098,15230,15229,15232,15227,15231,15233,15228,15226,15225
1099,15241,15240,15243,15244,15237,15239,15235,15242,15234,15238
1100,15251,15249,15248,15250,15247,15246,15245
1101,15255,15256,15254,15253,15252
1102,15263,15265,15260,15266,15262,15258,15264,15257,15261,15259
1103,15267,15276,15274,15279,15271,15275,15277,15280,15270,15273,15268
1104,15287,15285,15288,15284,15286,15283,15282,15281
1105,15295,15296,15298,15299,15292,15294,15290,15297,15289,15293
