50,1
51,3
52,6
53,7
54,9
55,10
56,11
57,12
58,13
59,14,15,16,17
60,18,19,20,21,22,23,24,25,26
61,27,28,29,30,31,32,33,34,35,36,37
62,38
63,39
64,40
65,41
66,42,43,44,45
67,46,47,48,49,50,51,52,53,54
68,55,56,57,58,59,60,61,62,63,64,65
69,73,82
70,84
71,86
72,87
73,89
74,91
75,99
76,124
77,126
78,127,128,129,130,131,132,133,134
79,135
80,136,137
81,138,139,140,141,142,143,144,145
82,146,147,148,149,150,151,152,153,154,155,156,157,158,159,160,161,162,163,164,165
83,166,167,168,171,173,191
84,193
85,194
86,195,196,197,198
87,199
88,200
89,202
90,205,206,207,208,209,210,211,212,213,214,215,216,217,218,219,220,221,222,223,224,225
91,226,227,228,229,230,231,232,233,234,235,236,237,238,239,240,241,242,243,244,245,246
92,272,274
93,313
94,314
95,316
96,319
97,320
98,322
99,335
100,356
101,377,389,391,392,394,411,414
102,433,434,435,436,437,438,439,440,441,442,443,444,445,446,447,448,449,450,451,452,453,454,455,456,457,458,459,460,461,462,463,464,465,466,467,468,469,470,471,472,473,474,475,476,477,478,479,480,481,482,483,484,485,486,487,488,489,490,491,492,493,494,495,496,497,498,499,500,501,502,503,504,505,506,507,508,509,510,511,512,513,514,515,516,517
103,518,519,520,521,522,523,524,525,526,527,528,529,530,531,532,533,534,535,536,537,538,539,540,541,542,543,544,545,546,547,548,549,550,551,552,553,554,555,556,557,558,559,560,561,562,563,564,565,566,567,568,569,570,571,572,573,574,575,576,577,578,579,580,581,582,583,584,585,586,587,588,589,590,591,592,593,594,595,596,597,598,599,600,601,602
104,604,613,652,703,706
105,757
106,758
107,759,760
108,763
109,764
110,765,766
111,770
112,791
113,816,819,833,835,836,837,838
114,877
115,878
116,879
117,883
118,884,885,886,887
119,900
120,919,921
121,960,968
122,1006,1018,1020,1022,1055,1067,1068,1071
123,1091,1099,1103,1105,1107,1109,1113,1152,1153,1156
124,1184,1214,1215,1227,1254,1256,1298,1299,1300,1301
125,1320
126,1324
127,1325
128,1326,1327
129,1329
130,1331
131,1332,1333
132,1334,1335,1336,1337,1338,1339
133,1340,1348
134,1374
135,1383
136,1384
137,1385,1386
138,1387,1388,1389,1390,1391,1392,1393,1394,1395,1396,1397
139,1402
140,1403,1413
141,1420,1439
142,1443,1444
143,1472
144,1474
145,1478
146,1481
147,1482,1483
148,1487,1492,1494,1496,1497,1499,1500,1501
149,1504
150,1506
151,1520,1521,1525
152,1526
153,1527
154,1531
155,1532
156,1534
157,1535,1536,1538
158,1545,1549,1553,1557
159,1577
160,1584
161,1585,1586,1587,1588,1589,1590,1591,1592,1593,1594,1595,1596,1597,1598,1599,1600
162,1601,1602,1603,1604,1605,1606,1607,1608,1609,1610,1611,1612,1613,1614,1615,1616,1617,1618,1619,1620,1621,1622,1623,1624,1625,1626
163,1627,1628,1629,1630,1631,1632,1633,1634,1635
164,1647,1648
165,1654,1655,1656,1657,1658,1659,1660,1661,1662
166,1674,1675
167,1681,1682,1683,1684,1685,1686,1687,1688,1689,1690,1691,1692,1693,1694,1695,1696,1697,1698,1699,1700,1701,1702,1703,1704,1705,1706,1707,1708,1709
168,1710,1711,1712,1713,1714,1715,1716,1717,1718
169,1730,1731
170,1737,1738,1739,1740,1741,1742,1743,1744,1745
171,1757,1758
172,1764,1765,1766,1767,1768,1769,1770,1771,1772,1773,1774,1775,1776,1777,1778,1779,1780,1781,1782,1783,1784,1785,1786,1787,1788,1789,1790,1791,1792
173,1795,1806
174,1830,1831,1832,1833,1834,1835,1836,1837,1838,1839,1840,1841,1842,1843,1844,1845,1846,1847,1848,1849,1850,1851,1852,1853,1854,1855,1856,1857,1858,1859,1860,1861,1862,1863,1864,1865,1866,1867
175,1869
176,1871
177,1872,1873
178,1874,1875,1876,1877,1878,1879
179,1880,1888
180,1914
181,1923
182,1924,1934
183,1941,1960
184,1964,1981,1983
185,1994
186,2008,2009,2013
187,2016
188,2017
189,2019
190,2023
191,2030,2034,2038,2042
192,2062
193,2069
194,2070,2071,2072,2073,2074,2075,2076,2077,2078,2079,2080,2081,2082,2083,2084,2085
195,2086,2087,2088,2089,2090,2091,2092,2093,2094,2095,2096,2097,2098,2099,2100,2101,2102,2103,2104,2105,2106,2107,2108,2109,2110,2111
196,2112,2113,2114,2115,2116,2117,2118,2119,2120
197,2121,2122,2123,2124,2125,2126,2127,2128,2129,2130,2131,2132,2133,2134,2135,2136,2137,2138
198,2139,2140,2141,2142,2143,2144,2145,2146,2147
199,2148,2149,2150,2151,2152,2153,2154,2155,2156,2157,2158,2159,2160,2161,2162,2163,2164,2165
200,2166,2167,2168,2169,2170,2171,2172,2173,2174,2175,2176,2177,2178,2179,2180,2181,2182,2183,2184,2185,2186,2187,2188,2189,2190,2191,2192,2193,2194
201,2195,2196,2197,2198,2199,2200,2201,2202,2203
202,2204,2205,2206,2207,2208,2209,2210,2211,2212,2213,2214,2215,2216,2217,2218,2219,2220,2221
203,2222,2223,2224,2225,2226,2227,2228,2229,2230
204,2231,2232,2233,2234,2235,2236,2237,2238,2239,2240,2241,2242,2243,2244,2245,2246,2247,2248
205,2249,2250,2251,2252,2253,2254,2255,2256,2257,2258,2259,2260,2261,2262,2263,2264,2265,2266,2267,2268,2269,2270,2271,2272,2273,2274,2275,2276,2277
206,2280,2291
207,2315,2316,2317,2318,2319,2320,2321,2322,2323,2324,2325,2326,2327,2328,2329,2330,2331,2332,2333,2334,2335,2336,2337,2338,2339,2340,2341,2342,2343,2344,2345,2346,2347,2348,2349,2350,2351,2352
208,2354
209,2356
210,2357,2358
211,2359
212,2365,2373
213,2399
214,2408
215,2409
216,2418,2419,2420,2421,2422,2423,2424,2425,2426
217,2427,2430
218,2450,2451,2452,2453,2454,2455,2456,2457,2458,2459,2460,2461,2462,2463,2464,2465,2466,2467,2468,2469,2470,2471,2472,2473,2474,2475,2476,2477,2478,2479,2480,2481
219,2483
220,2497,2498,2502
221,2505
222,2506
223,2508
224,2511
225,2513
226,2521
227,2530,2536,2538
228,2548,2549,2550,2551,2552,2553,2554,2555,2556,2557,2558,2559,2560,2561,2562,2563,2564,2565,2566,2567
229,2570
230,2571,2572,2573,2574,2575,2576,2577,2578,2579,2580,2581,2582,2583,2584,2585,2586
231,2587,2588,2589,2590,2591,2592,2593,2594,2595,2596,2597,2598,2599,2600,2601,2602,2603,2604,2605,2606,2607,2608,2609,2610,2611,2612
232,2613,2614,2615,2616,2617,2618,2619,2620,2621
233,2622,2623,2624,2625,2626,2627,2628,2629,2630,2631,2632,2633,2634,2635,2636,2637,2638,2639
234,2640,2641,2642,2643,2644,2645,2646,2647,2648
235,2649,2650,2651,2652,2653,2654,2655,2656,2657,2658,2659,2660,2661,2662,2663,2664,2665,2666
236,2678
237,2696,2697,2698,2699,2700,2701,2702,2703,2704
238,2705,2706,2707,2708,2709,2710,2711,2712,2713,2714,2715,2716,2717,2718,2719,2720,2721,2722
239,2723,2724,2725,2726,2727,2728,2729,2730,2731
240,2732,2733,2734,2735,2736,2737,2738,2739,2740,2741,2742,2743,2744,2745,2746,2747,2748,2749
241,2761
242,2781,2792
243,2816,2817,2818,2819,2820,2821,2822,2823,2824,2825,2826,2827,2828,2829,2830,2831,2832,2833,2834,2835,2836,2837,2838,2839,2840,2841,2842,2843,2844,2845,2846,2847,2848,2849,2850,2851,2852,2853
244,2855
245,2857
246,2858,2859
247,2863
248,2866,2874
249,2900
250,2909
251,2910,2920
252,2927,2946
253,2950,2967,2969
254,2980
255,2994,2995,2999
256,3002
257,3003
258,3004
259,3005,3006
260,3011
261,3015
262,3019,3023
263,3038,3044,3046,3050,3052,3053
264,3061,3062,3063,3064,3065,3066,3067,3068,3069,3070,3071,3072,3073,3074,3075,3076,3077,3078,3079,3080
265,3083
266,3084,3085,3086,3087,3088,3089,3090,3091,3092,3093,3094,3095,3096,3097,3098,3099
267,3100,3101,3102,3103,3104,3105,3106,3107,3108,3109,3110,3111,3112,3113,3114,3115,3116,3117,3118,3119,3120,3121,3122,3123,3124,3125
268,3126,3127,3128,3129,3130,3131,3132,3133,3134
269,3135,3136,3137,3138,3139,3140,3141,3142,3143,3144,3145,3146,3147,3148,3149,3150,3151,3152
270,3153,3154,3155,3156,3157,3158,3159,3160,3161
271,3162,3163,3164,3165,3166,3167,3168,3169,3170,3171,3172,3173,3174,3175,3176,3177,3178,3179
272,3180,3181,3182,3183,3184,3185,3186,3187,3188,3189,3190,3191,3192,3193,3194,3195,3196,3197,3198,3199,3200,3201,3202,3203,3204,3205,3206,3207,3208
273,3209,3210,3211,3212,3213,3214,3215,3216,3217
274,3218,3219,3220,3221,3222,3223,3224,3225,3226,3227,3228,3229,3230,3231,3232,3233,3234,3235
275,3236,3237,3238,3239,3240,3241,3242,3243,3244
276,3245,3246,3247,3248,3249,3250,3251,3252,3253,3254,3255,3256,3257,3258,3259,3260,3261,3262
277,3263,3264,3265,3266,3267,3268,3269,3270,3271,3272,3273,3274,3275,3276,3277,3278,3279,3280,3281,3282,3283,3284,3285,3286,3287,3288,3289,3290,3291
278,3294,3305
279,3329,3330,3331,3332,3333,3334,3335,3336,3337,3338,3339,3340,3341,3342,3343,3344,3345,3346,3347,3348,3349,3350,3351,3352,3353,3354,3355,3356,3357,3358,3359,3360,3361,3362,3363,3364,3365,3366
280,3367,3368,3369,3370,3371,3372,3373,3374,3375,3376,3377,3378,3379,3380,3381,3382,3383,3384,3385,3386,3387,3388,3389,3390
281,3391,3392,3393,3394,3395,3396,3397,3398,3399,3400,3401,3402,3403,3404,3405,3406,3407,3408,3409,3410,3411,3412,3413
282,3414,3415,3416,3417,3418,3419,3420,3421,3422,3423,3424,3425,3426,3427,3428,3429,3430,3431,3432,3433,3434,3435,3436
283,3438
284,3440
285,3441,3442
286,3443,3446
287,3449,3457
288,3483
289,3488
290,3489,3490
291,3491,3492,3493,3494,3495,3496,3497,3498,3499,3500,3501
292,3506
293,3507,3517
294,3524,3541
295,3566
296,3576
297,3578
298,3587,3594,3595,3599
299,3602
300,3603
301,3605
302,3607,3609
303,3616,3624,3628
304,3648
305,3655
306,3656,3657,3658,3659,3660,3661,3662,3663,3664,3665,3666,3667,3668,3669,3670,3671
307,3672,3673,3674,3675,3676,3677,3678,3679,3680,3681,3682,3683,3684,3685,3686,3687,3688,3689,3690,3691,3692,3693,3694,3695,3696,3697
308,3698,3699,3700,3701,3702,3703,3704,3705,3706
309,3707,3708,3709,3710,3711,3712,3713,3714,3715,3716,3717,3718,3719,3720,3721,3722,3723,3724
310,3725,3726,3727,3728,3729,3730,3731,3732,3733
311,3734,3735,3736,3737,3738,3739,3740,3741,3742,3743,3744,3745,3746,3747,3748,3749,3750,3751
312,3752,3753,3754,3755,3756,3757,3758,3759,3760,3761,3762,3763,3764,3765,3766,3767,3768,3769,3770,3771,3772,3773,3774,3775,3776,3777,3778,3779,3780
313,3781,3782,3783,3784,3785,3786,3787,3788,3789
314,3790,3791,3792,3793,3794,3795,3796,3797,3798,3799,3800,3801,3802,3803,3804,3805,3806,3807
315,3808,3809,3810,3811,3812,3813,3814,3815,3816
316,3817,3818,3819,3820,3821,3822,3823,3824,3825,3826,3827,3828,3829,3830,3831,3832,3833,3834
317,3835,3836,3837,3838,3839,3840,3841,3842,3843,3844,3845,3846,3847,3848,3849,3850,3851,3852,3853,3854,3855,3856,3857,3858,3859,3860,3861,3862,3863
318,3866,3877
319,3901,3902,3903,3904,3905,3906,3907,3908,3909,3910,3911,3912,3913,3914,3915,3916,3917,3918,3919,3920,3921,3922,3923,3924,3925,3926,3927,3928,3929,3930,3931,3932,3933,3934,3935,3936,3937,3938
320,3940
321,3942
322,3943,3944
323,3945
324,3951,3959
325,3985
326,3994
327,3995,4005
328,4012,4029
329,4052,4054
330,4065
331,4074,4081,4082,4086
332,4089
333,4090
334,4092
335,4096
336,4103,4111,4112,4115
337,4135
338,4142
339,4143,4144,4145,4146,4147,4148,4149,4150,4151,4152,4153,4154,4155,4156,4157,4158
340,4159,4160,4161,4162,4163,4164,4165,4166,4167,4168,4169,4170,4171,4172,4173,4174,4175,4176,4177,4178,4179,4180,4181,4182,4183,4184
341,4185,4186,4187,4188,4189,4190,4191,4192,4193
342,4194,4195,4196,4197,4198,4199,4200,4201,4202,4203,4204,4205,4206,4207,4208,4209,4210,4211
343,4212,4213,4214,4215,4216,4217,4218,4219,4220
344,4221,4222,4223,4224,4225,4226,4227,4228,4229,4230,4231,4232,4233,4234,4235,4236,4237,4238
345,4239,4240,4241,4242,4243,4244,4245,4246,4247,4248,4249,4250,4251,4252,4253,4254,4255,4256,4257,4258,4259,4260,4261,4262,4263,4264,4265,4266,4267
346,4268,4269,4270,4271,4272,4273,4274,4275,4276
347,4277,4278,4279,4280,4281,4282,4283,4284,4285,4286,4287,4288,4289,4290,4291,4292,4293,4294
348,4295,4296,4297,4298,4299,4300,4301,4302,4303
349,4304,4305,4306,4307,4308,4309,4310,4311,4312,4313,4314,4315,4316,4317,4318,4319,4320,4321
350,4322,4323,4324,4325,4326,4327,4328,4329,4330,4331,4332,4333,4334,4335,4336,4337,4338,4339,4340,4341,4342,4343,4344,4345,4346,4347,4348,4349,4350
351,4353,4364
352,4388,4389,4390,4391,4392,4393,4394,4395,4396,4397,4398,4399,4400,4401,4402,4403,4404,4405,4406,4407,4408,4409,4410,4411,4412,4413,4414,4415,4416,4417,4418,4419,4420,4421,4422,4423,4424,4425
353,4426,4427,4428
354,4429
355,4430,4431
356,4432
357,4438,4446
358,4472
359,4481
360,4482,4492
361,4499,4516
362,4539,4541
363,4552
364,4561,4568,4569,4573
365,4576
366,4579
367,4581
368,4589
369,4594,4604,4606
370,4616,4617,4618,4619,4620,4621,4622,4623,4624,4625,4626,4627,4628,4629,4630,4631,4632,4633,4634,4635
371,4638
372,4639,4640,4641,4642,4643,4644,4645,4646,4647,4648,4649,4650,4651,4652,4653,4654
373,4655,4656,4657,4658,4659,4660,4661,4662,4663,4664,4665,4666,4667,4668,4669,4670,4671,4672,4673,4674,4675,4676,4677,4678,4679,4680
374,4681,4682,4683,4684,4685,4686,4687,4688,4689
375,4690,4691,4692,4693,4694,4695,4696,4697,4698,4699,4700,4701,4702,4703,4704,4705,4706,4707
376,4708,4709,4710,4711,4712,4713,4714,4715,4716
377,4717,4718,4719,4720,4721,4722,4723,4724,4725,4726,4727,4728,4729,4730,4731,4732,4733,4734
378,4735,4736,4737,4738,4739,4740,4741,4742,4743,4744,4745,4746,4747,4748,4749,4750,4751,4752,4753,4754,4755,4756,4757,4758,4759,4760,4761,4762,4763
379,4764,4765,4766,4767,4768,4769,4770,4771,4772
380,4773,4774,4775,4776,4777,4778,4779,4780,4781,4782,4783,4784,4785,4786,4787,4788,4789,4790
381,4791,4792,4793,4794,4795,4796,4797,4798,4799
382,4800,4801,4802,4803,4804,4805,4806,4807,4808,4809,4810,4811,4812,4813,4814,4815,4816,4817
383,4818,4819,4820,4821,4822,4823,4824,4825,4826,4827,4828,4829,4830,4831,4832,4833,4834,4835,4836,4837,4838,4839,4840,4841,4842,4843,4844,4845,4846
384,4849,4860
385,4884,4885,4886,4887,4888,4889,4890,4891,4892,4893,4894,4895,4896,4897,4898,4899,4900,4901,4902,4903,4904,4905,4906,4907,4908,4909,4910,4911,4912,4913,4914,4915,4916,4917,4918,4919,4920,4921
386,4923
387,4925
388,4926,4927
389,4928
390,4934,4942
391,4968
392,4977
393,4978,4988
394,4995,5012
395,5035,5037
396,5048
397,5057,5064,5065,5069
398,5072
399,5073
400,5074
401,5075,5076
402,5081
403,5085
404,5089,5093
405,5104,5114,5116,5120,5122,5123
406,5131,5132,5133,5134,5135,5136,5137,5138,5139,5140,5141,5142,5143,5144,5145,5146,5147,5148,5149,5150
407,5153
408,5154,5155,5156,5157,5158,5159,5160,5161,5162,5163,5164,5165,5166,5167,5168,5169
409,5170,5171,5172,5173,5174,5175,5176,5177,5178,5179,5180,5181,5182,5183,5184,5185,5186,5187,5188,5189,5190,5191,5192,5193,5194,5195
410,5196,5197,5198,5199,5200,5201,5202,5203,5204
411,5205,5206,5207,5208,5209,5210,5211,5212,5213,5214,5215,5216,5217,5218,5219,5220,5221,5222
412,5223,5224,5225,5226,5227,5228,5229,5230,5231
413,5232,5233,5234,5235,5236,5237,5238,5239,5240,5241,5242,5243,5244,5245,5246,5247,5248,5249
414,5250,5251,5252,5253,5254,5255,5256,5257,5258,5259,5260,5261,5262,5263,5264,5265,5266,5267,5268,5269,5270,5271,5272,5273,5274,5275,5276,5277,5278
415,5279,5280,5281,5282,5283,5284,5285,5286,5287
416,5288,5289,5290,5291,5292,5293,5294,5295,5296,5297,5298,5299,5300,5301,5302,5303,5304,5305
417,5306,5307,5308,5309,5310,5311,5312,5313,5314
418,5315,5316,5317,5318,5319,5320,5321,5322,5323,5324,5325,5326,5327,5328,5329,5330,5331,5332
419,5333,5334,5335,5336,5337,5338,5339,5340,5341,5342,5343,5344,5345,5346,5347,5348,5349,5350,5351,5352,5353,5354,5355,5356,5357,5358,5359,5360,5361
420,5364,5375
421,5399,5400,5401,5402,5403,5404,5405,5406,5407,5408,5409,5410,5411,5412,5413,5414,5415,5416,5417,5418,5419,5420,5421,5422,5423,5424,5425,5426,5427,5428,5429,5430,5431,5432,5433,5434,5435,5436
422,5437,5438,5439,5440,5441,5442,5443,5444,5445,5446,5447,5448,5449,5450,5451,5452,5453,5454,5455,5456,5457,5458,5459,5460
423,5461,5462,5463,5464,5465,5466,5467,5468,5469,5470,5471,5472,5473,5474,5475,5476,5477,5478,5479,5480,5481,5482,5483
424,5484,5485,5486,5487,5488,5489,5490,5491,5492,5493,5494,5495,5496,5497,5498,5499,5500,5501,5502,5503,5504,5505,5506
425,5507,5508,5509,5510,5511,5512,5513,5514,5515,5516,5517,5518,5519,5520,5521,5522,5523,5524,5525,5526,5527,5528
426,5529,5530,5531,5532,5533,5534,5535,5536,5537,5538,5539,5540,5541,5542,5543,5544,5545,5546,5547,5548,5549,5550,5551,5552,5553,5554,5555,5556
427,5557,5558,5559,5560,5561,5562,5563,5564,5565,5566,5567,5568,5569,5570,5571,5572,5573,5574,5575,5576,5577,5578,5579,5580
428,5581,5582,5583,5584,5585,5586,5587,5588,5589,5590,5591,5592,5593,5594,5595,5596,5597,5598,5599,5600,5601,5602,5603
429,5604,5605,5606,5607,5608,5609,5610,5611,5612,5613,5614,5615,5616,5617,5618,5619,5620,5621,5622,5623,5624,5625,5626,5627,5628,5629,5630
430,5631,5632,5633,5634,5635,5636,5637,5638,5639,5640,5641,5642,5643,5644,5645,5646,5647,5648,5649,5650,5651,5652,5653,5654,5655,5656,5657,5658
431,5674,5682
432,5699,5710,5722
433,5732,5734,5736,5752
434,5758,5759,5760,5761,5762,5763,5764,5765,5766,5767,5768,5769,5770,5771,5772,5773,5774,5775,5776,5777,5778,5779
435,5780,5781,5782,5783,5784,5785,5786,5787,5788,5789,5790,5791,5792,5793,5794,5795,5796,5797,5798,5799,5800,5801,5802,5803,5804,5805,5806,5807
436,5822,5826
437,5849
438,5855,5856,5857,5858,5859,5860,5861,5862,5863,5864,5865,5866,5867,5868,5869,5870,5871,5872,5873,5874,5875,5876,5877,5878,5879,5880,5881
439,5882,5883,5884,5885,5886,5887,5888,5889,5890,5891,5892,5893,5894,5895,5896,5897,5898,5899,5900,5901,5902,5903,5904,5905,5906,5907,5908,5909
440,5925
441,5950,5953,5961
442,5983,5985,5987,5991,5999,6003
443,6014,6018,6021,6025,6028
444,6031
445,6033
446,6036
447,6040
448,6041,6042,6043,6044,6045,6046,6047,6048,6049,6050,6051,6052,6053,6054,6055,6056,6057,6058,6059,6060,6061
449,6062,6063,6064,6065,6066,6067,6068,6069,6070,6071,6072,6073,6074,6075,6076,6077
450,6078,6093,6098
451,6104,6119,6124
452,6130,6134,6135
453,6190,6191,6192,6193,6194,6195,6196,6197,6198,6199,6200,6201,6202,6203,6204,6205,6206,6207,6208,6209,6210
454,6211,6212,6213,6214,6215,6216,6217,6218,6219,6220,6221,6222,6223,6224,6225,6226,6227,6228,6229,6230,6231,6232,6233,6234,6235,6236,6237,6238,6239,6240,6241,6242,6243,6244,6245,6246,6247,6248,6249,6250,6251,6252,6253,6254,6255
455,6287,6289
456,6297,6298,6299,6300,6301,6302,6303,6304,6305,6306,6307,6308,6309,6310,6311,6312
457,6313
458,6339
459,6365,6369,6370
460,6438,6468,6472
461,6483,6484,6485,6486,6487,6488,6489,6490,6491,6492,6493,6494,6495,6496,6497,6498,6499,6500
462,6501,6502,6503,6504,6505,6506,6507,6508,6509,6510,6511,6512,6513,6514,6515,6516,6517,6518,6519,6520,6521,6522
463,6526,6527,6528,6534,6559
464,6564
465,6567
466,6570
467,6579
468,6587,6589
469,6592,6593,6594,6595,6596,6597,6598,6599,6600,6601,6602,6603,6604,6605,6606,6607
470,6608,6609,6610,6611,6612,6613,6614,6615,6616,6617,6618,6619,6620,6621,6622,6623,6624,6625,6626,6627,6628,6629,6630,6631,6632
471,6633,6634,6635,6636,6637,6638,6639,6640,6641,6642,6643,6644,6645,6646,6647,6648,6649,6650,6651,6652,6653,6654,6655
472,6671,6673
473,6679,6680,6681,6682,6683,6684,6685,6686,6687
474,6712
475,6730
476,6741,6751,6753,6758
477,6759,6760,6761,6762,6763,6764,6765,6766,6767
478,6768,6769,6770,6771,6772,6773,6774,6775,6776,6777,6778,6779,6780,6781,6782,6783,6784,6785,6786,6787,6788,6789
479,6790,6791,6792,6793,6794,6795,6796,6797,6798,6799,6800,6801,6802,6803,6804,6805,6806,6807
480,6808,6809,6810,6811,6812,6813,6814,6815,6816,6817,6818,6819,6820,6821,6822,6823
481,6824,6836,6838
482,6854,6855,6856,6857,6858,6859,6860,6861,6862,6863,6864,6865
483,6866,6867,6868,6869,6870,6871,6872,6873,6874,6875,6876,6877,6878,6879,6880,6881,6882,6883,6884,6885
484,6886,6887,6888,6889,6890,6891,6892,6893,6894,6895,6896,6897,6898,6899,6900,6901,6902,6903,6904,6905,6906,6907,6908,6909,6910,6911,6912,6913,6914,6915,6916,6917,6918,6919
485,6920,6921,6922,6923,6924,6925,6926,6927,6928,6929,6930,6931,6932
486,6933
487,6951,6952
488,6976
489,6979
490,6985,6989,6990,6991,6992
491,7002
492,7003,7004,7005,7006,7007,7008,7009,7010,7011,7012,7013,7014,7015,7016,7017,7018,7019,7020,7021,7022,7023,7024,7025,7026,7027,7028,7029,7030,7031
493,7032,7033,7034
494,7045
495,7080
496,7089,7091
497,7092
498,7116,7117,7118,7119,7120,7121,7122,7123,7124,7125,7126,7127,7128,7129,7130,7131,7132,7133,7134,7135,7136,7137,7138,7139,7140,7141,7142
499,7143
500,7147
501,7148
502,7150
503,7156,7158,7159,7160,7163
504,7177
505,7186
506,7187
507,7189
508,7193
509,7196,7201,7202
510,7204
511,7208
512,7211,7216,7217
513,7221
514,7224,7229,7230
515,7234
516,7242,7243
517,7244
518,7247
519,7254
520,7266,7267
521,7272
522,7279
523,7291,7292
524,7300
525,7312,7313
526,7321
527,7333,7334
528,7342
529,7351,7352
530,7367
531,7383,7384,7387
532,7399,7400,7403,7408
533,7415,7416,7419
534,7431,7432,7435,7440
535,7447,7448,7449,7450,7451,7452,7453,7454
536,7455,7456,7457,7458,7459,7460,7461
537,7462,7463,7464,7465,7466,7467,7468
538,7469,7470,7471,7472,7473,7474,7475
539,7476,7477,7478,7479,7480,7481,7482
540,7490,7491
541,7501,7502
542,7505,7506,7507,7508,7509,7510,7511,7512,7513,7514,7515
543,7523,7524
544,7527
545,7541,7542
546,7557,7558,7561
547,7573,7574,7577,7582
548,7589,7590,7593,7598
549,7605,7606,7609,7614
550,7621,7622,7625,7630
551,7637,7638,7639,7640,7641,7642,7643,7644
552,7645,7646,7647,7648,7649,7650,7651,7652,7653,7654,7655,7656,7657,7658,7659,7660,7661
553,7670
554,7685,7686,7687
555,7714,7727,7729
556,7753
557,7763
558,7764
559,7768
560,7775,7776,7778
561,7781,7782,7783,7784,7785,7786,7787,7788,7789,7790,7791,7792,7793,7794,7795,7796,7797,7798,7799,7800
562,7801,7802,7803,7804,7805,7806,7807,7808,7809,7810,7811,7812,7813,7814,7815,7816,7817,7818,7819
563,7820,7821,7822,7823,7824,7825,7826,7827,7828,7829,7830,7831,7832,7833,7834,7835,7836,7837,7838
564,7839,7840,7841,7842,7843,7844,7845,7846,7847,7848,7849,7850,7851,7852,7853,7854,7855,7856,7857,7858,7859,7860,7861,7862,7863,7864,7865,7866,7867,7868,7869,7870,7871,7872,7873,7874,7875,7876,7877,7878,7879
565,7880,7881,7882,7883,7884,7885,7886,7887,7888,7889,7890,7891,7892,7893,7894,7895,7896,7897,7898,7899,7900,7901,7902,7903,7904,7905,7906,7907
566,7908,7909,7910,7911,7912,7913,7914,7915,7916,7917,7918,7919,7920,7921,7922,7923,7924,7925,7926,7927,7928,7929,7930,7931,7932,7933,7934,7935
567,7936,7937,7938,7939,7940,7941,7942,7943,7944,7945,7946,7947,7948,7949,7950,7951,7952,7953,7954,7955,7956,7957,7958,7959,7960,7961,7962,7963,7964,7965,7966,7967,7968,7969,7970,7971,7972,7973,7974,7975,7976
568,7980,7986,7987,7990
569,8014
570,8015,8017,8022,8024
571,8027,8032
572,8038,8039
573,8045,8046
574,8052,8053
575,8059,8060
576,8061,8068,8069
577,8079,8080
578,8090
579,8101,8102
580,8105,8106,8107,8108,8109,8110,8111,8112,8113,8114,8115,8116,8117,8118
581,8119,8120
582,8135,8136,8137,8138,8139,8140,8141,8142,8143,8144,8145,8146,8147,8148,8149,8150
583,8151,8152,8155
584,8167,8168,8171,8176
585,8183,8184,8187,8192
586,8199,8200,8203,8208
587,8215,8216,8217,8218,8219,8220,8221,8222
588,8228,8229
589,8235,8236
590,8242,8243
591,8244,8249,8250
592,8251,8258,8259
593,8269
594,8280,8281
595,8284
596,8298,8299
597,8314,8315,8316,8317,8318,8319,8320,8321,8322,8323,8324,8325,8326,8327,8328,8329
598,8330
599,8346,8347,8350,8355
600,8362,8363,8366,8371
601,8378,8379,8382,8387
602,8394,8395,8396,8397,8398,8399,8400,8401
603,8402,8403,8404,8405,8406,8407,8408,8409,8410,8411,8412,8413,8414,8415,8416,8417,8418
604,8427
605,8438,8439,8440,8441,8442,8443,8444,8445,8446,8447,8448,8449,8450,8451,8452,8453
606,8454,8469,8474
607,8480,8495,8500
608,8506,8510,8511
609,8567,8568,8570,8571
610,8592,8596,8603,8608,8610,8616,8617
611,8626,8630
612,8650
613,8658,8659,8660,8661,8662,8663,8664,8665,8666,8667,8668,8669,8670,8671,8672,8673,8674,8675,8676,8677,8678,8679,8680,8681,8682,8683,8684,8685,8686,8687,8688,8689,8690,8691,8692,8693,8694,8695,8696,8697,8698,8699,8700,8701
614,8702,8703,8704,8705,8706,8707,8708,8709,8710,8711,8712,8713,8714,8715,8716,8717,8718,8719,8720,8721,8722,8723,8724,8725,8726,8727,8728,8729,8730,8731,8732,8733,8734,8735,8736,8737,8738,8739,8740,8741,8742,8743,8744,8745
615,8747,8760,8761,8808,8811,8828,8830,8831,8833,8834
616,8835,8836,8837,8838,8839,8840,8841,8842,8843,8844,8845,8846,8847,8848,8849,8850,8851,8852,8853,8854,8855,8856,8857,8858,8859,8860,8861,8862,8863,8864,8865,8866,8867,8868,8869,8870,8871,8872,8873,8874
617,8875,8876,8877,8878,8879,8880,8881,8882,8883,8884,8885,8886,8887,8888,8889,8890,8891,8892,8893,8894,8895,8896,8897,8898,8899,8900,8901,8902,8903,8904,8905,8906,8907,8908,8909,8910,8911,8912,8913,8914
618,8936,8938
619,8995,8996,8997,8998,8999,9000,9001,9002,9003,9004,9005,9006,9007,9008,9009,9010,9011,9012,9013,9014,9015,9016,9017,9018,9019,9020,9021,9022,9023,9024,9025,9026,9027,9028,9029,9030,9031
620,9032,9033,9034,9035,9036,9037,9038,9039,9040,9041,9042,9043,9044,9045,9046,9047,9048,9049,9050,9051,9052,9053,9054,9055,9056,9057,9058,9059,9060,9061,9062,9063,9064,9065,9066,9067,9068
621,9069,9070,9071,9072,9073,9074,9075,9076,9077,9078,9079,9080,9081,9082,9083,9084,9085,9086,9087,9088,9089,9090,9091,9092,9093,9094,9095,9096,9097,9098,9099,9100,9101,9102,9103,9104,9105,9106,9107,9108,9109,9110,9111,9112
622,9122
623,9150,9151,9152,9153,9154,9155,9156,9157,9158,9159,9160,9161,9162,9163,9164,9165
624,9166,9181,9186
625,9192,9207,9212
626,9218,9222,9223
627,9278,9279,9280,9281,9282,9283,9284,9285,9286,9287,9288,9289,9290,9291,9292,9293
628,9294,9295,9296,9297,9298,9299,9300,9301,9302,9303,9304,9305,9306,9307,9308,9309,9310,9311,9312,9313,9314,9315,9316,9317,9318,9319
629,9320,9321,9322,9323,9324,9325,9326,9327,9328,9329,9330,9331,9332,9333,9334,9335,9336,9337,9338,9339,9340,9341,9342,9343,9344,9345
630,9346,9347,9348,9349,9350,9351,9352,9353,9354,9355,9356,9357,9358,9359,9360,9361,9362,9363,9364,9365,9366,9367,9368,9369,9370,9371,9372,9373,9374,9375,9376,9377,9378,9379,9380,9381,9382,9383,9384,9385,9386,9387,9388,9389,9390,9391,9392,9393,9394,9395,9396,9397,9398,9399,9400,9401,9402,9403,9404,9405
631,9409,9416
632,9450,9452,9453,9471,9485
633,9494,9496,9497,9524,9526,9534,9535
634,9561
635,9566,9582,9584
636,9597,9613,9615
637,9625,9634,9650,9652,9680,9681,9682,9683
638,9688,9689,9690,9691,9692,9693,9694,9695,9696,9697,9698,9699,9700,9701,9702,9703,9704,9705,9706
639,9707,9708,9709,9710,9711,9712,9713,9714,9715,9716,9717,9718,9719,9720,9721,9722,9723,9724,9725,9726,9727
640,9728,9738,9740,9744
641,9763,9793,9797
642,9809,9811,9812,9854,9856
643,9876,9878
644,9886,9887,9888,9889,9890,9891,9892,9893,9894,9895,9896,9897,9898,9899,9900,9901,9902,9903,9904,9905,9906
645,9907,9919,9920,9926,9929
646,9948
647,9962,9963,9964,9965,9966,9967,9968,9969,9970,9971,9972,9973,9974,9975,9976,9977,9978,9979,9980,9981,9982
648,9995,9997,10001
649,10039,10051
650,10054,10055,10060,10067,10078
651,10083,10094,10098
652,10110,10121,10124,10125
653,10133,10144,10147,10148
654,10151,10155,10160,10162,10166,10167,10170,10181,10182,10183,10184
655,10201,10202,10203,10204,10205,10206,10207,10208,10209,10210,10211,10212,10213,10214,10215,10216,10217,10218,10219,10220,10221,10222,10223,10224,10225,10226,10227,10228,10229,10230,10231,10232,10233,10234,10235
656,10236,10237,10238,10239,10240,10241,10242,10243,10244,10245,10246,10247,10248,10249,10250,10251,10252,10253,10254,10255,10256,10257,10258,10259,10260,10261,10262,10263,10264,10265,10266,10267,10268,10269,10270
657,10292,10293,10294,10296,10320,10321,10323,10324,10327,10336,10339
658,10348
659,10353,10354,10355,10357,10358,10359,10360,10362,10367,10368,10369,10378
660,10399
661,10404
662,10408
663,10409,10413
664,10421,10422,10423,10424,10425,10426,10427,10428,10429,10430,10431,10432,10433
665,10436
666,10448,10450
667,10451,10452,10453,10454,10455,10456,10457,10458,10459,10460,10461,10462,10463,10464,10465,10466,10467,10468,10469,10470,10471
668,10472,10473,10474,10476,10478,10480,10487,10490,10492,10494,10500,10502,10503
669,10513
670,10553
671,10570
672,10591,10592,10593,10594,10595,10596,10597,10598,10599,10600,10601,10602,10603,10604,10605,10606,10607,10608,10609,10610,10611,10612,10613,10614,10615,10616,10617,10618,10619,10620,10621,10622,10623,10624,10625,10626,10627
673,10628,10629,10630,10631,10632,10633,10634,10635,10636,10637,10638,10639,10640,10641,10642,10643,10644,10645,10646,10647,10648,10649,10650,10651,10652,10653
674,10659,10660
675,10666,10667
676,10673,10674
677,10675,10680,10681
678,10682,10689,10690
679,10693,10700,10701
680,10711,10712
681,10722,10723
682,10726,10727,10728,10729,10730,10731,10732,10733,10734,10735,10736,10737,10738,10739
683,10740,10741
684,10756,10757,10758,10759,10760,10761,10762,10763,10764,10765,10766,10767,10768,10769,10770,10771
685,10772
686,10788,10789,10792,10797
687,10804,10805,10808,10813
688,10820,10821,10824,10829
689,10836,10837,10838,10839,10840,10841,10842,10843
690,10844,10845,10846,10847,10848,10849,10850
691,10856,10857
692,10863,10864
693,10870,10871
694,10872,10879,10880
695,10890,10891
696,10894,10895,10896,10897,10898,10899,10900,10901,10902,10903,10904
697,10912,10913
698,10916,10917,10918,10919,10920,10921,10922,10923,10924,10925,10926,10927,10928,10929
699,10930,10931
700,10946,10947,10948,10949,10950,10951,10952,10953,10954,10955,10956,10957,10958,10959,10960,10961
701,10962,10963,10966
702,10978,10979,10982,10987
703,10994,10995,10998,11003
704,11010,11011,11014,11019
705,11026,11027,11028,11029,11030,11031,11032,11033
706,11034,11035,11036,11037,11038,11039,11040,11041,11042,11043,11044,11045,11046,11047,11048,11049,11050
707,11059
708,11070,11071,11072,11073,11074,11075,11076,11077,11078,11079,11080,11081,11082,11083,11084,11085
709,11101,11104,11106
710,11127,11130,11132
711,11138,11142,11143,11163
712,11215
713,11227,11228,11229,11230,11231,11232,11233,11234,11235,11236,11237,11238,11239,11240,11241,11242,11243,11244,11245,11246,11247,11248,11249,11250,11251,11252,11253
714,11254,11255,11256,11257,11258,11259,11260,11261,11262,11263,11264,11265,11266,11267,11268,11269,11270,11271,11272,11273,11274,11275,11276,11277,11278,11279
715,11280,11281,11282,11283,11284,11285,11286,11287,11288,11289,11290,11291,11292,11293,11294,11295,11296,11297,11298,11299
716,11300,11301,11302,11303,11304,11305,11306,11307,11308,11309,11310,11311,11312,11313,11314,11315
717,11316,11331,11336
718,11342,11357,11362
719,11368,11372,11373
720,11428,11429,11430,11431,11432,11433,11434,11435,11436,11437,11438,11439,11440,11441,11442,11443,11444,11445,11446,11447,11448,11449,11450,11451,11452,11453,11454,11455,11456,11457,11458,11459,11460,11461,11462,11463,11464,11465,11466,11467,11468,11469,11470,11471,11472,11473,11474,11475,11476,11477
721,11478,11479,11480,11481,11482,11483,11484,11485,11486,11487,11488,11489,11490,11491,11492
722,11506,11536,11540
723,11551,11558,11564
724,11586,11587,11588,11589,11590,11591,11592,11593,11594,11595,11596,11597,11598,11599,11600,11601,11602,11603,11604,11605,11606
725,11611,11612
726,11652,11657,11683,11685
727,11694,11695,11700,11705,11706,11709,11718
728,11725,11726,11732,11747,11749,11757
729,11762,11763,11769,11784,11786,11794
730,11798,11802,11808,11809,11813,11814,11815,11819,11821,11822,11827,11828,11829,11842,11843,11844,11845,11850,11853,11854,11855,11856,11857,11866,11867,11868,11869,11870,11871,11872
731,11888,11890,11894,11895,11901
732,11927,11929,11933,11934,11940
733,11962,11985,11991,11992,11995,11996,12007,12008,12009,12010,12015,12017,12018
734,12030,12031,12032,12033,12034,12035,12036,12037,12038,12039,12040,12041,12042,12043,12044,12045,12046,12047,12048,12049,12050,12051,12052,12053,12054,12055,12056,12057,12058,12059,12060,12061,12062,12063,12064,12065,12066
735,12114
736,12125,12126,12127,12128,12129,12130,12131,12132,12133,12134,12135,12136,12137,12138,12139,12140,12141,12142,12143
737,12144,12145,12146,12147,12148,12149,12150,12151,12152,12153,12154,12155,12156,12157,12158,12159,12160,12161,12162,12163,12164,12165,12166,12167,12168,12169,12170,12171,12172,12173,12174,12175,12176,12177,12178,12179,12180,12181,12182,12183,12184,12185,12186,12187,12188
738,12189,12190,12191,12192,12193,12194,12195,12196,12197,12198,12199,12200,12201,12202,12203,12204,12205,12206,12207,12208,12209,12210,12211,12212,12213,12214,12215,12216,12217,12218,12219,12220,12221,12222,12223,12224,12225,12226,12227,12228,12229,12230,12231,12232,12233
739,12239,12240,12253,12255,12318,12321,12323
740,12340,12342
741,12384,12386
742,12431,12433,12461,12462,12485,12488,12493,12494,12495,12496,12497,12498,12499
743,12509
744,12549
745,12581,12587,12589,12613,12615,12630,12632,12633,12638,12639,12640,12641
746,12689
747,12729
748,12762,12764,12776
749,12821,12822,12823,12824,12825,12826,12827,12828,12829,12830,12831,12832,12833,12834,12835,12836,12837,12838,12839,12840,12841,12842,12843,12844,12845,12846,12847,12848,12849,12850,12851,12852,12853,12854,12855,12856,12857,12858,12859,12860,12861,12862,12863,12864,12865,12866,12867,12868,12869,12870,12871,12872,12873,12874,12875,12876,12877,12878,12879,12880,12881,12882,12883,12884,12885,12886,12887,12888,12889,12890,12891,12892,12893,12894,12895,12896,12897
750,12899,12923,12932,12936,12953,12955
751,12957,12958,12959,12960,12961,12962,12963,12964,12965,12966,12967,12968,12969,12970,12971,12972,12973,12974,12975,12976,12977,12978,12979,12980,12981,12982,12983,12984,12985,12986,12987,12988,12989,12990,12991,12992,12993,12994,12995
752,13017,13036,13054,13070
753,13077,13078,13079,13080,13081,13082,13083,13084,13085,13086,13087,13088,13089,13090,13091,13092,13093,13094,13095,13096,13097,13098,13099,13100,13101,13102,13103,13104,13105,13106,13107
754,13108,13109,13110,13111,13112,13113,13114,13115,13116,13117,13118,13119,13120,13121,13122,13123,13124,13125,13126,13127,13128,13129,13130,13131,13132,13133,13134,13135,13136,13137,13138
755,13146
756,13174
757,13175,13176,13177,13178,13179,13180,13181,13182,13183,13184,13185,13186,13187,13188,13189,13190,13191,13192,13193,13194,13195,13196,13197,13198,13199,13200,13201,13202,13203
758,13204
759,13205,13206,13207,13208,13209,13210,13211
760,13212,13213,13214,13215,13216,13217
761,13218,13219,13220,13221,13222
762,13223,13224,13225,13226
763,13227,13228,13229,13230,13231,13232,13233,13234,13235,13236,13237,13238,13239,13240,13241,13242,13243,13244,13245,13246,13247,13248,13249,13250,13251,13252
764,13253,13254,13255,13256,13257,13258,13259,13260,13261,13262,13263,13264,13265,13266,13267,13268,13269,13270,13271
765,13278
766,13282
767,13306,13307,13308,13309,13310,13311,13312,13313,13314,13315,13316,13317,13318,13319,13320,13321,13322,13323,13324,13325,13326,13327,13328,13329,13330,13331,13332
768,13333,13334,13335,13336,13337,13338,13339,13340,13341,13342,13343,13344,13345,13346,13347,13348,13349,13350,13351,13352,13353
769,13359,13360
770,13361,13366,13367
771,13368,13373,13374
772,13375,13380,13381
773,13382,13389,13390
774,13400,13401
775,13411,13412
776,13415
777,13429,13430,13431,13432,13433,13434,13435,13436,13437,13438,13439,13440,13441,13442,13443,13444
778,13445,13446,13447,13448,13449,13450,13451,13452,13453,13454,13455,13456,13457,13458,13459,13460
779,13461,13462,13463,13464,13465,13466,13467,13468,13469,13470,13471,13472,13473,13474,13475,13476
780,13477,13478
781,13493,13494,13497,13502
782,13509,13510,13513,13518
783,13525,13526,13527,13528,13529,13530,13531,13532
784,13533,13534,13535,13536,13537,13538,13539
785,13540,13541,13542,13543,13544,13545,13546
786,13547,13548,13549,13550,13551,13552,13553
787,13559,13560
788,13568,13569
789,13579,13580
790,13583,13584,13585,13586,13587,13588,13589,13590,13591,13592,13593
791,13601,13602
792,13605
793,13619,13620
794,13635,13636,13639
795,13651,13652,13655,13660
796,13667,13668,13671,13676
797,13683,13684,13687,13692
798,13699,13700,13703,13708
799,13715,13716,13717,13718,13719,13720,13721,13722
800,13723,13724,13725,13726,13727,13728,13729,13730,13731,13732,13733,13734,13735,13736,13737,13738,13739
801,13748
802,13763,13764
803,13792,13805,13807
804,13831
805,13841,13842,13843,13844,13845,13846,13847,13848,13849,13850,13851,13852,13853,13854,13855,13856,13857,13858,13859,13860
806,13861,13862,13863,13864,13865,13866,13867,13868,13869,13870,13871,13872,13873,13874,13875,13876,13877,13878,13879,13880,13881,13882,13883,13884,13885,13886,13887,13888,13889,13890,13891,13892,13893,13894,13895,13896,13897,13898
807,13899,13900,13901,13902,13903,13904,13905,13906,13907,13908,13909,13910,13911,13912,13913,13914,13915,13916,13917,13918,13919,13920,13921,13922,13923,13924,13925,13926,13927,13928,13929,13930,13931,13932,13933,13934,13935,13936,13937,13938,13939,13940,13941,13942,13943,13944,13945,13946,13947,13948,13949,13950,13951,13952,13953,13954,13955,13956,13957
808,13958,13959,13960,13961,13962,13963,13964,13965,13966,13967,13968,13969,13970,13971,13972,13973,13974,13975,13976,13977,13978,13979,13980,13981,13982,13983,13984,13985,13986,13987,13988,13989,13990,13991,13992,13993,13994,13995,13996,13997,13998,13999,14000,14001,14002,14003,14004,14005,14006,14007,14008,14009,14010,14011,14012,14013,14014,14015,14016
809,14060,14101
810,14139,14140,14141,14142,14143,14144,14145,14146,14147,14148,14149,14150,14151,14152,14153,14154,14155,14156,14157,14158,14159,14160,14161,14162,14163,14164,14165,14166,14167,14168,14169,14170,14171,14172,14173,14174,14175,14176,14177,14178,14179,14180,14181,14182,14183,14184,14185
811,14186,14187,14188,14189,14190,14191,14192,14193,14194,14195,14196,14197,14198,14199,14200,14201,14202,14203,14204,14205,14206,14207,14208,14209,14210,14211,14212,14213,14214,14215,14216,14217,14218,14219,14220,14221,14222,14223,14224,14225,14226
812,14227,14228,14229,14230,14231,14232,14233,14234,14235,14236,14237,14238,14239,14240,14241,14242,14243,14244,14245,14246,14247,14248,14249,14250,14251,14252,14253,14254,14255
813,14265
814,14272,14273,14305
815,14322,14334,14335
816,14343,14344,14345,14346,14347,14348,14349,14350,14351,14352,14353,14354,14355,14356,14357,14358,14359,14360,14361,14362,14363,14364,14365,14366,14367,14368,14369,14370,14371,14372,14373,14374,14375,14376,14377,14378,14379,14380,14381
817,14382,14383,14384,14385,14386,14387,14388,14389,14390,14391,14392,14393,14394,14395,14396,14397,14398,14399,14400,14401,14402,14403,14404,14405,14406,14407
818,14413,14414
819,14420,14421
820,14422,14427,14428
821,14429,14434,14435
822,14436,14443,14444
823,14454,14455
824,14465,14466
825,14469
826,14483,14484,14485,14486,14487,14488,14489,14490,14491,14492,14493,14494,14495,14496,14497,14498
827,14499,14500,14501,14502,14503,14504,14505,14506,14507,14508,14509,14510,14511,14512,14513,14514
828,14515,14524
829,14531,14532,14535,14540
830,14547,14548,14551,14556
831,14563,14564,14567,14572
832,14579,14580,14581,14582,14583,14584,14585,14586
833,14587,14588,14589,14590,14591,14592,14593
834,14594,14595,14596,14597,14598,14599,14600
835,14606,14607
836,14613,14614
837,14622,14623
838,14633,14634
839,14637,14638,14639,14640,14641,14642,14643,14644,14645,14646,14647
840,14648
841,14662,14663,14664,14665,14666,14667,14668,14669,14670,14671,14672,14673,14674,14675,14676,14677
842,14678,14679
843,14694,14695,14698,14703
844,14710,14711,14714,14719
845,14726,14727,14730,14735
846,14742,14743,14746,14751
847,14758,14759,14760,14761,14762,14763,14764,14765
848,14766,14767,14768,14769,14770,14771,14772,14773,14774,14775,14776,14777,14778,14779,14780,14781,14782
849,14791
850,14819
851,14831,14832,14833,14834,14835,14836,14837,14838,14839,14840,14841,14842,14843,14844,14845,14846,14847,14848,14849,14850,14851,14852,14853,14854,14855,14856,14857
852,14858,14859,14860,14861,14862,14863,14864,14865,14866,14867,14868,14869,14870,14871,14872,14873,14874,14875,14876,14877,14878,14879,14880,14881,14882,14883
853,14884,14885,14886,14887,14888,14889,14890,14891,14892,14893,14894,14895,14896,14897,14898,14899,14900,14901,14902,14903
854,14904,14905,14906,14907,14908,14909,14910,14911,14912,14913,14914,14915,14916,14917,14918,14919,14920,14921,14922,14923,14924,14925,14926,14927,14928,14929,14930,14931,14932,14933,14934,14935,14936,14937,14938,14939,14940
855,14956,14958
856,15013,15015
857,15119,15120,15154,15157
858,15165,15166,15167,15168,15169,15170,15171,15172,15173,15174,15175,15176,15177,15178,15179,15180,15181,15182,15183,15184,15185,15186,15187,15188,15189,15190,15191,15192,15193,15194,15195,15196,15197,15198,15199,15200,15201,15202,15203,15204
859,15205,15206,15207,15208,15209,15210,15211,15212,15213,15214,15215,15216,15217,15218,15219,15220,15221,15222,15223,15224,15225,15226,15227,15228,15229,15230,15231,15232,15233,15234,15235,15236,15237,15238,15239,15240,15241,15242,15243
860,15251
861,15275,15280
862,15281,15282,15283,15284,15285,15286,15287
863,15293
864,15300,15301
865,15307,15308
866,15316,15317
867,15327,15328
868,15331,15332,15333,15334,15335,15336,15337,15338,15339,15340,15341
869,15349,15350
870,15353,15354,15355,15356,15357,15358,15359,15360,15361,15362,15363,15364,15365,15366
871,15367,15368
872,15383,15384,15387
873,15399,15400,15403,15408
874,15415,15416,15419,15424
875,15431,15432,15435,15440
876,15447,15448,15451,15456
877,15463,15464,15465,15466,15467,15468,15469,15470
878,15476,15477
879,15478,15483,15484
880,15485,15490,15491
881,15492,15497,15498
882,15506,15507
883,15510
884,15524,15525,15526,15527,15528,15529,15530,15531,15532,15533,15534,15535,15536,15537,15538,15539
885,15540
886,15556,15557
887,15572,15573,15576
888,15588,15589,15592,15597
889,15604,15605,15608,15613
890,15620,15621,15622,15623,15624,15625,15626,15627
891,15628,15629,15630,15631,15632,15633,15634,15635,15636,15637,15638,15639,15640,15641,15642,15643,15644
892,15653
893,15665,15666,15668,15669
894,15694,15696,15698,15706,15708,15714,15715
895,15724,15726,15728
896,15748
897,15766
898,15805,15806,15824,15838
899,15845,15846,15847,15848,15849,15850,15851,15852,15853,15854,15855,15856,15857,15858
900,15872,15902,15906
901,15928,15930
902,15951,15952,15953,15954,15955,15956,15957,15958,15959,15960,15961,15962,15963,15964,15965,15966,15967,15968,15969,15970,15971,15972,15973,15974,15975,15976,15977,15978,15979,15980,15981,15982,15983,15984,15985,15986,15987,15988,15989,15990,15991,15992,15993,15994,15995
903,16027,16029
904,16039,16042,16044
905,16075,16091,16093,16100
906,16112,16128,16130,16137
907,16147,16164,16190,16191,16192,16193,16194,16197
908,16244
909,16283
910,16330,16331
911,16374,16375,16376,16377,16378,16379,16380,16381,16382,16383,16384,16385,16386,16387,16388,16389,16390,16391,16392,16393,16394,16395,16396,16397,16398,16399,16400,16401,16402,16403,16404,16405,16406,16407,16408,16409,16410
912,16411,16412,16413,16414,16415,16416,16417,16418,16419,16420,16421,16422,16423,16424
913,16425,16426,16427,16428,16429,16430,16431,16432,16433,16434,16435,16436,16437,16438,16439,16440,16441,16442,16443,16444,16445,16446,16447,16448,16449,16450,16451,16452,16453,16454,16455,16456,16457,16458,16459,16460,16461,16462,16463,16464,16465,16466,16467,16468
914,16469,16500,16502
915,16514,16515,16538,16540
916,16554,16555,16578,16580
917,16592,16593,16597,16603,16604,16605,16606,16607,16608,16610,16611,16613,16623,16625,16640,16642,16643,16664,16666,16667,16669,16670
918,16678,16686,16688,16692,16693,16699
919,16717,16725,16727,16731,16732,16738
920,16760,16783,16789,16790,16791,16792,16793,16794,16805,16806,16807,16808,16809,16812,16813,16815,16816
921,16828,16829,16830,16831,16832,16833,16834,16835,16836,16837
922,16839,16842
923,16859,16860,16863,16866,16867
924,16897,16936,16937,16940,16941
925,17002
926,17059
927,17085,17087,17089,17105,17109,17117,17170
928,17171,17172,17173,17174,17175,17176,17177,17178,17179,17180,17181,17182,17183,17184,17185,17186,17187,17188,17189,17190,17191,17192,17193,17194,17195,17196,17197,17198,17199,17200,17201,17202,17203,17204,17205,17206,17207,17208,17209,17210
929,17211,17212,17213,17214,17215,17216,17217,17218,17219,17220,17221,17222,17223,17224,17225,17226,17227,17228,17229,17230,17231,17232,17233,17234,17235,17236,17237,17238,17239,17240,17241,17242,17243,17244,17245,17246,17247,17248,17249
930,17257
931,17281
932,17287
933,17288
934,17289,17290,17291,17292
935,17293,17294,17295,17296,17297
936,17298,17299,17300,17301,17302,17303,17304
937,17305,17306,17307,17308,17309,17310,17311
938,17317
939,17324,17325
940,17333,17334
941,17344,17345
942,17348,17349,17350,17351,17352,17353,17354,17355,17356,17357,17358
943,17366,17367
944,17370
945,17384,17385
946,17400,17401,17404
947,17416,17417,17420,17425
948,17432,17433,17436,17441
949,17448,17449,17452,17457
950,17464,17465,17468,17473
951,17481,17484,17488
952,17492,17497,17498
953,17499,17504,17505
954,17506,17511,17512
955,17518,17519
956,17527,17528
957,17538,17539
958,17547
959,17556,17557
960,17572,17573,17574,17575,17576,17577,17578,17579,17580,17581,17582,17583,17584,17585,17586,17587
961,17588,17589
962,17604,17605,17608
963,17620,17621,17624
964,17636,17637,17640,17645
965,17652,17653,17654,17655,17656,17657,17658,17659,17660,17661,17662,17663
966,17671,17678
967,17685,17686,17687,17688,17689,17690,17691,17692,17693,17694,17695,17696,17697,17698,17699,17700,17701,17702,17703,17704,17705,17706,17707,17708,17709,17710
968,17711,17712,17713,17714,17715,17716,17717,17718,17719,17720,17721,17722,17723,17724,17725,17726,17727,17728
969,17729,17730,17731,17732,17733,17734,17735,17736,17737,17738,17739,17740,17741,17742,17743,17744
970,17745,17746,17747,17748,17749,17750,17751,17752,17753,17754,17755,17756,17757,17758,17759,17760,17761,17762,17763,17764,17765,17766,17767,17768,17769,17770
971,17771,17772,17773,17774,17775,17776,17777,17778,17779,17780,17781,17782,17783,17784,17785,17786,17787,17788,17789,17790,17791,17792,17793,17794,17795,17796
972,17797,17798,17799,17800,17801,17802,17803,17804,17805,17806,17807,17808,17809,17810,17811,17812,17813,17814,17815,17816,17817,17818,17819,17820,17821,17822,17823,17824,17825,17826,17827,17828,17829,17830,17831,17832,17833,17834,17835,17836,17837,17838,17839,17840,17841,17842,17843,17844,17845,17846,17847,17848,17849,17850,17851,17852,17853,17854,17855,17856
973,17858,17859,17861,17862
974,17887,17891,17898,17900,17906,17907
975,17916,17920
976,17940
977,17948,17949,17950,17951,17952,17953,17954,17955,17956,17957,17958,17959,17960,17961
978,17971,17991,17995
979,18008,18028,18032
980,18045,18060,18063,18067,18091,18092,18094,18095,18096,18098
981,18114,18115,18116,18117,18118,18119,18120,18121,18122,18123,18124,18125,18126,18127,18128,18129,18130,18131,18132,18133,18134,18135,18136,18137,18138,18139,18140,18141,18142,18143,18144,18145,18146,18147,18148,18149,18150,18151,18152
982,18153,18154,18155,18156,18157,18158,18159,18160,18161,18162,18163,18164,18165,18166,18167,18168,18169,18170,18171,18172,18173,18174,18175,18176,18177,18178,18179,18180,18181,18182,18183,18184,18185,18186,18187,18188,18189,18190,18191
983,18228,18252,18255
984,18271,18272,18273,18274,18275,18276,18277,18278,18279,18280,18281,18282,18283,18284,18285,18286,18287,18288,18289,18290,18291,18292,18293,18294,18295,18296,18297,18298,18299,18300,18301,18302,18303,18304,18305,18306,18307
985,18316,18318,18340,18346,18355,18356,18359,18360
986,18382,18421,18423,18425,18427,18429
987,18443,18457,18459,18465,18467,18497,18499
988,18505,18507,18517,18519,18525,18531,18534
989,18566,18569,18592,18593,18598,18599,18600,18609,18614
990,18621,18622,18623,18624,18625,18626,18627,18628,18629,18630,18631,18632,18633,18634,18635,18636,18637,18638,18639,18640,18641,18642,18643,18644,18645,18646,18647,18648,18649,18650,18651
991,18652,18653,18654,18655,18656,18657,18658,18659,18660,18661,18662,18663,18664,18665,18666,18667,18668,18669,18670,18671,18672,18673,18674,18675,18676,18677,18678,18679,18680,18681,18682
992,18690
993,18711
994,18722
995,18729,18730
996,18736,18737
997,18743,18744
998,18752,18753
999,18763,18764
1000,18767,18768,18769,18770,18771,18772,18773,18774,18775,18776,18777
1001,18778
1002,18792,18793,18794,18795,18796,18797,18798,18799,18800,18801,18802,18803,18804,18805,18806,18807
1003,18808
1004,18824,18825,18828,18833
1005,18840,18841,18844,18849
1006,18856,18857,18860,18865
1007,18872,18873,18876,18881
1008,18888,18889,18890,18891,18892,18893,18894,18895
1009,18901,18902
1010,18908,18909
1011,18910,18915,18916
1012,18917,18922,18923
1013,18924,18931,18932
1014,18942,18943
1015,18946
1016,18960,18961,18962,18963,18964,18965,18966,18967,18968,18969,18970,18971,18972,18973,18974,18975
1017,18976,18977,18978,18979,18980,18981,18982,18983,18984,18985,18986,18987,18988,18989,18990,18991
1018,18992,18996,19001
1019,19008,19009,19012,19017
1020,19024,19025,19028,19033
1021,19040,19041,19044,19049
1022,19056,19057,19058,19059,19060,19061,19062,19063
1023,19064,19065,19066,19067,19068,19069,19070,19071,19072,19073,19074,19075,19076,19077,19078,19079,19080
1024,19089
1025,19101,19102,19104,19105
1026,19126,19130,19132,19137,19142,19144,19150,19151
1027,19162,19164
1028,19184
1029,19192,19193,19194,19195,19196,19197,19198,19199,19200,19201,19202,19203,19204,19205,19206,19207,19208,19209,19210,19211,19212,19213,19214,19215,19216,19217,19218,19219,19220,19221,19222,19223,19224,19225,19226,19227,19228
1030,19237,19276,19277,19280,19281
1031,19297,19298,19301,19303,19325,19326,19329,19330,19347,19366,19367,19369,19370,19371,19374,19384,19385,19386,19387,19388,19393,19394,19395,19396,19403,19406
1032,19408,19409,19410,19411,19412,19413,19414,19415,19416,19417,19418,19419,19420,19421,19422,19423,19424,19425,19426,19427,19428,19429,19430,19431,19432,19433,19434,19435,19436,19437,19438,19439,19440,19441,19442,19443,19444,19445,19446,19447,19448,19449,19450,19451,19452,19453,19454
1033,19455,19456,19457,19458,19459,19460,19461,19462,19463,19464,19465,19466,19467,19468,19469,19470,19471,19472,19473,19474,19475,19476,19477,19478,19479,19480,19481,19482,19483,19484,19485,19486,19487,19488,19489,19490,19491,19492,19493,19494,19495
1034,19503,19507
1035,19532,19533,19545,19546,19547,19548,19549
1036,19551,19555,19556,19557,19558,19559,19569,19570,19571
1037,19573,19575,19577,19579,19580,19581,19585,19587,19589,19590,19593
1038,19601,19602,19605,19614,19615,19617,19618
1039,19620,19622,19623,19624,19627,19628,19630,19638,19639,19640
1040,19642,19644,19646,19649,19656,19659,19660,19661,19662
1041,19667,19668,19669,19671,19672,19673,19675,19676,19679,19680,19683,19684
1042,19685
1043,19693,19695,19704,19705,19707,19708
1044,19713,19715
1045,19730,19731,19732,19734,19739,19740,19741
1046,19745,19748,19749,19751,19753,19754
1047,19762,19775,19776,19777
1048,19785,19798,19799,19800
1049,19802,19807,19818,19819,19820,19821,19831,19832,19833,19834,19835,19836,19841,19842,19844,19845,19848,19849,19850,19852
1050,19860,19861,19873,19874,19875,19876,19877
1051,19885,19886,19898,19899,19900,19901,19902
1052,19909,19917,19919,19920,19921,19922,19923,19924,19936,19937,19938,19939,19940,19941,19944,19949,19952,19953,19954,19956
1053,19959,19971,19981,19985,19994,19995,19996,19998,20000,20002,20004,20010
1054,20014,20026,20036,20040,20049,20050,20051,20053,20055,20057,20059,20065
1055,20071,20073,20074,20077,20093,20095,20096,20098,20100,20103,20106,20108,20110,20112,20114,20115,20116,20125,20127,20137,20138,20139,20140,20141,20142,20143,20144,20145,20146,20147,20148,20149,20152,20165,20167,20168,20169,20170,20171,20173,20174,20175,20176,20177,20178
1056,20179,20180
1057,20201,20205
1058,20226,20230
1059,20232,20248,20252,20265,20266,20267,20268,20278
1060,20286,20289
1061,20299
1062,20335
1063,20360
1064,20362,20368,20370,20376,20380,20385,20398,20401,20402,20403,20406,20407,20410,20411
1065,20431,20445,20446,20456,20460,20471,20475,20476,20477,20478,20479,20480,20481,20484,20485,20486,20488,20489
1066,20504,20505,20506,20510,20517,20518
1067,20525,20539,20540,20569,20570,20572,20573,20574,20578,20582
1068,20598,20599,20600,20604,20611,20612
1069,20619,20633,20634,20663,20664,20666,20667,20668,20672,20676
1070,20692,20693,20694,20698,20705,20706
1071,20713,20727,20728,20757,20758,20760,20761,20762,20766,20770
1072,20786,20787,20788,20792,20799,20800
1073,20808,20809,20810,20812,20816,20817,20818,20828,20829,20840,20841,20842,20852,20853,20854,20855,20856,20857,20858,20860,20861,20862,20863,20865,20866
1074,20873,20875,20876,20885,20886,20887,20888,20889,20890,20891,20896,20901,20902,20903,20904,20905,20906,20907,20908,20909,20910,20911,20912,20918,20919,20920,20934,20935,20938,20939,20940,20941,20942,20943,20944,20945,20946,20947,20948,20949,20950,20951,20954,20955,20957,20958,20960,20961,20962,20963,20968,20969,20971,20972,20975,20976,20977
1075,20978,20981,20994,20995,20996,21001,21002,21003,21005,21006,21007,21008,21011,21012,21013,21014,21015,21017,21018,21021,21022,21023,21024,21025,21026,21027,21028,21042,21043,21044,21050,21051,21052,21053,21054,21055,21056,21057,21058,21059,21060,21061,21066,21067,21068,21069,21070,21071,21073,21074,21075,21076,21077,21078,21080,21081,21082,21083,21084,21085,21086,21087,21088,21089,21090,21091,21092,21093,21094,21095,21098,21099,21104,21105,21107,21108,21109,21110,21111,21112,21114,21115,21116,21118,21119,21122,21123,21124
1076,21125,21126,21131,21132,21133,21138,21139,21140,21141,21142,21143,21144,21145,21146,21148,21149,21151,21155,21156,21157,21158,21159,21160,21161,21162,21163,21165,21171,21173,21175,21177,21178,21181,21183,21185,21187,21188,21189,21190,21191,21192,21193
1077,21204,21209,21211,21212,21213,21214,21215,21216,21217,21219,21220,21229,21231,21233,21246,21248,21252,21254,21256,21258,21259,21260,21261,21262,21263,21264
1078,21268,21272,21273,21280,21296,21297,21298,21299,21300,21301,21302,21304,21306,21308,21312,21314,21327,21329,21331,21340,21342,21343,21344,21345,21346,21347,21348,21349,21350,21351,21352,21353,21361,21362,21363,21364,21369,21370,21371,21372,21373,21374,21376,21377,21378,21380,21381,21383,21384,21386,21387
1079,21406,21409,21410
1080,21429,21432,21433
1081,21435,21440,21451,21452,21454,21455,21466,21467,21468,21469,21470,21473,21478,21481
1082,21487,21488,21500,21503,21507,21523,21524,21525,21529,21533,21535
1083,21542,21543,21555,21558,21562,21578,21579,21580,21584,21588,21590
1084,21600,21601,21602,21603,21606,21622,21624,21625,21627,21628,21633,21635,21637,21639,21641,21643,21644,21645,21659,21661,21666,21667,21669,21670,21671,21672,21673,21674,21677,21690,21693,21697,21699,21703,21705,21707
1085,21709,21725,21726,21729,21730,21732,21733,21734,21735,21736,21738,21739,21740,21742,21746,21771,21772,21774,21779,21783,21785,21786,21787,21789,21791,21793,21795,21799
1086,21802,21818,21819,21822,21823,21825,21826,21827,21828,21829,21831,21832,21833,21835,21839,21864,21865,21867,21872,21876,21878,21879,21880,21882,21884,21886,21888,21892
1087,21895,21898,21900,21901,21904,21905,21910,21912,21918,21920,21924,21926,21931,21935,21937,21939,21940,21941,21943,21944,21945,21947,21951,21956,21958,21959,21960,21962,21970,21972,21974,21976,21978,21980,21982,21984,21986,21987,21988,21989,21990,21991,21992,21993,22002,22003,22004,22005,22006,22007,22008,22009,22018,22021,22026,22027,22028,22029,22030,22031,22032,22033,22034,22035,22036,22037,22038,22040,22041,22042,22043,22044,22045,22046,22047,22048,22049,22050,22051,22052,22053,22054,22055,22055
