1,0,27.37628746032715
1,1,25.580366134643555
2,0,27.37628746032715
2,1,25.580366134643555
3,0,27.37628746032715
3,1,25.580366134643555
4,0,28.566497802734375
4,1,28.220685958862305
5,0,28.566497802734375
5,1,28.220685958862305
6,0,28.3339786529541
6,1,27.063365936279297
7,0,27.37628746032715
7,1,25.580366134643555
8,0,27.37628746032715
8,1,25.580366134643555
9,0,28.566497802734375
9,1,28.220685958862305
10,0,27.37628746032715
10,1,25.580366134643555
11,0,26.561511993408203
11,1,26.389001846313477
12,0,25.924835205078125
12,1,24.47282600402832
13,0,30.436412811279297
13,1,28.73708724975586
14,0,28.869720458984375
14,1,29.74055290222168
15,0,28.76372528076172
15,1,-1
16,0,28.869720458984375
16,1,29.74055290222168
17,0,30.354774475097656
17,1,28.871171951293945
18,0,28.869720458984375
18,1,29.74055290222168
19,0,28.927663803100586
19,1,27.359743118286133
20,0,-1
20,1,31.906938552856445
21,0,-1
21,1,-1
22,0,-1
22,1,-1
23,0,32.9588737487793
23,1,33.058319091796875
24,0,33.60808563232422
24,1,32.02054214477539
25,0,27.37628746032715
25,1,25.580366134643555
26,0,25.852157592773438
26,1,25.756319046020508
27,0,27.86739158630371
27,1,27.146451950073242
28,0,28.854463577270508
28,1,-1
29,0,29.65984344482422
29,1,32.58155059814453
30,0,-1
30,1,-1
31,0,-1
31,1,-1
32,0,29.420259475708008
32,1,-1
33,0,29.334636688232422
33,1,-1
34,0,-1
34,1,-1
35,0,-1
35,1,-1
36,0,27.37628746032715
36,1,25.580366134643555
37,0,27.37628746032715
37,1,25.580366134643555
38,0,28.566497802734375
38,1,28.220685958862305
39,0,27.37628746032715
39,1,25.580366134643555
40,0,31.68620491027832
40,1,31.68620491027832
41,0,27.37628746032715
41,1,25.580366134643555
42,0,26.561511993408203
42,1,26.389001846313477
43,0,26.561511993408203
43,1,26.389001846313477
44,0,27.37628746032715
44,1,25.580366134643555
45,0,25.852157592773438
45,1,25.756319046020508
46,0,-1
46,1,-1
47,0,28.854463577270508
47,1,-1
48,0,28.854463577270508
48,1,-1
49,0,27.37628746032715
49,1,25.580366134643555
50,0,-1
50,1,-1
51,0,25.924835205078125
51,1,24.47282600402832
52,0,26.561511993408203
52,1,26.389001846313477
53,0,-1
53,1,-1
54,0,28.927663803100586
54,1,27.359743118286133
55,0,26.717777252197266
55,1,-1
56,0,-1
56,1,-1
57,0,27.713150024414062
57,1,28.25433349609375
58,0,-1
58,1,26.928077697753906
59,0,28.869720458984375
59,1,29.74055290222168
60,0,28.927663803100586
60,1,27.359743118286133
61,0,-1
61,1,31.017038345336914
62,0,-1
62,1,-1
63,0,32.281211853027344
63,1,32.4810676574707
64,0,-1
64,1,-1
65,0,-1
65,1,-1
66,0,-1
66,1,28.227954864501953
67,0,27.37628746032715
67,1,25.580366134643555
68,0,25.852157592773438
68,1,25.756319046020508
69,0,28.854463577270508
69,1,-1
70,0,27.91661834716797
70,1,27.112802505493164
71,0,-1
71,1,-1
72,0,29.79187774658203
72,1,33.47667694091797
73,0,-1
73,1,-1
74,0,-1
74,1,-1
75,0,-1
75,1,29.899337768554688
76,0,-1
76,1,-1
77,0,-1
77,1,-1
78,0,29.79187774658203
78,1,33.47667694091797
79,0,-1
79,1,-1
80,0,27.37628746032715
80,1,25.580366134643555
81,0,25.924835205078125
81,1,24.47282600402832
82,0,-1
82,1,-1
83,0,26.561511993408203
83,1,26.389001846313477
84,0,-1
84,1,-1
85,0,27.295455932617188
85,1,27.714454650878906
86,0,26.928077697753906
86,1,-1
87,0,29.212888717651367
87,1,-1
88,0,-1
88,1,-1
89,0,-1
89,1,-1
90,0,-1
90,1,-1
91,0,-1
91,1,-1
92,0,-1
92,1,-1
93,0,-1
93,1,28.325576782226562
94,0,-1
94,1,29.342464447021484
95,0,-1
95,1,-1
96,0,-1
96,1,-1
97,0,-1
97,1,28.616548538208008
98,0,30.578903198242188
98,1,29.65237808227539
99,0,-1
99,1,-1
100,0,-1
100,1,-1
101,0,-1
101,1,-1
102,0,27.37628746032715
102,1,25.580366134643555
103,0,25.852157592773438
103,1,25.756319046020508
104,0,27.37628746032715
104,1,25.580366134643555
105,0,27.37628746032715
105,1,25.580366134643555
106,0,28.566497802734375
106,1,28.220685958862305
107,0,27.37628746032715
107,1,25.580366134643555
108,0,25.924835205078125
108,1,24.47282600402832
109,0,25.924835205078125
109,1,24.47282600402832
110,0,25.434309005737305
110,1,23.208393096923828
111,0,27.37628746032715
111,1,25.580366134643555
112,0,27.37628746032715
112,1,25.580366134643555
113,0,27.37628746032715
113,1,25.580366134643555
114,0,25.852157592773438
114,1,25.756319046020508
115,0,25.852157592773438
115,1,25.756319046020508
116,0,27.37628746032715
116,1,25.580366134643555
117,0,26.561511993408203
117,1,26.389001846313477
118,0,-1
118,1,-1
119,0,25.924835205078125
119,1,24.47282600402832
120,0,-1
120,1,-1
121,0,26.97444725036621
121,1,-1
122,0,28.399019241333008
122,1,-1
123,0,26.928077697753906
123,1,-1
124,0,29.212888717651367
124,1,-1
125,0,26.97444725036621
125,1,-1
126,0,28.399019241333008
126,1,-1
127,0,26.928077697753906
127,1,-1
128,0,29.212888717651367
128,1,-1
129,0,-1
129,1,-1
130,0,-1
130,1,-1
131,0,-1
131,1,-1
132,0,-1
132,1,-1
133,0,-1
133,1,-1
134,0,-1
134,1,-1
135,0,-1
135,1,-1
136,0,27.37628746032715
136,1,25.580366134643555
137,0,25.852157592773438
137,1,25.756319046020508
138,0,27.91661834716797
138,1,27.112802505493164
139,0,27.662315368652344
139,1,-1
140,0,-1
140,1,28.76372528076172
141,0,-1
141,1,-1
142,0,-1
142,1,-1
143,0,-1
143,1,-1
144,0,-1
144,1,-1
145,0,-1
145,1,-1
146,0,-1
146,1,-1
147,0,-1
147,1,-1
148,0,-1
148,1,-1
149,0,-1
149,1,-1
150,0,27.37628746032715
150,1,25.580366134643555
151,0,27.37628746032715
151,1,25.580366134643555
152,0,27.37628746032715
152,1,25.580366134643555
153,0,27.37628746032715
153,1,25.580366134643555
154,0,25.852157592773438
154,1,25.756319046020508
155,0,25.852157592773438
155,1,25.756319046020508
156,0,27.37628746032715
156,1,25.580366134643555
157,0,27.37628746032715
157,1,25.580366134643555
158,0,28.566497802734375
158,1,28.220685958862305
159,0,28.566497802734375
159,1,28.220685958862305
160,0,27.37628746032715
160,1,25.580366134643555
161,0,25.924835205078125
161,1,24.47282600402832
162,0,25.924835205078125
162,1,24.47282600402832
163,0,25.434309005737305
163,1,23.208393096923828
164,0,25.434309005737305
164,1,23.208393096923828
165,0,27.37628746032715
165,1,25.580366134643555
166,0,26.561511993408203
166,1,26.389001846313477
167,0,-1
167,1,-1
168,0,25.924835205078125
168,1,24.47282600402832
169,0,26.355304718017578
169,1,-1
170,0,27.560747146606445
170,1,27.787172317504883
171,0,26.928077697753906
171,1,-1
172,0,29.212888717651367
172,1,-1
173,0,26.355304718017578
173,1,-1
174,0,27.560747146606445
174,1,27.787172317504883
175,0,-1
175,1,-1
176,0,-1
176,1,-1
177,0,-1
177,1,-1
178,0,-1
178,1,-1
179,0,-1
179,1,-1
180,0,-1
180,1,-1
181,0,-1
181,1,-1
182,0,-1
182,1,-1
183,0,-1
183,1,-1
184,0,-1
184,1,-1
185,0,-1
185,1,-1
186,0,-1
186,1,-1
187,0,-1
187,1,-1
188,0,-1
188,1,-1
189,0,-1
189,1,-1
190,0,-1
190,1,-1
191,0,-1
191,1,-1
192,0,-1
192,1,-1
193,0,-1
193,1,-1
194,0,-1
194,1,-1
195,0,-1
195,1,-1
196,0,27.37628746032715
196,1,25.580366134643555
197,0,25.852157592773438
197,1,25.756319046020508
198,0,-1
198,1,-1
199,0,28.854463577270508
199,1,-1
200,0,28.854463577270508
200,1,-1
201,0,27.37628746032715
201,1,25.580366134643555
202,0,27.37628746032715
202,1,25.580366134643555
203,0,27.37628746032715
203,1,25.580366134643555
204,0,25.852157592773438
204,1,25.756319046020508
205,0,25.852157592773438
205,1,25.756319046020508
206,0,27.37628746032715
206,1,25.580366134643555
207,0,-1
207,1,-1
208,0,26.561511993408203
208,1,26.389001846313477
209,0,-1
209,1,-1
210,0,25.924835205078125
210,1,24.47282600402832
211,0,-1
211,1,-1
212,0,-1
212,1,-1
213,0,-1
213,1,-1
214,0,-1
214,1,-1
215,0,26.928077697753906
215,1,-1
216,0,29.212888717651367
216,1,-1
217,0,26.928077697753906
217,1,-1
218,0,29.212888717651367
218,1,-1
219,0,-1
219,1,-1
220,0,26.928077697753906
220,1,-1
221,0,29.212888717651367
221,1,-1
222,0,-1
222,1,-1
223,0,-1
223,1,-1
224,0,-1
224,1,-1
225,0,-1
225,1,-1
226,0,-1
226,1,-1
227,0,27.37628746032715
227,1,25.580366134643555
228,0,25.852157592773438
228,1,25.756319046020508
229,0,27.91661834716797
229,1,27.112802505493164
230,0,27.662315368652344
230,1,-1
231,0,-1
231,1,28.76372528076172
232,0,-1
232,1,-1
233,0,-1
233,1,-1
234,0,-1
234,1,-1
235,0,27.406211853027344
235,1,-1
236,0,-1
236,1,-1
237,0,-1
237,1,-1
238,0,-1
238,1,-1
239,0,-1
239,1,-1
240,0,-1
240,1,-1
241,0,-1
241,1,-1
242,0,-1
242,1,-1
243,0,-1
243,1,-1
244,0,27.37628746032715
244,1,25.580366134643555
245,0,25.924835205078125
245,1,24.47282600402832
246,0,-1
246,1,-1
247,0,26.561511993408203
247,1,26.389001846313477
248,0,-1
248,1,-1
249,0,26.97444725036621
249,1,-1
250,0,28.399019241333008
250,1,-1
251,0,-1
251,1,-1
252,0,27.295455932617188
252,1,27.714454650878906
253,0,26.97444725036621
253,1,-1
254,0,28.399019241333008
254,1,-1
255,0,-1
255,1,-1
256,0,-1
256,1,-1
257,0,-1
257,1,-1
258,0,28.399734497070312
258,1,-1
259,0,-1
259,1,-1
260,0,-1
260,1,-1
261,0,-1
261,1,-1
262,0,-1
262,1,-1
263,0,-1
263,1,-1
264,0,-1
264,1,-1
265,0,-1
265,1,-1
266,0,-1
266,1,-1
267,0,-1
267,1,-1
268,0,-1
268,1,-1
269,0,-1
269,1,-1
270,0,-1
270,1,-1
271,0,29.994949340820312
271,1,-1
272,0,31.141765594482422
272,1,-1
273,0,-1
273,1,-1
274,0,-1
274,1,-1
275,0,-1
275,1,-1
276,0,29.651485443115234
276,1,-1
277,0,-1
277,1,-1
278,0,-1
278,1,-1
279,0,-1
279,1,-1
280,0,-1
280,1,28.325576782226562
281,0,-1
281,1,29.342464447021484
282,0,-1
282,1,-1
283,0,-1
283,1,-1
284,0,-1
284,1,-1
285,0,27.37628746032715
285,1,25.580366134643555
286,0,25.852157592773438
286,1,25.756319046020508
287,0,-1
287,1,28.76372528076172
288,0,27.662315368652344
288,1,-1
289,0,27.91661834716797
289,1,27.112802505493164
290,0,-1
290,1,-1
291,0,-1
291,1,-1
292,0,28.10360336303711
292,1,27.895505905151367
293,0,28.554664611816406
293,1,-1
294,0,-1
294,1,-1
295,0,-1
295,1,-1
296,0,29.360206604003906
296,1,-1
297,0,27.37628746032715
297,1,25.580366134643555
298,0,27.37628746032715
298,1,25.580366134643555
299,0,28.566497802734375
299,1,28.220685958862305
300,0,28.871171951293945
300,1,30.354774475097656
301,0,27.662315368652344
301,1,-1
302,0,29.075786590576172
302,1,30.12533950805664
303,0,-1
303,1,-1
304,0,-1
304,1,-1
305,0,-1
305,1,-1
306,0,-1
306,1,-1
307,0,-1
307,1,30.077655792236328
308,0,-1
308,1,-1
309,0,-1
309,1,-1
310,0,27.37628746032715
310,1,25.580366134643555
311,0,27.37628746032715
311,1,25.580366134643555
312,0,28.566497802734375
312,1,28.220685958862305
313,0,28.566497802734375
313,1,28.220685958862305
314,0,26.561511993408203
314,1,26.389001846313477
315,0,27.37628746032715
315,1,25.580366134643555
316,0,25.852157592773438
316,1,25.756319046020508
317,0,-1
317,1,-1
318,0,28.854463577270508
318,1,-1
319,0,28.854463577270508
319,1,-1
320,0,27.37628746032715
320,1,25.580366134643555
321,0,-1
321,1,-1
322,0,26.561511993408203
322,1,26.389001846313477
323,0,26.561511993408203
323,1,26.389001846313477
324,0,28.927663803100586
324,1,27.359743118286133
325,0,-1
325,1,-1
326,0,-1
326,1,-1
327,0,30.33285140991211
327,1,28.957603454589844
328,0,-1
328,1,-1
329,0,-1
329,1,-1
330,0,-1
330,1,26.928077697753906
331,0,28.869720458984375
331,1,29.74055290222168
332,0,29.212888717651367
332,1,-1
333,0,-1
333,1,-1
334,0,28.869720458984375
334,1,29.74055290222168
335,0,28.026355743408203
335,1,28.552520751953125
336,0,-1
336,1,-1
337,0,-1
337,1,-1
338,0,-1
338,1,-1
339,0,-1
339,1,-1
340,0,-1
340,1,-1
341,0,-1
341,1,-1
342,0,34.156028747558594
342,1,-1
343,0,-1
343,1,-1
344,0,-1
344,1,28.227954864501953
345,0,31.28049659729004
345,1,-1
346,0,-1
346,1,-1
347,0,27.37628746032715
347,1,25.580366134643555
348,0,25.852157592773438
348,1,25.756319046020508
349,0,28.854463577270508
349,1,-1
350,0,-1
350,1,28.76372528076172
351,0,-1
351,1,-1
352,0,29.454723358154297
352,1,31.822174072265625
353,0,-1
353,1,-1
354,0,29.648456573486328
354,1,30.28819465637207
355,0,-1
355,1,-1
356,0,-1
356,1,-1
357,0,-1
357,1,-1
358,0,-1
358,1,-1
359,0,-1
359,1,-1
360,0,30.484725952148438
360,1,-1
361,0,-1
361,1,-1
362,0,-1
362,1,-1
363,0,29.79187774658203
363,1,33.47667694091797
364,0,27.37628746032715
364,1,25.580366134643555
365,0,25.924835205078125
365,1,24.47282600402832
366,0,-1
366,1,-1
367,0,26.561511993408203
367,1,26.389001846313477
368,0,-1
368,1,-1
369,0,26.928077697753906
369,1,-1
370,0,29.212888717651367
370,1,-1
371,0,-1
371,1,-1
372,0,27.295455932617188
372,1,27.714454650878906
373,0,26.928077697753906
373,1,-1
374,0,29.212888717651367
374,1,-1
375,0,-1
375,1,-1
376,0,-1
376,1,-1
377,0,-1
377,1,-1
378,0,-1
378,1,-1
379,0,-1
379,1,-1
380,0,-1
380,1,-1
381,0,-1
381,1,-1
382,0,-1
382,1,-1
383,0,-1
383,1,-1
384,0,-1
384,1,-1
385,0,29.994949340820312
385,1,-1
386,0,31.141765594482422
386,1,-1
387,0,-1
387,1,-1
388,0,-1
388,1,28.589618682861328
389,0,-1
389,1,-1
390,0,-1
390,1,-1
391,0,27.37628746032715
391,1,25.580366134643555
392,0,25.852157592773438
392,1,25.756319046020508
393,0,-1
393,1,28.76372528076172
394,0,27.662315368652344
394,1,-1
395,0,27.91661834716797
395,1,27.112802505493164
396,0,-1
396,1,-1
397,0,-1
397,1,-1
398,0,28.10360336303711
398,1,27.895505905151367
399,0,28.554664611816406
399,1,-1
400,0,-1
400,1,-1
401,0,-1
401,1,-1
402,0,-1
402,1,-1
403,0,27.37628746032715
403,1,25.580366134643555
404,0,25.852157592773438
404,1,25.756319046020508
405,0,25.852157592773438
405,1,25.756319046020508
406,0,27.37628746032715
406,1,25.580366134643555
407,0,26.561511993408203
407,1,26.389001846313477
408,0,-1
408,1,-1
409,0,26.561511993408203
409,1,26.389001846313477
410,0,-1
410,1,-1
411,0,-1
411,1,-1
412,0,26.928077697753906
412,1,-1
413,0,29.212888717651367
413,1,-1
414,0,-1
414,1,-1
415,0,29.212888717651367
415,1,-1
416,0,26.928077697753906
416,1,-1
417,0,29.212888717651367
417,1,-1
418,0,-1
418,1,-1
419,0,-1
419,1,-1
420,0,-1
420,1,-1
421,0,-1
421,1,-1
422,0,-1
422,1,-1
423,0,-1
423,1,-1
424,0,-1
424,1,28.325576782226562
425,0,-1
425,1,-1
426,0,-1
426,1,-1
427,0,-1
427,1,-1
428,0,-1
428,1,-1
429,0,-1
429,1,-1
430,0,27.37628746032715
430,1,25.580366134643555
431,0,27.37628746032715
431,1,25.580366134643555
432,0,27.37628746032715
432,1,25.580366134643555
433,0,28.566497802734375
433,1,28.220685958862305
434,0,28.566497802734375
434,1,28.220685958862305
435,0,28.3339786529541
435,1,27.063365936279297
436,0,27.37628746032715
436,1,25.580366134643555
437,0,27.37628746032715
437,1,25.580366134643555
438,0,28.566497802734375
438,1,28.220685958862305
439,0,28.566497802734375
439,1,28.220685958862305
440,0,26.561511993408203
440,1,26.389001846313477
441,0,27.37628746032715
441,1,25.580366134643555
442,0,27.37628746032715
442,1,25.580366134643555
443,0,28.566497802734375
443,1,28.220685958862305
444,0,28.566497802734375
444,1,28.220685958862305
445,0,26.561511993408203
445,1,26.389001846313477
446,0,27.37628746032715
446,1,25.580366134643555
447,0,27.37628746032715
447,1,25.580366134643555
448,0,25.756319046020508
448,1,25.852157592773438
449,0,25.756319046020508
449,1,25.852157592773438
450,0,26.561511993408203
450,1,26.389001846313477
451,0,26.561511993408203
451,1,26.389001846313477
452,0,27.71393585205078
452,1,-1
453,0,30.33285140991211
453,1,28.957603454589844
454,0,28.869720458984375
454,1,29.74055290222168
455,0,28.869720458984375
455,1,29.74055290222168
456,0,28.026355743408203
456,1,28.552520751953125
457,0,27.37628746032715
457,1,25.580366134643555
458,0,25.852157592773438
458,1,25.756319046020508
459,0,-1
459,1,-1
460,0,28.854463577270508
460,1,-1
461,0,28.669544219970703
461,1,29.45964241027832
462,0,28.874160766601562
462,1,29.230209350585938
463,0,-1
463,1,33.85242462158203
464,0,-1
464,1,-1
465,0,31.906938552856445
465,1,-1
466,0,-1
466,1,-1
467,0,-1
467,1,-1
468,0,27.37628746032715
468,1,25.580366134643555
469,0,25.924835205078125
469,1,24.47282600402832
470,0,26.561511993408203
470,1,26.389001846313477
471,0,-1
471,1,27.16765785217285
472,0,-1
472,1,28.854463577270508
473,0,30.33285140991211
473,1,28.957603454589844
474,0,-1
474,1,28.2982177734375
475,0,28.869720458984375
475,1,29.74055290222168
476,0,27.295455932617188
476,1,27.714454650878906
477,0,-1
477,1,26.97444725036621
478,0,28.869720458984375
478,1,29.74055290222168
479,0,28.927663803100586
479,1,27.359743118286133
480,0,-1
480,1,-1
481,0,-1
481,1,31.208324432373047
482,0,-1
482,1,-1
483,0,-1
483,1,31.92361068725586
484,0,-1
484,1,-1
485,0,-1
485,1,-1
486,0,-1
486,1,-1
487,0,-1
487,1,28.790578842163086
488,0,33.13227844238281
488,1,32.98278045654297
489,0,-1
489,1,-1
490,0,-1
490,1,-1
491,0,-1
491,1,-1
492,0,30.578903198242188
492,1,29.65237808227539
493,0,-1
493,1,-1
494,0,32.5069465637207
494,1,-1
495,0,32.33555221557617
495,1,-1
496,0,-1
496,1,-1
497,0,-1
497,1,-1
498,0,-1
498,1,29.42700958251953
499,0,-1
499,1,-1
500,0,27.37628746032715
500,1,25.580366134643555
501,0,25.852157592773438
501,1,25.756319046020508
502,0,28.854463577270508
502,1,-1
503,0,27.86739158630371
503,1,27.146451950073242
504,0,29.65984344482422
504,1,32.58155059814453
505,0,29.420259475708008
505,1,-1
506,0,29.698219299316406
506,1,-1
507,0,28.080808639526367
507,1,28.484769821166992
508,0,29.420259475708008
508,1,-1
509,0,-1
509,1,-1
510,0,30.484725952148438
510,1,-1
511,0,29.487205505371094
511,1,-1
512,0,28.901752471923828
512,1,29.405799865722656
513,0,27.37628746032715
513,1,25.580366134643555
514,0,25.924835205078125
514,1,24.47282600402832
515,0,26.561511993408203
515,1,26.389001846313477
516,0,-1
516,1,26.928077697753906
517,0,28.869720458984375
517,1,29.74055290222168
518,0,27.295455932617188
518,1,27.714454650878906
519,0,28.869720458984375
519,1,29.74055290222168
520,0,28.927663803100586
520,1,27.359743118286133
521,0,-1
521,1,-1
522,0,30.00623321533203
522,1,29.506345748901367
523,0,-1
523,1,-1
524,0,-1
524,1,-1
525,0,30.578903198242188
525,1,29.65237808227539
526,0,-1
526,1,28.227954864501953
527,0,-1
527,1,29.42700958251953
528,0,33.36481475830078
528,1,29.867412567138672
529,0,27.37628746032715
529,1,25.580366134643555
530,0,25.852157592773438
530,1,25.756319046020508
531,0,28.854463577270508
531,1,-1
532,0,27.91661834716797
532,1,27.112802505493164
533,0,29.79187774658203
533,1,33.47667694091797
534,0,29.420259475708008
534,1,-1
535,0,28.10360336303711
535,1,27.895505905151367
536,0,-1
536,1,-1
537,0,-1
537,1,-1
538,0,27.37628746032715
538,1,25.580366134643555
539,0,25.924835205078125
539,1,24.47282600402832
540,0,27.295455932617188
540,1,27.714454650878906
541,0,-1
541,1,29.342464447021484
542,0,-1
542,1,28.589618682861328
543,0,27.37628746032715
543,1,25.580366134643555
544,0,25.852157592773438
544,1,25.756319046020508
545,0,25.852157592773438
545,1,25.756319046020508
546,0,27.37628746032715
546,1,25.580366134643555
547,0,27.37628746032715
547,1,25.580366134643555
548,0,28.566497802734375
548,1,28.220685958862305
549,0,28.566497802734375
549,1,28.220685958862305
550,0,27.37628746032715
550,1,25.580366134643555
551,0,25.924835205078125
551,1,24.47282600402832
552,0,25.924835205078125
552,1,24.47282600402832
553,0,25.434309005737305
553,1,23.208393096923828
554,0,25.434309005737305
554,1,23.208393096923828
555,0,27.37628746032715
555,1,25.580366134643555
556,0,25.924835205078125
556,1,24.47282600402832
557,0,-1
557,1,-1
558,0,26.561511993408203
558,1,26.389001846313477
559,0,26.97444725036621
559,1,-1
560,0,28.399019241333008
560,1,-1
561,0,26.355304718017578
561,1,-1
562,0,27.560747146606445
562,1,27.787172317504883
563,0,26.97444725036621
563,1,-1
564,0,28.399019241333008
564,1,-1
565,0,-1
565,1,-1
566,0,-1
566,1,-1
567,0,-1
567,1,-1
568,0,-1
568,1,-1
569,0,-1
569,1,-1
570,0,-1
570,1,-1
571,0,-1
571,1,-1
572,0,-1
572,1,-1
573,0,27.37628746032715
573,1,25.580366134643555
574,0,27.37628746032715
574,1,25.580366134643555
575,0,25.756319046020508
575,1,25.852157592773438
576,0,25.756319046020508
576,1,25.852157592773438
577,0,26.561511993408203
577,1,26.389001846313477
578,0,26.561511993408203
578,1,26.389001846313477
579,0,27.71393585205078
579,1,-1
580,0,30.33285140991211
580,1,28.957603454589844
581,0,28.869720458984375
581,1,29.74055290222168
582,0,28.869720458984375
582,1,29.74055290222168
583,0,28.026355743408203
583,1,28.552520751953125
584,0,27.37628746032715
584,1,25.580366134643555
585,0,25.852157592773438
585,1,25.756319046020508
586,0,28.854463577270508
586,1,-1
587,0,28.854463577270508
587,1,-1
588,0,29.056934356689453
588,1,29.180007934570312
589,0,29.056934356689453
589,1,29.180007934570312
590,0,29.594545364379883
590,1,-1
591,0,29.420259475708008
591,1,-1
592,0,29.420259475708008
592,1,-1
593,0,30.484725952148438
593,1,-1
594,0,29.79324722290039
594,1,-1
595,0,27.37628746032715
595,1,25.580366134643555
596,0,25.924835205078125
596,1,24.47282600402832
597,0,27.295455932617188
597,1,27.714454650878906
598,0,27.334529876708984
598,1,25.454204559326172
599,0,27.334529876708984
599,1,25.454204559326172
600,0,-1
600,1,28.589618682861328
601,0,-1
601,1,28.589618682861328
602,0,27.37628746032715
602,1,25.580366134643555
603,0,27.37628746032715
603,1,25.580366134643555
604,0,28.566497802734375
604,1,28.220685958862305
605,0,28.566497802734375
605,1,28.220685958862305
606,0,27.37628746032715
606,1,25.580366134643555
607,0,25.924835205078125
607,1,24.47282600402832
608,0,25.924835205078125
608,1,24.47282600402832
609,0,25.434309005737305
609,1,23.208393096923828
610,0,25.434309005737305
610,1,23.208393096923828
611,0,27.37628746032715
611,1,25.580366134643555
612,0,26.561511993408203
612,1,26.389001846313477
613,0,-1
613,1,-1
614,0,25.924835205078125
614,1,24.47282600402832
615,0,27.61309051513672
615,1,-1
616,0,26.97444725036621
616,1,-1
617,0,28.399019241333008
617,1,-1
618,0,26.97444725036621
618,1,-1
619,0,28.399019241333008
619,1,-1
620,0,27.61309051513672
620,1,-1
621,0,26.97444725036621
621,1,-1
622,0,28.399019241333008
622,1,-1
623,0,-1
623,1,-1
624,0,-1
624,1,-1
625,0,-1
625,1,-1
626,0,-1
626,1,-1
627,0,-1
627,1,-1
628,0,-1
628,1,-1
629,0,-1
629,1,-1
630,0,28.505441665649414
630,1,-1
631,0,-1
631,1,-1
632,0,-1
632,1,-1
633,0,28.505441665649414
633,1,-1
634,0,27.37628746032715
634,1,25.580366134643555
635,0,25.852157592773438
635,1,25.756319046020508
636,0,27.37628746032715
636,1,25.580366134643555
637,0,-1
637,1,-1
638,0,28.566497802734375
638,1,28.220685958862305
639,0,26.561511993408203
639,1,26.389001846313477
640,0,28.874160766601562
640,1,29.230209350585938
641,0,28.874160766601562
641,1,29.230209350585938
642,0,27.37628746032715
642,1,25.580366134643555
643,0,-1
643,1,-1
644,0,28.566497802734375
644,1,28.220685958862305
645,0,26.561511993408203
645,1,26.389001846313477
646,0,28.874160766601562
646,1,29.230209350585938
647,0,28.874160766601562
647,1,29.230209350585938
648,0,27.37628746032715
648,1,25.580366134643555
649,0,25.852157592773438
649,1,25.756319046020508
650,0,25.852157592773438
650,1,25.756319046020508
651,0,27.37628746032715
651,1,25.580366134643555
652,0,-1
652,1,-1
653,0,26.561511993408203
653,1,26.389001846313477
654,0,26.561511993408203
654,1,26.389001846313477
655,0,27.359743118286133
655,1,28.927663803100586
656,0,-1
656,1,-1
657,0,27.359743118286133
657,1,28.927663803100586
658,0,30.33285140991211
658,1,28.957603454589844
659,0,-1
659,1,26.928077697753906
660,0,28.869720458984375
660,1,29.74055290222168
661,0,29.212888717651367
661,1,-1
662,0,-1
662,1,-1
663,0,-1
663,1,-1
664,0,-1
664,1,-1
665,0,29.212888717651367
665,1,-1
666,0,28.927663803100586
666,1,27.359743118286133
667,0,-1
667,1,-1
668,0,-1
668,1,-1
669,0,-1
669,1,-1
670,0,-1
670,1,-1
671,0,-1
671,1,-1
672,0,-1
672,1,-1
673,0,-1
673,1,-1
674,0,32.432762145996094
674,1,-1
675,0,-1
675,1,-1
676,0,28.227954864501953
676,1,-1
677,0,31.28049659729004
677,1,-1
678,0,-1
678,1,31.720569610595703
679,0,27.37628746032715
679,1,25.580366134643555
680,0,25.852157592773438
680,1,25.756319046020508
681,0,-1
681,1,28.76372528076172
682,0,28.854463577270508
682,1,-1
683,0,-1
683,1,-1
684,0,29.79187774658203
684,1,33.47667694091797
685,0,-1
685,1,-1
686,0,-1
686,1,-1
687,0,-1
687,1,-1
688,0,-1
688,1,-1
689,0,-1
689,1,-1
690,0,-1
690,1,-1
691,0,-1
691,1,-1
692,0,30.484725952148438
692,1,-1
693,0,30.787616729736328
693,1,31.870208740234375
694,0,-1
694,1,-1
695,0,30.787616729736328
695,1,31.870208740234375
696,0,27.37628746032715
696,1,25.580366134643555
697,0,25.924835205078125
697,1,24.47282600402832
698,0,26.561511993408203
698,1,26.389001846313477
699,0,-1
699,1,-1
700,0,30.33285140991211
700,1,28.957603454589844
701,0,-1
701,1,26.928077697753906
702,0,28.869720458984375
702,1,29.74055290222168
703,0,27.295455932617188
703,1,27.714454650878906
704,0,-1
704,1,-1
705,0,-1
705,1,-1
706,0,28.927663803100586
706,1,27.359743118286133
707,0,-1
707,1,-1
708,0,-1
708,1,-1
709,0,-1
709,1,-1
710,0,-1
710,1,-1
711,0,-1
711,1,-1
712,0,-1
712,1,-1
713,0,-1
713,1,-1
714,0,-1
714,1,-1
715,0,-1
715,1,-1
716,0,-1
716,1,-1
717,0,-1
717,1,-1
718,0,-1
718,1,-1
719,0,-1
719,1,-1
720,0,-1
720,1,-1
721,0,-1
721,1,-1
722,0,-1
722,1,-1
723,0,-1
723,1,28.931692123413086
724,0,-1
724,1,-1
725,0,-1
725,1,-1
726,0,32.432762145996094
726,1,-1
727,0,31.141765594482422
727,1,-1
728,0,-1
728,1,28.227954864501953
729,0,-1
729,1,29.42700958251953
730,0,-1
730,1,-1
731,0,27.37628746032715
731,1,25.580366134643555
732,0,25.852157592773438
732,1,25.756319046020508
733,0,28.854463577270508
733,1,-1
734,0,27.91661834716797
734,1,27.112802505493164
735,0,29.79187774658203
735,1,33.47667694091797
736,0,-1
736,1,-1
737,0,-1
737,1,-1
738,0,28.10360336303711
738,1,27.895505905151367
739,0,-1
739,1,-1
740,0,-1
740,1,-1
741,0,30.484725952148438
741,1,-1
742,0,-1
742,1,-1
743,0,27.37628746032715
743,1,25.580366134643555
744,0,27.37628746032715
744,1,25.580366134643555
745,0,28.566497802734375
745,1,28.220685958862305
746,0,27.37628746032715
746,1,25.580366134643555
747,0,26.561511993408203
747,1,26.389001846313477
748,0,25.924835205078125
748,1,24.47282600402832
749,0,29.212888717651367
749,1,-1
750,0,-1
750,1,26.928077697753906
751,0,28.869720458984375
751,1,29.74055290222168
752,0,27.718006134033203
752,1,27.764867782592773
753,0,-1
753,1,-1
754,0,-1
754,1,29.768037796020508
755,0,-1
755,1,-1
756,0,-1
756,1,-1
757,0,-1
757,1,-1
758,0,-1
758,1,-1
759,0,31.65784454345703
759,1,-1
760,0,-1
760,1,28.227954864501953
761,0,27.37628746032715
761,1,25.580366134643555
762,0,27.37628746032715
762,1,25.580366134643555
763,0,26.561511993408203
763,1,26.389001846313477
764,0,28.566497802734375
764,1,28.220685958862305
765,0,28.566497802734375
765,1,28.220685958862305
766,0,28.3339786529541
766,1,27.063365936279297
767,0,28.399019241333008
767,1,-1
768,0,28.3339786529541
768,1,27.063365936279297
769,0,28.399019241333008
769,1,-1
770,0,28.23904800415039
770,1,22.336868286132812
771,0,-1
771,1,-1
772,0,27.37628746032715
772,1,25.580366134643555
773,0,25.852157592773438
773,1,25.756319046020508
774,0,28.854463577270508
774,1,-1
775,0,-1
775,1,28.76372528076172
776,0,-1
776,1,-1
777,0,29.454723358154297
777,1,31.822174072265625
778,0,-1
778,1,-1
779,0,29.648456573486328
779,1,30.28819465637207
780,0,-1
780,1,-1
781,0,-1
781,1,-1
782,0,-1
782,1,-1
783,0,-1
783,1,-1
784,0,-1
784,1,-1
785,0,30.484725952148438
785,1,-1
786,0,-1
786,1,-1
787,0,-1
787,1,-1
788,0,29.79187774658203
788,1,33.47667694091797
789,0,27.37628746032715
789,1,25.580366134643555
790,0,25.924835205078125
790,1,24.47282600402832
791,0,26.561511993408203
791,1,26.389001846313477
792,0,-1
792,1,-1
793,0,-1
793,1,26.97444725036621
794,0,28.869720458984375
794,1,29.74055290222168
795,0,27.295455932617188
795,1,27.714454650878906
796,0,28.869720458984375
796,1,29.74055290222168
797,0,28.927663803100586
797,1,27.359743118286133
798,0,-1
798,1,-1
799,0,-1
799,1,-1
800,0,-1
800,1,-1
801,0,-1
801,1,-1
802,0,-1
802,1,-1
803,0,-1
803,1,-1
804,0,-1
804,1,-1
805,0,-1
805,1,-1
806,0,-1
806,1,-1
807,0,-1
807,1,-1
808,0,-1
808,1,-1
809,0,-1
809,1,-1
810,0,-1
810,1,-1
811,0,-1
811,1,-1
812,0,-1
812,1,28.589618682861328
813,0,-1
813,1,-1
814,0,-1
814,1,29.42700958251953
815,0,33.36481475830078
815,1,29.867412567138672
816,0,27.37628746032715
816,1,25.580366134643555
817,0,25.852157592773438
817,1,25.756319046020508
818,0,28.854463577270508
818,1,-1
819,0,27.91661834716797
819,1,27.112802505493164
820,0,29.79187774658203
820,1,33.47667694091797
821,0,29.420259475708008
821,1,-1
822,0,28.10360336303711
822,1,27.895505905151367
823,0,-1
823,1,-1
824,0,-1
824,1,-1
825,0,-1
825,1,-1
826,0,27.37628746032715
826,1,25.580366134643555
827,0,25.924835205078125
827,1,24.47282600402832
828,0,26.561511993408203
828,1,26.389001846313477
829,0,-1
829,1,26.97444725036621
830,0,28.869720458984375
830,1,29.74055290222168
831,0,-1
831,1,26.97444725036621
832,0,28.869720458984375
832,1,29.74055290222168
833,0,27.713150024414062
833,1,28.25433349609375
834,0,30.33285140991211
834,1,28.957603454589844
835,0,28.927663803100586
835,1,27.359743118286133
836,0,-1
836,1,-1
837,0,-1
837,1,-1
838,0,-1
838,1,-1
839,0,-1
839,1,-1
840,0,-1
840,1,-1
841,0,-1
841,1,-1
842,0,-1
842,1,-1
843,0,-1
843,1,-1
844,0,-1
844,1,-1
845,0,-1
845,1,-1
846,0,-1
846,1,-1
847,0,-1
847,1,-1
848,0,-1
848,1,-1
849,0,-1
849,1,-1
850,0,-1
850,1,-1
851,0,-1
851,1,31.720569610595703
852,0,-1
852,1,-1
853,0,27.37628746032715
853,1,25.580366134643555
854,0,25.852157592773438
854,1,25.756319046020508
855,0,25.852157592773438
855,1,25.756319046020508
856,0,27.37628746032715
856,1,25.580366134643555
857,0,27.37628746032715
857,1,25.580366134643555
858,0,28.566497802734375
858,1,28.220685958862305
859,0,28.566497802734375
859,1,28.220685958862305
860,0,27.37628746032715
860,1,25.580366134643555
861,0,25.924835205078125
861,1,24.47282600402832
862,0,25.924835205078125
862,1,24.47282600402832
863,0,25.434309005737305
863,1,23.208393096923828
864,0,25.434309005737305
864,1,23.208393096923828
865,0,27.37628746032715
865,1,25.580366134643555
866,0,27.37628746032715
866,1,25.580366134643555
867,0,26.561511993408203
867,1,26.389001846313477
868,0,28.566497802734375
868,1,28.220685958862305
869,0,28.566497802734375
869,1,28.220685958862305
870,0,28.3339786529541
870,1,27.063365936279297
871,0,28.399019241333008
871,1,-1
872,0,28.3339786529541
872,1,27.063365936279297
873,0,28.399019241333008
873,1,-1
874,0,28.23904800415039
874,1,22.336868286132812
875,0,-1
875,1,-1
876,0,28.23904800415039
876,1,22.336868286132812
877,0,-1
877,1,-1
878,0,27.37628746032715
878,1,25.580366134643555
879,0,27.37628746032715
879,1,25.580366134643555
880,0,26.561511993408203
880,1,26.389001846313477
881,0,33.30120849609375
881,1,-1
882,0,28.566497802734375
882,1,28.220685958862305
883,0,30.33285140991211
883,1,28.957603454589844
884,0,30.33285140991211
884,1,28.957603454589844
885,0,29.056934356689453
885,1,29.180007934570312
886,0,-1
886,1,-1
887,0,29.487205505371094
887,1,-1
888,0,29.487205505371094
888,1,-1
889,0,27.37628746032715
889,1,25.580366134643555
890,0,26.561511993408203
890,1,26.389001846313477
891,0,25.924835205078125
891,1,24.47282600402832
892,0,28.869720458984375
892,1,29.74055290222168
893,0,-1
893,1,27.61309051513672
894,0,-1
894,1,27.61309051513672
895,0,28.869720458984375
895,1,29.74055290222168
896,0,28.869720458984375
896,1,29.74055290222168
897,0,-1
897,1,-1
898,0,30.33285140991211
898,1,28.957603454589844
899,0,-1
899,1,-1
900,0,28.927663803100586
900,1,27.359743118286133
901,0,-1
901,1,-1
902,0,-1
902,1,-1
903,0,-1
903,1,-1
904,0,-1
904,1,-1
905,0,-1
905,1,-1
906,0,31.500940322875977
906,1,29.086509704589844
907,0,-1
907,1,-1
908,0,-1
908,1,-1
909,0,-1
909,1,-1
910,0,-1
910,1,-1
911,0,-1
911,1,-1
912,0,33.66596221923828
912,1,-1
913,0,31.500940322875977
913,1,29.086509704589844
914,0,-1
914,1,-1
915,0,33.66596221923828
915,1,-1
916,0,32.9588737487793
916,1,33.058319091796875
917,0,-1
917,1,-1
918,0,33.60808563232422
918,1,32.02054214477539
919,0,32.9588737487793
919,1,33.058319091796875
920,0,-1
920,1,-1
921,0,-1
921,1,-1
922,0,34.89617919921875
922,1,-1
923,0,27.37628746032715
923,1,25.580366134643555
924,0,25.924835205078125
924,1,24.47282600402832
925,0,-1
925,1,-1
926,0,26.561511993408203
926,1,26.389001846313477
927,0,-1
927,1,-1
928,0,26.355304718017578
928,1,-1
929,0,28.399019241333008
929,1,-1
930,0,26.355304718017578
930,1,-1
931,0,27.560747146606445
931,1,27.787172317504883
932,0,26.928077697753906
932,1,-1
933,0,29.212888717651367
933,1,-1
934,0,-1
934,1,-1
935,0,-1
935,1,-1
936,0,-1
936,1,-1
937,0,-1
937,1,-1
938,0,-1
938,1,-1
939,0,-1
939,1,-1
940,0,-1
940,1,-1
941,0,27.37628746032715
941,1,25.580366134643555
942,0,25.852157592773438
942,1,25.756319046020508
943,0,-1
943,1,28.76372528076172
944,0,27.662315368652344
944,1,-1
945,0,27.91661834716797
945,1,27.112802505493164
946,0,-1
946,1,-1
947,0,-1
947,1,-1
948,0,31.284870147705078
948,1,-1
949,0,-1
949,1,29.48215103149414
950,0,-1
950,1,-1
951,0,-1
951,1,29.48215103149414
952,0,-1
952,1,-1
953,0,27.37628746032715
953,1,25.580366134643555
954,0,25.924835205078125
954,1,24.47282600402832
955,0,-1
955,1,-1
956,0,26.561511993408203
956,1,26.389001846313477
957,0,26.97444725036621
957,1,-1
958,0,28.399019241333008
958,1,-1
959,0,-1
959,1,-1
960,0,27.295455932617188
960,1,27.714454650878906
961,0,26.97444725036621
961,1,-1
962,0,28.399019241333008
962,1,-1
963,0,-1
963,1,-1
964,0,-1
964,1,-1
965,0,-1
965,1,-1
966,0,-1
966,1,-1
967,0,-1
967,1,-1
968,0,-1
968,1,28.325576782226562
969,0,-1
969,1,29.342464447021484
970,0,-1
970,1,-1
971,0,-1
971,1,-1
972,0,-1
972,1,-1
973,0,-1
973,1,-1
974,0,-1
974,1,-1
975,0,29.651485443115234
975,1,-1
976,0,-1
976,1,-1
977,0,-1
977,1,-1
978,0,-1
978,1,-1
979,0,29.994949340820312
979,1,-1
980,0,31.141765594482422
980,1,-1
981,0,-1
981,1,-1
982,0,-1
982,1,-1
983,0,-1
983,1,-1
984,0,27.37628746032715
984,1,25.580366134643555
985,0,25.924835205078125
985,1,24.47282600402832
986,0,25.924835205078125
986,1,24.47282600402832
987,0,26.561511993408203
987,1,26.389001846313477
988,0,-1
988,1,-1
989,0,26.561511993408203
989,1,26.389001846313477
990,0,29.212888717651367
990,1,-1
991,0,29.212888717651367
991,1,-1
992,0,27.37628746032715
992,1,25.580366134643555
993,0,25.852157592773438
993,1,25.756319046020508
994,0,-1
994,1,28.76372528076172
995,0,27.662315368652344
995,1,-1
996,0,-1
996,1,28.76372528076172
997,0,27.91661834716797
997,1,27.112802505493164
998,0,27.91661834716797
998,1,27.112802505493164
999,0,-1
999,1,-1
1000,0,-1
1000,1,-1
1001,0,27.37628746032715
1001,1,25.580366134643555
1002,0,25.852157592773438
1002,1,25.756319046020508
1003,0,28.854463577270508
1003,1,-1
1004,0,25.434309005737305
1004,1,23.208393096923828
1005,0,-1
1005,1,-1
1006,0,-1
1006,1,-1
1007,0,-1
1007,1,-1
1008,0,27.37628746032715
1008,1,25.580366134643555
1009,0,26.561511993408203
1009,1,26.389001846313477
1010,0,28.566497802734375
1010,1,28.220685958862305
1011,0,29.212888717651367
1011,1,-1
1012,0,28.874160766601562
1012,1,29.230209350585938
1013,0,28.871171951293945
1013,1,30.354774475097656
1014,0,-1
1014,1,-1
1015,0,-1
1015,1,-1
1016,0,-1
1016,1,-1
1017,0,-1
1017,1,-1
1018,0,-1
1018,1,-1
1019,0,-1
1019,1,-1
1020,0,-1
1020,1,-1
1021,0,-1
1021,1,-1
1022,0,31.11833381652832
1022,1,29.337419509887695
1023,0,-1
1023,1,-1
1024,0,-1
1024,1,-1
1025,0,28.4918212890625
1025,1,-1
1026,0,30.787616729736328
1026,1,31.870208740234375
1027,0,27.37628746032715
1027,1,25.580366134643555
1028,0,25.852157592773438
1028,1,25.756319046020508
1029,0,26.561511993408203
1029,1,26.389001846313477
1030,0,-1
1030,1,-1
1031,0,25.434309005737305
1031,1,23.208393096923828
1032,0,29.212888717651367
1032,1,-1
1033,0,-1
1033,1,28.76372528076172
1034,0,29.212888717651367
1034,1,-1
1035,0,28.026355743408203
1035,1,28.552520751953125
1036,0,27.22907257080078
1036,1,-1
1037,0,-1
1037,1,-1
1038,0,-1
1038,1,-1
1039,0,-1
1039,1,-1
1040,0,28.325576782226562
1040,1,-1
1041,0,29.22967529296875
1041,1,-1
1042,0,28.931692123413086
1042,1,-1
1043,0,28.616548538208008
1043,1,-1
1044,0,-1
1044,1,28.880876541137695
1045,0,-1
1045,1,-1
1046,0,28.227954864501953
1046,1,-1
1047,0,28.227954864501953
1047,1,-1
1048,0,31.28049659729004
1048,1,-1
1049,0,-1
1049,1,-1
1050,0,31.28049659729004
1050,1,-1
1051,0,27.37628746032715
1051,1,25.580366134643555
1052,0,25.852157592773438
1052,1,25.756319046020508
1053,0,25.852157592773438
1053,1,25.756319046020508
1054,0,27.37628746032715
1054,1,25.580366134643555
1055,0,27.37628746032715
1055,1,25.580366134643555
1056,0,28.566497802734375
1056,1,28.220685958862305
1057,0,28.566497802734375
1057,1,28.220685958862305
1058,0,27.37628746032715
1058,1,25.580366134643555
1059,0,25.924835205078125
1059,1,24.47282600402832
1060,0,25.924835205078125
1060,1,24.47282600402832
1061,0,25.434309005737305
1061,1,23.208393096923828
1062,0,25.434309005737305
1062,1,23.208393096923828
1063,0,27.37628746032715
1063,1,25.580366134643555
1064,0,27.37628746032715
1064,1,25.580366134643555
1065,0,28.566497802734375
1065,1,28.220685958862305
1066,0,28.566497802734375
1066,1,28.220685958862305
1067,0,28.3339786529541
1067,1,27.063365936279297
1068,0,28.3339786529541
1068,1,27.063365936279297
1069,0,27.37628746032715
1069,1,25.580366134643555
1070,0,25.924835205078125
1070,1,24.47282600402832
1071,0,25.924835205078125
1071,1,24.47282600402832
1072,0,27.481212615966797
1072,1,27.298114776611328
1073,0,27.481212615966797
1073,1,27.298114776611328
1074,0,-1
1074,1,-1
1075,0,-1
1075,1,-1
1076,0,27.37628746032715
1076,1,25.580366134643555
1077,0,27.37628746032715
1077,1,25.580366134643555
1078,0,28.566497802734375
1078,1,28.220685958862305
1079,0,28.566497802734375
1079,1,28.220685958862305
1080,0,28.3339786529541
1080,1,27.063365936279297
1081,0,28.3339786529541
1081,1,27.063365936279297
1082,0,28.23904800415039
1082,1,22.336868286132812
1083,0,28.23904800415039
1083,1,22.336868286132812
1084,0,27.37628746032715
1084,1,25.580366134643555
1085,0,25.852157592773438
1085,1,25.756319046020508
1086,0,-1
1086,1,28.76372528076172
1087,0,27.662315368652344
1087,1,-1
1088,0,-1
1088,1,28.76372528076172
1089,0,27.91661834716797
1089,1,27.112802505493164
1090,0,27.91661834716797
1090,1,27.112802505493164
1091,0,-1
1091,1,-1
1092,0,-1
1092,1,-1
1093,0,27.37628746032715
1093,1,25.580366134643555
1094,0,25.924835205078125
1094,1,24.47282600402832
1095,0,-1
1095,1,-1
1096,0,26.561511993408203
1096,1,26.389001846313477
1097,0,-1
1097,1,-1
1098,0,-1
1098,1,-1
1099,0,-1
1099,1,-1
1100,0,-1
1100,1,-1
1101,0,26.928077697753906
1101,1,-1
1102,0,29.212888717651367
1102,1,-1
1103,0,-1
1103,1,-1
1104,0,27.295455932617188
1104,1,27.714454650878906
1105,0,26.928077697753906
1105,1,-1
1106,0,29.212888717651367
1106,1,-1
1107,0,-1
1107,1,-1
1108,0,-1
1108,1,-1
1109,0,-1
1109,1,-1
1110,0,-1
1110,1,29.48215103149414
1111,0,-1
1111,1,-1
1112,0,31.141765594482422
1112,1,-1
1113,0,-1
1113,1,-1
1114,0,-1
1114,1,-1
1115,0,-1
1115,1,-1
1116,0,-1
1116,1,-1
1117,0,29.994949340820312
1117,1,-1
1118,0,31.141765594482422
1118,1,-1
1119,0,-1
1119,1,-1
1120,0,-1
1120,1,-1
1121,0,-1
1121,1,-1
1122,0,27.37628746032715
1122,1,25.580366134643555
1123,0,25.852157592773438
1123,1,25.756319046020508
1124,0,-1
1124,1,28.76372528076172
1125,0,27.662315368652344
1125,1,-1
1126,0,27.91661834716797
1126,1,27.112802505493164
1127,0,-1
1127,1,-1
1128,0,-1
1128,1,-1
1129,0,28.10360336303711
1129,1,27.895505905151367
1130,0,28.554664611816406
1130,1,-1
1131,0,-1
1131,1,-1
1132,0,-1
1132,1,-1
1133,0,-1
1133,1,-1
1134,0,-1
1134,1,-1
1135,0,32.2508430480957
1135,1,-1
1136,0,32.2508430480957
1136,1,-1
1137,0,27.37628746032715
1137,1,25.580366134643555
1138,0,27.37628746032715
1138,1,25.580366134643555
1139,0,25.852157592773438
1139,1,25.756319046020508
1140,0,25.852157592773438
1140,1,25.756319046020508
1141,0,27.37628746032715
1141,1,25.580366134643555
1142,0,26.561511993408203
1142,1,26.389001846313477
1143,0,26.561511993408203
1143,1,26.389001846313477
1144,0,-1
1144,1,-1
1145,0,26.561511993408203
1145,1,26.389001846313477
1146,0,29.212888717651367
1146,1,-1
1147,0,-1
1147,1,-1
1148,0,29.212888717651367
1148,1,-1
1149,0,27.37628746032715
1149,1,25.580366134643555
1150,0,25.852157592773438
1150,1,25.756319046020508
1151,0,-1
1151,1,28.76372528076172
1152,0,27.662315368652344
1152,1,-1
1153,0,-1
1153,1,28.76372528076172
1154,0,-1
1154,1,28.76372528076172
1155,0,-1
1155,1,-1
1156,0,-1
1156,1,30.13932991027832
1157,0,-1
1157,1,-1
1158,0,27.37628746032715
1158,1,25.580366134643555
1159,0,26.561511993408203
1159,1,26.389001846313477
1160,0,-1
1160,1,-1
1161,0,25.924835205078125
1161,1,24.47282600402832
1162,0,26.928077697753906
1162,1,-1
1163,0,29.212888717651367
1163,1,-1
1164,0,-1
1164,1,-1
1165,0,27.295455932617188
1165,1,27.714454650878906
1166,0,-1
1166,1,-1
1167,0,-1
1167,1,-1
1168,0,-1
1168,1,-1
1169,0,-1
1169,1,-1
1170,0,-1
1170,1,-1
1171,0,-1
1171,1,-1
1172,0,-1
1172,1,-1
1173,0,29.994949340820312
1173,1,-1
1174,0,31.141765594482422
1174,1,-1
1175,0,-1
1175,1,-1
1176,0,-1
1176,1,-1
1177,0,-1
1177,1,-1
1178,0,-1
1178,1,-1
1179,0,-1
1179,1,-1
1180,0,-1
1180,1,-1
1181,0,29.994949340820312
1181,1,-1
1182,0,31.141765594482422
1182,1,-1
1183,0,-1
1183,1,-1
1184,0,27.37628746032715
1184,1,25.580366134643555
1185,0,27.37628746032715
1185,1,25.580366134643555
1186,0,28.566497802734375
1186,1,28.220685958862305
1187,0,28.566497802734375
1187,1,28.220685958862305
1188,0,27.37628746032715
1188,1,25.580366134643555
1189,0,25.924835205078125
1189,1,24.47282600402832
1190,0,25.924835205078125
1190,1,24.47282600402832
1191,0,25.434309005737305
1191,1,23.208393096923828
1192,0,25.434309005737305
1192,1,23.208393096923828
1193,0,27.37628746032715
1193,1,25.580366134643555
1194,0,27.37628746032715
1194,1,25.580366134643555
1195,0,28.566497802734375
1195,1,28.220685958862305
1196,0,28.566497802734375
1196,1,28.220685958862305
1197,0,28.3339786529541
1197,1,27.063365936279297
1198,0,28.3339786529541
1198,1,27.063365936279297
1199,0,27.37628746032715
1199,1,25.580366134643555
1200,0,25.924835205078125
1200,1,24.47282600402832
1201,0,25.924835205078125
1201,1,24.47282600402832
1202,0,25.434309005737305
1202,1,23.208393096923828
1203,0,25.434309005737305
1203,1,23.208393096923828
1204,0,27.37628746032715
1204,1,25.580366134643555
1205,0,27.37628746032715
1205,1,25.580366134643555
1206,0,28.566497802734375
1206,1,28.220685958862305
1207,0,28.566497802734375
1207,1,28.220685958862305
1208,0,28.3339786529541
1208,1,27.063365936279297
1209,0,28.3339786529541
1209,1,27.063365936279297
1210,0,27.37628746032715
1210,1,25.580366134643555
1211,0,25.852157592773438
1211,1,25.756319046020508
1212,0,25.852157592773438
1212,1,25.756319046020508
1213,0,27.37628746032715
1213,1,25.580366134643555
1214,0,27.37628746032715
1214,1,25.580366134643555
1215,0,28.566497802734375
1215,1,28.220685958862305
1216,0,28.566497802734375
1216,1,28.220685958862305
1217,0,27.37628746032715
1217,1,25.580366134643555
1218,0,25.924835205078125
1218,1,24.47282600402832
1219,0,25.924835205078125
1219,1,24.47282600402832
1220,0,25.434309005737305
1220,1,23.208393096923828
1221,0,25.434309005737305
1221,1,23.208393096923828
1222,0,27.37628746032715
1222,1,25.580366134643555
1223,0,27.37628746032715
1223,1,25.580366134643555
1224,0,28.566497802734375
1224,1,28.220685958862305
1225,0,28.566497802734375
1225,1,28.220685958862305
1226,0,28.3339786529541
1226,1,27.063365936279297
1227,0,28.3339786529541
1227,1,27.063365936279297
1228,0,27.37628746032715
1228,1,25.580366134643555
1229,0,25.924835205078125
1229,1,24.47282600402832
1230,0,25.924835205078125
1230,1,24.47282600402832
1231,0,27.481212615966797
1231,1,27.298114776611328
1232,0,27.481212615966797
1232,1,27.298114776611328
1233,0,-1
1233,1,-1
1234,0,-1
1234,1,-1
1235,0,27.37628746032715
1235,1,25.580366134643555
1236,0,27.37628746032715
1236,1,25.580366134643555
1237,0,28.566497802734375
1237,1,28.220685958862305
1238,0,28.566497802734375
1238,1,28.220685958862305
1239,0,28.3339786529541
1239,1,27.063365936279297
1240,0,28.3339786529541
1240,1,27.063365936279297
1241,0,28.23904800415039
1241,1,22.336868286132812
1242,0,28.23904800415039
1242,1,22.336868286132812
1243,0,27.37628746032715
1243,1,25.580366134643555
1244,0,27.37628746032715
1244,1,25.580366134643555
1245,0,28.566497802734375
1245,1,28.220685958862305
1246,0,28.566497802734375
1246,1,28.220685958862305
1247,0,27.37628746032715
1247,1,25.580366134643555
1248,0,25.924835205078125
1248,1,24.47282600402832
1249,0,25.924835205078125
1249,1,24.47282600402832
1250,0,25.434309005737305
1250,1,23.208393096923828
1251,0,25.434309005737305
1251,1,23.208393096923828
1252,0,27.37628746032715
1252,1,25.580366134643555
1253,0,27.37628746032715
1253,1,25.580366134643555
1254,0,28.566497802734375
1254,1,28.220685958862305
1255,0,28.566497802734375
1255,1,28.220685958862305
1256,0,28.3339786529541
1256,1,27.063365936279297
1257,0,28.3339786529541
1257,1,27.063365936279297
1258,0,27.37628746032715
1258,1,25.580366134643555
1259,0,25.924835205078125
1259,1,24.47282600402832
1260,0,25.924835205078125
1260,1,24.47282600402832
1261,0,27.481212615966797
1261,1,27.298114776611328
1262,0,27.481212615966797
1262,1,27.298114776611328
1263,0,-1
1263,1,-1
1264,0,-1
1264,1,-1
1265,0,27.37628746032715
1265,1,25.580366134643555
1266,0,27.37628746032715
1266,1,25.580366134643555
1267,0,28.566497802734375
1267,1,28.220685958862305
1268,0,28.566497802734375
1268,1,28.220685958862305
1269,0,28.3339786529541
1269,1,27.063365936279297
1270,0,28.3339786529541
1270,1,27.063365936279297
1271,0,28.23904800415039
1271,1,22.336868286132812
1272,0,28.23904800415039
1272,1,22.336868286132812
1273,0,27.37628746032715
1273,1,25.580366134643555
1274,0,25.924835205078125
1274,1,24.47282600402832
1275,0,25.924835205078125
1275,1,24.47282600402832
1276,0,25.434309005737305
1276,1,23.208393096923828
1277,0,25.434309005737305
1277,1,23.208393096923828
1278,0,27.37628746032715
1278,1,25.580366134643555
1279,0,27.37628746032715
1279,1,25.580366134643555
1280,0,28.566497802734375
1280,1,28.220685958862305
1281,0,28.566497802734375
1281,1,28.220685958862305
1282,0,28.3339786529541
1282,1,27.063365936279297
1283,0,28.3339786529541
1283,1,27.063365936279297
1284,0,27.37628746032715
1284,1,25.580366134643555
1285,0,25.924835205078125
1285,1,24.47282600402832
1286,0,25.924835205078125
1286,1,24.47282600402832
1287,0,27.481212615966797
1287,1,27.298114776611328
1288,0,27.481212615966797
1288,1,27.298114776611328
1289,0,-1
1289,1,-1
1290,0,-1
1290,1,-1
1291,0,27.37628746032715
1291,1,25.580366134643555
1292,0,27.37628746032715
1292,1,25.580366134643555
1293,0,28.566497802734375
1293,1,28.220685958862305
1294,0,28.566497802734375
1294,1,28.220685958862305
1295,0,28.3339786529541
1295,1,27.063365936279297
1296,0,28.3339786529541
1296,1,27.063365936279297
1297,0,28.23904800415039
1297,1,22.336868286132812
1298,0,28.23904800415039
1298,1,22.336868286132812
1299,0,27.37628746032715
1299,1,25.580366134643555
1300,0,25.924835205078125
1300,1,24.47282600402832
1301,0,25.924835205078125
1301,1,24.47282600402832
1302,0,25.434309005737305
1302,1,23.208393096923828
1303,0,25.434309005737305
1303,1,23.208393096923828
1304,0,27.37628746032715
1304,1,25.580366134643555
1305,0,27.37628746032715
1305,1,25.580366134643555
1306,0,28.566497802734375
1306,1,28.220685958862305
1307,0,28.566497802734375
1307,1,28.220685958862305
1308,0,28.3339786529541
1308,1,27.063365936279297
1309,0,28.3339786529541
1309,1,27.063365936279297
1310,0,27.37628746032715
1310,1,25.580366134643555
1311,0,25.924835205078125
1311,1,24.47282600402832
1312,0,25.924835205078125
1312,1,24.47282600402832
1313,0,27.481212615966797
1313,1,27.298114776611328
1314,0,27.481212615966797
1314,1,27.298114776611328
1315,0,-1
1315,1,-1
1316,0,-1
1316,1,-1
1317,0,27.37628746032715
1317,1,25.580366134643555
1318,0,27.37628746032715
1318,1,25.580366134643555
1319,0,28.566497802734375
1319,1,28.220685958862305
1320,0,28.566497802734375
1320,1,28.220685958862305
1321,0,28.3339786529541
1321,1,27.063365936279297
1322,0,28.3339786529541
1322,1,27.063365936279297
1323,0,28.23904800415039
1323,1,22.336868286132812
1324,0,28.23904800415039
1324,1,22.336868286132812
1325,0,27.37628746032715
1325,1,25.580366134643555
1326,0,25.852157592773438
1326,1,25.756319046020508
1327,0,25.852157592773438
1327,1,25.756319046020508
1328,0,27.37628746032715
1328,1,25.580366134643555
1329,0,27.37628746032715
1329,1,25.580366134643555
1330,0,28.566497802734375
1330,1,28.220685958862305
1331,0,28.566497802734375
1331,1,28.220685958862305
1332,0,27.37628746032715
1332,1,25.580366134643555
1333,0,27.37628746032715
1333,1,25.580366134643555
1334,0,26.561511993408203
1334,1,26.389001846313477
1335,0,28.566497802734375
1335,1,28.220685958862305
1336,0,30.33285140991211
1336,1,28.957603454589844
1337,0,30.33285140991211
1337,1,28.957603454589844
1338,0,28.874160766601562
1338,1,29.230209350585938
1339,0,28.874160766601562
1339,1,29.230209350585938
1340,0,29.056934356689453
1340,1,29.180007934570312
1341,0,-1
1341,1,-1
1342,0,-1
1342,1,-1
1343,0,-1
1343,1,-1
1344,0,-1
1344,1,-1
1345,0,-1
1345,1,-1
1346,0,29.487205505371094
1346,1,-1
1347,0,29.487205505371094
1347,1,-1
1348,0,29.017560958862305
1348,1,29.03911018371582
1349,0,29.017560958862305
1349,1,29.03911018371582
1350,0,27.37628746032715
1350,1,25.580366134643555
1351,0,25.924835205078125
1351,1,24.47282600402832
1352,0,28.566497802734375
1352,1,28.220685958862305
1353,0,28.566497802734375
1353,1,28.220685958862305
1354,0,28.3339786529541
1354,1,27.063365936279297
1355,0,29.212888717651367
1355,1,-1
1356,0,28.3339786529541
1356,1,27.063365936279297
1357,0,27.713150024414062
1357,1,28.25433349609375
1358,0,27.37628746032715
1358,1,25.580366134643555
1359,0,25.852157592773438
1359,1,25.756319046020508
1360,0,27.481212615966797
1360,1,27.298114776611328
1361,0,27.481212615966797
1361,1,27.298114776611328
1362,0,27.91661834716797
1362,1,27.112802505493164
1363,0,-1
1363,1,29.899337768554688
1364,0,-1
1364,1,-1
1365,0,-1
1365,1,-1
1366,0,-1
1366,1,-1
1367,0,27.37628746032715
1367,1,25.580366134643555
1368,0,26.561511993408203
1368,1,26.389001846313477
1369,0,28.566497802734375
1369,1,28.220685958862305
1370,0,28.869720458984375
1370,1,29.74055290222168
1371,0,30.33285140991211
1371,1,28.957603454589844
1372,0,28.874160766601562
1372,1,29.230209350585938
1373,0,28.874160766601562
1373,1,29.230209350585938
1374,0,-1
1374,1,-1
1375,0,-1
1375,1,-1
1376,0,-1
1376,1,-1
1377,0,-1
1377,1,-1
1378,0,-1
1378,1,-1
1379,0,-1
1379,1,-1
1380,0,-1
1380,1,-1
1381,0,32.373992919921875
1381,1,31.476699829101562
1382,0,32.373992919921875
1382,1,31.476699829101562
1383,0,-1
1383,1,-1
1384,0,32.373992919921875
1384,1,31.476699829101562
1385,0,-1
1385,1,-1
1386,0,30.28141975402832
1386,1,32.81748580932617
1387,0,27.37628746032715
1387,1,25.580366134643555
1388,0,25.924835205078125
1388,1,24.47282600402832
1389,0,25.924835205078125
1389,1,24.47282600402832
1390,0,25.434309005737305
1390,1,23.208393096923828
1391,0,27.37628746032715
1391,1,25.580366134643555
1392,0,26.561511993408203
1392,1,26.389001846313477
1393,0,26.561511993408203
1393,1,26.389001846313477
1394,0,-1
1394,1,-1
1395,0,26.561511993408203
1395,1,26.389001846313477
1396,0,28.73708724975586
1396,1,30.436412811279297
1397,0,28.399019241333008
1397,1,-1
1398,0,26.355304718017578
1398,1,-1
1399,0,28.399019241333008
1399,1,-1
1400,0,26.928077697753906
1400,1,-1
1401,0,29.212888717651367
1401,1,-1
1402,0,-1
1402,1,-1
1403,0,-1
1403,1,-1
1404,0,-1
1404,1,-1
1405,0,27.37628746032715
1405,1,25.580366134643555
1406,0,25.852157592773438
1406,1,25.756319046020508
1407,0,-1
1407,1,28.76372528076172
1408,0,27.662315368652344
1408,1,-1
1409,0,-1
1409,1,28.76372528076172
1410,0,-1
1410,1,-1
1411,0,-1
1411,1,-1
1412,0,-1
1412,1,-1
1413,0,-1
1413,1,-1
1414,0,-1
1414,1,29.48215103149414
1415,0,-1
1415,1,-1
1416,0,-1
1416,1,-1
1417,0,27.37628746032715
1417,1,25.580366134643555
1418,0,26.561511993408203
1418,1,26.389001846313477
1419,0,25.924835205078125
1419,1,24.47282600402832
1420,0,-1
1420,1,26.928077697753906
1421,0,28.869720458984375
1421,1,29.74055290222168
1422,0,30.33285140991211
1422,1,28.957603454589844
1423,0,27.713150024414062
1423,1,28.25433349609375
1424,0,28.927663803100586
1424,1,27.359743118286133
1425,0,-1
1425,1,-1
1426,0,-1
1426,1,-1
1427,0,-1
1427,1,-1
1428,0,-1
1428,1,-1
1429,0,-1
1429,1,-1
1430,0,-1
1430,1,-1
1431,0,-1
1431,1,-1
1432,0,-1
1432,1,-1
1433,0,-1
1433,1,-1
1434,0,-1
1434,1,-1
1435,0,31.141765594482422
1435,1,-1
1436,0,32.432762145996094
1436,1,-1
1437,0,-1
1437,1,31.720569610595703
1438,0,27.37628746032715
1438,1,25.580366134643555
1439,0,28.566497802734375
1439,1,28.220685958862305
1440,0,27.37628746032715
1440,1,25.580366134643555
1441,0,25.924835205078125
1441,1,24.47282600402832
1442,0,28.869720458984375
1442,1,29.74055290222168
1443,0,27.37628746032715
1443,1,25.580366134643555
1444,0,27.37628746032715
1444,1,25.580366134643555
1445,0,28.566497802734375
1445,1,28.220685958862305
1446,0,28.3339786529541
1446,1,27.063365936279297
1447,0,27.37628746032715
1447,1,25.580366134643555
1448,0,25.852157592773438
1448,1,25.756319046020508
1449,0,25.852157592773438
1449,1,25.756319046020508
1450,0,26.489688873291016
1450,1,27.546852111816406
1451,0,25.45193099975586
1451,1,-1
1452,0,27.37628746032715
1452,1,25.580366134643555
1453,0,27.37628746032715
1453,1,25.580366134643555
1454,0,28.566497802734375
1454,1,28.220685958862305
1455,0,28.566497802734375
1455,1,28.220685958862305
1456,0,28.3339786529541
1456,1,27.063365936279297
1457,0,28.23904800415039
1457,1,22.336868286132812
1458,0,27.37628746032715
1458,1,25.580366134643555
1459,0,25.924835205078125
1459,1,24.47282600402832
1460,0,25.924835205078125
1460,1,24.47282600402832
1461,0,25.434309005737305
1461,1,23.208393096923828
1462,0,25.434309005737305
1462,1,23.208393096923828
1463,0,-1
1463,1,-1
1464,0,27.37628746032715
1464,1,25.580366134643555
1465,0,25.924835205078125
1465,1,24.47282600402832
1466,0,-1
1466,1,-1
1467,0,26.561511993408203
1467,1,26.389001846313477
1468,0,27.61309051513672
1468,1,-1
1469,0,26.355304718017578
1469,1,-1
1470,0,27.560747146606445
1470,1,27.787172317504883
1471,0,27.61309051513672
1471,1,-1
1472,0,27.61309051513672
1472,1,-1
1473,0,26.97444725036621
1473,1,-1
1474,0,28.399019241333008
1474,1,-1
1475,0,26.355304718017578
1475,1,-1
1476,0,27.560747146606445
1476,1,27.787172317504883
1477,0,27.61309051513672
1477,1,-1
1478,0,26.97444725036621
1478,1,-1
1479,0,28.399019241333008
1479,1,-1
1480,0,29.129261016845703
1480,1,-1
1481,0,29.129261016845703
1481,1,-1
1482,0,-1
1482,1,-1
1483,0,-1
1483,1,-1
1484,0,-1
1484,1,-1
1485,0,-1
1485,1,-1
1486,0,-1
1486,1,-1
1487,0,-1
1487,1,-1
1488,0,29.129261016845703
1488,1,-1
1489,0,29.129261016845703
1489,1,-1
1490,0,-1
1490,1,-1
1491,0,-1
1491,1,-1
1492,0,-1
1492,1,-1
1493,0,-1
1493,1,-1
1494,0,-1
1494,1,-1
1495,0,-1
1495,1,-1
1496,0,27.37628746032715
1496,1,25.580366134643555
1497,0,25.852157592773438
1497,1,25.756319046020508
1498,0,-1
1498,1,28.76372528076172
1499,0,27.662315368652344
1499,1,-1
1500,0,27.91661834716797
1500,1,27.112802505493164
1501,0,-1
1501,1,-1
1502,0,-1
1502,1,-1
1503,0,-1
1503,1,-1
1504,0,31.284870147705078
1504,1,-1
1505,0,-1
1505,1,29.48215103149414
1506,0,-1
1506,1,-1
1507,0,-1
1507,1,-1
1508,0,-1
1508,1,-1
1509,0,-1
1509,1,-1
1510,0,31.284870147705078
1510,1,-1
1511,0,-1
1511,1,29.48215103149414
1512,0,-1
1512,1,-1
1513,0,27.37628746032715
1513,1,25.580366134643555
1514,0,27.37628746032715
1514,1,25.580366134643555
1515,0,28.566497802734375
1515,1,28.220685958862305
1516,0,28.871171951293945
1516,1,30.354774475097656
1517,0,27.662315368652344
1517,1,-1
1518,0,29.075786590576172
1518,1,30.12533950805664
1519,0,-1
1519,1,-1
1520,0,-1
1520,1,-1
1521,0,-1
1521,1,-1
1522,0,-1
1522,1,-1
1523,0,-1
1523,1,-1
1524,0,-1
1524,1,-1
1525,0,-1
1525,1,-1
1526,0,-1
1526,1,-1
1527,0,-1
1527,1,-1
1528,0,-1
1528,1,-1
1529,0,-1
1529,1,-1
1530,0,-1
1530,1,-1
1531,0,27.37628746032715
1531,1,25.580366134643555
1532,0,26.561511993408203
1532,1,26.389001846313477
1533,0,28.566497802734375
1533,1,28.220685958862305
1534,0,30.33285140991211
1534,1,28.957603454589844
1535,0,28.399019241333008
1535,1,-1
1536,0,29.056934356689453
1536,1,29.180007934570312
1537,0,-1
1537,1,-1
1538,0,-1
1538,1,-1
1539,0,-1
1539,1,-1
1540,0,-1
1540,1,-1
1541,0,-1
1541,1,-1
1542,0,-1
1542,1,-1
1543,0,-1
1543,1,-1
1544,0,-1
1544,1,-1
1545,0,-1
1545,1,-1
1546,0,29.487205505371094
1546,1,-1
1547,0,29.505516052246094
1547,1,-1
1548,0,27.37628746032715
1548,1,25.580366134643555
1549,0,25.852157592773438
1549,1,25.756319046020508
1550,0,27.481212615966797
1550,1,27.298114776611328
1551,0,28.854463577270508
1551,1,-1
1552,0,28.783180236816406
1552,1,28.018198013305664
1553,0,30.017154693603516
1553,1,-1
1554,0,30.484725952148438
1554,1,-1
1555,0,27.37628746032715
1555,1,25.580366134643555
1556,0,26.561511993408203
1556,1,26.389001846313477
1557,0,-1
1557,1,-1
1558,0,25.924835205078125
1558,1,24.47282600402832
1559,0,26.928077697753906
1559,1,-1
1560,0,29.212888717651367
1560,1,-1
1561,0,26.928077697753906
1561,1,-1
1562,0,29.212888717651367
1562,1,-1
1563,0,-1
1563,1,-1
1564,0,-1
1564,1,-1
1565,0,-1
1565,1,-1
1566,0,-1
1566,1,-1
1567,0,-1
1567,1,-1
1568,0,-1
1568,1,-1
1569,0,-1
1569,1,-1
1570,0,-1
1570,1,-1
1571,0,-1
1571,1,-1
1572,0,-1
1572,1,-1
1573,0,-1
1573,1,-1
1574,0,-1
1574,1,-1
1575,0,-1
1575,1,-1
1576,0,-1
1576,1,-1
1577,0,27.37628746032715
1577,1,25.580366134643555
1578,0,25.924835205078125
1578,1,24.47282600402832
1579,0,25.924835205078125
1579,1,24.47282600402832
1580,0,25.434309005737305
1580,1,23.208393096923828
1581,0,25.434309005737305
1581,1,23.208393096923828
1582,0,27.37628746032715
1582,1,25.580366134643555
1583,0,25.924835205078125
1583,1,24.47282600402832
1584,0,25.924835205078125
1584,1,24.47282600402832
1585,0,25.434309005737305
1585,1,23.208393096923828
1586,0,25.434309005737305
1586,1,23.208393096923828
1587,0,27.37628746032715
1587,1,25.580366134643555
1588,0,33.30120849609375
1588,1,-1
1589,0,26.561511993408203
1589,1,26.389001846313477
1590,0,-1
1590,1,-1
1591,0,26.561511993408203
1591,1,26.389001846313477
1592,0,31.01666831970215
1592,1,-1
1593,0,31.01666831970215
1593,1,-1
1594,0,33.70417785644531
1594,1,-1
1595,0,26.97444725036621
1595,1,-1
1596,0,28.399019241333008
1596,1,-1
1597,0,33.70417785644531
1597,1,-1
1598,0,26.97444725036621
1598,1,-1
1599,0,28.399019241333008
1599,1,-1
1600,0,26.97444725036621
1600,1,-1
1601,0,28.399019241333008
1601,1,-1
1602,0,33.70417785644531
1602,1,-1
1603,0,26.355304718017578
1603,1,-1
1604,0,28.399019241333008
1604,1,-1
1605,0,33.14924621582031
1605,1,-1
1606,0,-1
1606,1,-1
1607,0,-1
1607,1,-1
1608,0,-1
1608,1,-1
1609,0,33.14924621582031
1609,1,-1
1610,0,33.14924621582031
1610,1,-1
1611,0,-1
1611,1,-1
1612,0,-1
1612,1,-1
1613,0,33.14924621582031
1613,1,-1
1614,0,-1
1614,1,-1
1615,0,-1
1615,1,-1
1616,0,33.14924621582031
1616,1,-1
1617,0,33.14924621582031
1617,1,-1
1618,0,-1
1618,1,-1
1619,0,-1
1619,1,-1
1620,0,27.37628746032715
1620,1,25.580366134643555
1621,0,25.852157592773438
1621,1,25.756319046020508
1622,0,-1
1622,1,28.76372528076172
1623,0,27.662315368652344
1623,1,-1
1624,0,-1
1624,1,28.76372528076172
1625,0,-1
1625,1,-1
1626,0,-1
1626,1,-1
1627,0,-1
1627,1,29.48215103149414
1628,0,-1
1628,1,-1
1629,0,-1
1629,1,-1
1630,0,-1
1630,1,-1
1631,0,-1
1631,1,-1
1632,0,-1
1632,1,-1
1633,0,-1
1633,1,-1
1634,0,-1
1634,1,-1
1635,0,-1
1635,1,-1
1636,0,-1
1636,1,-1
1637,0,-1
1637,1,-1
1638,0,-1
1638,1,-1
1639,0,27.37628746032715
1639,1,25.580366134643555
1640,0,27.37628746032715
1640,1,25.580366134643555
1641,0,28.566497802734375
1641,1,28.220685958862305
1642,0,31.01666831970215
1642,1,-1
1643,0,29.075786590576172
1643,1,30.12533950805664
1644,0,27.662315368652344
1644,1,-1
1645,0,29.075786590576172
1645,1,30.12533950805664
1646,0,30.708173751831055
1646,1,-1
1647,0,30.708173751831055
1647,1,-1
1648,0,-1
1648,1,-1
1649,0,-1
1649,1,-1
1650,0,-1
1650,1,-1
1651,0,-1
1651,1,-1
1652,0,-1
1652,1,-1
1653,0,-1
1653,1,-1
1654,0,-1
1654,1,-1
1655,0,-1
1655,1,-1
1656,0,-1
1656,1,-1
1657,0,-1
1657,1,-1
1658,0,-1
1658,1,-1
1659,0,27.37628746032715
1659,1,25.580366134643555
1660,0,25.924835205078125
1660,1,24.47282600402832
1661,0,25.924835205078125
1661,1,24.47282600402832
1662,0,25.434309005737305
1662,1,23.208393096923828
1663,0,25.434309005737305
1663,1,23.208393096923828
1664,0,27.37628746032715
1664,1,25.580366134643555
1665,0,27.37628746032715
1665,1,25.580366134643555
1666,0,28.566497802734375
1666,1,28.220685958862305
1667,0,28.566497802734375
1667,1,28.220685958862305
1668,0,28.3339786529541
1668,1,27.063365936279297
1669,0,28.3339786529541
1669,1,27.063365936279297
1670,0,27.37628746032715
1670,1,25.580366134643555
1671,0,25.924835205078125
1671,1,24.47282600402832
1672,0,25.924835205078125
1672,1,24.47282600402832
1673,0,27.481212615966797
1673,1,27.298114776611328
1674,0,27.481212615966797
1674,1,27.298114776611328
1675,0,-1
1675,1,-1
1676,0,-1
1676,1,-1
1677,0,27.37628746032715
1677,1,25.580366134643555
1678,0,27.37628746032715
1678,1,25.580366134643555
1679,0,28.566497802734375
1679,1,28.220685958862305
1680,0,28.566497802734375
1680,1,28.220685958862305
1681,0,28.3339786529541
1681,1,27.063365936279297
1682,0,28.3339786529541
1682,1,27.063365936279297
1683,0,28.23904800415039
1683,1,22.336868286132812
1684,0,28.23904800415039
1684,1,22.336868286132812
