root_idx,cut_idx,l1_idx,l2_idx,l3_idx,l4_idx,l5_idx,vol_cut,cut_height,canon_tt_0,cannon_tt_1
7,1,0,1,-1,-1,-1,1,1,2004318071,286331153
8,2,3,4,-1,-1,-1,1,1,2004318071,286331153
9,3,7,8,-1,-1,-1,1,1,2004318071,286331153
9,4,3,4,7,-1,-1,2,2,2139062143,16843009
9,5,0,1,8,-1,-1,2,2,2139062143,16843009
9,6,0,1,3,4,-1,3,2,2147450879,65537
10,7,1,3,-1,-1,-1,1,1,2004318071,286331153
11,8,4,10,-1,-1,-1,1,2,2004318071,286331153
11,9,1,3,4,-1,-1,2,2,2139062143,16843009
12,10,9,11,-1,-1,-1,1,1,2004318071,286331153
12,11,7,8,11,-1,-1,2,2,522133279,117901063
12,12,4,9,10,-1,-1,2,3,926365495,320017171
12,13,0,1,3,4,-1,6,3,458759,536813567
12,14,0,1,8,11,-1,3,3,33489407,8323199
12,15,3,4,7,10,-1,4,3,20119859,863974271
12,16,3,4,7,11,-1,3,3,33489407,8323199
12,17,1,3,4,7,-1,5,3,16974083,1065303935
12,18,1,3,4,9,-1,3,3,33489407,8323199
12,19,4,7,8,10,-1,3,3,56034135,356455743
12,20,0,1,3,4,10,5,3,65791,16744447
12,21,0,1,3,4,11,4,3,131071,32767
12,22,0,1,3,4,8,5,3,214087,501039103
12,23,0,1,4,8,10,4,3,1117983,118454271
12,24,1,3,4,7,8,4,3,16843263,8355711
13,25,2,12,-1,-1,-1,1,4,2004318071,286331153
13,26,2,9,11,-1,-1,2,4,1465341783,353703189
13,27,2,4,9,10,-1,3,4,1465866079,85263637
13,28,2,7,8,11,-1,3,4,1434408319,22348117
13,29,2,4,7,8,10,4,4,1467441151,332053
13,30,1,2,3,4,9,4,4,859013119,78643
13,31,1,2,3,4,7,6,4,1073709055,65539
13,32,2,3,4,7,11,4,4,1431666687,87381
13,33,2,3,4,7,10,5,4,1600094207,66821
13,34,0,1,2,8,11,4,4,252674047,69391
13,35,0,1,2,3,4,7,4,536870911,7
14,36,1,3,-1,-1,-1,1,1,2004318071,286331153
15,37,4,14,-1,-1,-1,1,2,2004318071,286331153
15,38,1,3,4,-1,-1,2,2,2139062143,16843009
16,39,3,4,-1,-1,-1,1,1,2004318071,286331153
17,40,3,4,-1,-1,-1,3,2,1717986918,1717986918
17,41,8,16,-1,-1,-1,1,1,2004318071,286331153
17,42,3,4,8,-1,-1,2,2,522133279,117901063
17,43,3,4,16,-1,-1,2,2,522133279,117901063
18,44,1,17,-1,-1,-1,1,3,2004318071,286331153
18,45,1,8,16,-1,-1,2,3,1465341783,353703189
18,46,1,3,4,-1,-1,4,3,2105376125,336860180
18,47,1,3,4,16,-1,3,3,1434408319,22348117
18,48,1,3,4,8,-1,3,3,1434408319,22348117
19,49,15,18,-1,-1,-1,1,2,2004318071,286331153
19,50,1,3,4,-1,-1,7,4,471604252,1027423549
19,51,1,15,17,-1,-1,2,4,926365495,320017171
19,52,4,14,18,-1,-1,2,4,522133279,117901063
19,53,1,3,4,8,-1,6,4,408754269,364713405
19,54,1,3,4,16,-1,6,4,56034135,356455743
19,55,1,3,4,14,-1,6,4,337581087,131532759
19,56,1,3,4,15,-1,5,4,352261375,8192125
19,57,1,8,15,16,-1,3,4,526327647,84346119
19,58,1,3,4,17,-1,4,4,27984299,364844479
19,59,1,3,4,18,-1,3,4,33489407,8323199
19,60,1,4,14,17,-1,3,4,56034135,356455743
19,61,1,3,4,8,14,5,4,22409717,84366839
19,62,1,3,4,8,15,4,4,22413311,21887
19,63,1,3,4,14,16,5,4,17782111,89460607
19,64,1,3,4,15,16,4,4,33510911,5570687
19,65,1,4,8,14,16,4,4,87512439,290788191
19,66,1,3,4,8,16,5,4,28027819,353703359
20,67,2,19,-1,-1,-1,1,5,2004318071,286331153
20,68,2,15,18,-1,-1,2,5,1465341783,353703189
20,69,2,4,14,18,-1,3,5,1434408319,22348117
20,70,1,2,15,17,-1,3,5,926889791,51577619
20,71,1,2,3,4,-1,8,5,1073168375,19923248
20,72,1,2,4,14,17,4,5,930562047,200979
20,73,1,2,3,4,18,4,5,859013119,78643
20,74,1,2,3,4,17,5,5,930594815,74275
20,75,1,2,8,15,16,4,5,863449983,20123955
20,76,1,2,3,4,15,6,5,859013111,17838899
20,77,1,2,3,4,14,7,5,864024447,17826099
20,78,1,2,3,4,16,7,5,930562047,200979
20,79,1,2,3,4,8,7,5,930594807,18878769
21,80,13,20,-1,-1,-1,1,2,2004318071,286331153
21,81,2,13,19,-1,-1,2,6,926365495,320017171
21,82,2,12,19,-1,-1,3,6,454761243,454761243
21,83,2,12,20,-1,-1,2,6,522133279,117901063
21,84,2,12,15,18,-1,4,6,465247163,286986523
21,85,2,13,15,18,-1,3,6,930559863,286462227
21,86,2,9,11,19,-1,4,6,364844479,27984299
21,87,2,9,11,20,-1,3,6,369038847,5701719
21,88,0,1,2,3,4,15,6,229120,33554239
21,89,1,2,3,4,7,14,6,24117744,267853815
21,90,1,2,3,4,9,13,6,24169980,53563389
21,91,1,2,3,4,12,10,6,19975676,53596157
21,92,1,2,3,4,13,9,6,19988479,16375
21,93,1,2,12,15,17,5,6,63915983,54985679
21,94,1,2,13,15,17,4,6,255795007,50791183
21,95,2,7,8,11,19,5,6,22391807,1419967
21,96,2,7,8,11,20,4,6,22413311,21887
21,97,2,4,12,14,18,5,6,86486959,84223919
21,98,2,4,13,14,18,4,6,253714271,84215567
21,99,2,4,9,10,19,5,6,85307327,17148847
21,100,2,4,9,10,20,4,6,85327871,22367
21,101,2,9,11,15,18,5,6,364887999,16843179
22,102,0,8,-1,-1,-1,1,2,2004318071,286331153
22,103,0,3,4,-1,-1,2,2,1465341783,353703189
23,104,0,8,-1,-1,-1,2,3,2004318071,286331153
23,105,0,22,-1,-1,-1,1,3,2004318071,286331153
23,106,0,3,4,-1,-1,3,3,2139062143,16843009
24,107,1,23,-1,-1,-1,1,4,2004318071,286331153
24,108,0,1,22,-1,-1,2,4,926365495,320017171
24,109,0,1,8,-1,-1,3,4,926365495,320017171
24,110,0,1,3,4,-1,4,4,859255607,322114355
25,111,3,4,-1,-1,-1,2,2,2004318071,286331153
25,112,3,16,-1,-1,-1,1,2,2004318071,286331153
26,113,1,25,-1,-1,-1,1,3,2004318071,286331153
26,114,1,3,16,-1,-1,2,3,1465341783,353703189
26,115,1,3,4,-1,-1,3,3,1465341783,353703189
27,116,24,26,-1,-1,-1,1,2,2004318071,286331153
27,117,1,23,26,-1,-1,2,5,522133279,117901063
27,118,1,23,25,-1,-1,3,5,454761243,454761243
27,119,1,24,25,-1,-1,2,5,926365495,320017171
27,120,0,1,3,4,-1,8,5,1040137727,1835036
27,121,0,1,8,25,-1,5,5,333386719,30212557
27,122,0,1,8,26,-1,4,5,335483903,3604535
27,123,1,3,4,23,-1,5,5,364844479,27984299
27,124,1,3,4,24,-1,4,5,369038847,5701719
27,125,0,1,22,25,-1,4,5,333386719,30212557
27,126,0,1,22,26,-1,3,5,335483903,3604535
27,127,1,3,16,23,-1,4,5,364844479,27984299
27,128,1,3,16,24,-1,3,5,369038847,5701719
27,129,0,1,3,4,16,7,5,1027603967,114881
27,130,0,1,3,4,25,6,5,322166783,117965
27,131,0,1,3,4,26,5,5,322174975,13111
27,132,0,1,3,8,16,6,5,490724863,1117213
27,133,0,1,3,4,8,7,5,501039103,214087
27,134,0,1,3,4,22,6,5,501039103,214087
27,135,0,1,3,16,22,5,5,501039103,214087
28,136,2,27,-1,-1,-1,1,6,2004318071,286331153
28,137,2,24,26,-1,-1,2,6,1465341783,353703189
28,138,1,2,24,25,-1,3,6,926889791,51577619
28,139,1,2,23,25,-1,4,6,935278527,19071267
28,140,1,2,23,26,-1,3,6,863974271,20119859
28,141,1,2,3,16,24,4,6,859010943,17904435
28,142,1,2,3,16,23,5,6,859290559,17900339
28,143,0,1,2,22,26,4,6,252657535,16977679
28,144,0,1,2,22,25,5,6,253743071,16977167
28,145,1,2,3,4,24,5,6,859010943,17904435
28,146,1,2,3,4,23,6,6,859290559,17900339
28,147,0,1,2,8,26,5,6,252657535,16977679
28,148,0,1,2,8,25,6,6,253743071,16977167
28,149,0,1,2,3,4,9,6,252649423,51187471
29,150,3,4,-1,-1,-1,1,1,2004318071,286331153
30,151,3,4,-1,-1,-1,2,2,2004318071,286331153
30,152,3,29,-1,-1,-1,1,2,2004318071,286331153
31,153,1,30,-1,-1,-1,1,3,2004318071,286331153
31,154,1,3,29,-1,-1,2,3,1465341783,353703189
31,155,1,3,4,-1,-1,3,3,1465341783,353703189
32,156,1,30,-1,-1,-1,2,4,2004318071,286331153
32,157,1,31,-1,-1,-1,1,4,2004318071,286331153
32,158,1,3,4,-1,-1,4,4,2139062143,16843009
32,159,1,3,29,-1,-1,3,4,2139062143,16843009
33,160,2,32,-1,-1,-1,1,5,2004318071,286331153
33,161,1,2,31,-1,-1,2,5,926365495,320017171
33,162,1,2,30,-1,-1,3,5,926365495,320017171
33,163,1,2,3,29,-1,4,5,859255607,322114355
33,164,1,2,3,4,-1,5,5,859255607,322114355
34,165,28,33,-1,-1,-1,1,2,2004318071,286331153
34,166,2,27,33,-1,-1,2,7,522133279,117901063
34,167,2,27,32,-1,-1,3,7,454761243,454761243
34,168,2,28,32,-1,-1,2,7,926365495,320017171
34,169,1,2,27,30,-1,5,7,490675519,54985543
34,170,1,2,28,30,-1,4,7,524230463,50791175
34,171,2,24,26,32,-1,4,7,364844479,27984299
34,172,2,24,26,33,-1,3,7,369038847,5701719
34,173,1,2,27,31,-1,4,7,490675519,54985543
34,174,1,2,28,31,-1,3,7,524230463,50791175
34,175,0,1,2,3,4,15,7,1071641599,213040
34,176,1,2,3,4,23,12,7,929546223,17048358
34,177,1,2,3,4,24,11,7,929562607,101513
34,178,1,2,23,26,30,7,7,366819327,1262679
34,179,1,2,23,26,31,6,7,366819327,1262679
34,180,1,2,23,26,32,5,7,20172287,1297631
34,181,1,2,23,26,33,4,7,20185087,13183
34,182,1,2,3,4,27,7,7,322166783,117965
34,183,1,2,3,4,28,6,7,322174975,13111
34,184,1,2,23,25,30,8,7,362624959,19106219
34,185,1,2,23,25,31,7,7,362624959,19106219
34,186,1,2,23,25,32,6,7,19123695,19123695
34,187,1,2,23,25,33,5,7,19136511,14271
34,188,1,2,3,27,29,6,7,333394943,3343415
34,189,1,2,3,28,29,5,7,335492095,3342391
34,190,1,2,24,25,31,6,7,496844735,17009035
34,191,1,2,24,25,32,5,7,51630047,17026511
34,192,1,2,24,25,33,4,7,51642367,14143
34,193,1,2,24,25,30,7,7,496844735,17009035
34,194,1,2,24,26,30,6,7,501039103,214087
34,195,1,2,24,26,31,5,7,501039103,214087
35,196,0,17,-1,-1,-1,1,3,2004318071,286331153
35,197,0,8,16,-1,-1,2,3,1465341783,353703189
35,198,0,3,4,-1,-1,4,3,2105376125,336860180
35,199,0,3,4,16,-1,3,3,1434408319,22348117
35,200,0,3,4,8,-1,3,3,1434408319,22348117
36,201,3,4,-1,-1,-1,2,2,2004318071,286331153
36,202,3,8,-1,-1,-1,1,2,2004318071,286331153
37,203,0,36,-1,-1,-1,1,3,2004318071,286331153
37,204,0,3,8,-1,-1,2,3,1465341783,353703189
37,205,0,3,4,-1,-1,3,3,1465341783,353703189
38,206,35,37,-1,-1,-1,1,1,2004318071,286331153
38,207,0,3,4,-1,-1,7,4,1027423549,471604252
38,208,0,17,37,-1,-1,2,4,522133279,117901063
38,209,0,17,36,-1,-1,3,4,454761243,454761243
38,210,0,35,36,-1,-1,2,4,926365495,320017171
38,211,0,3,4,16,-1,6,4,499064255,25887115
38,212,0,3,4,8,-1,7,4,918435518,339088438
38,213,0,3,4,36,-1,6,4,348001470,348001470
38,214,0,3,4,37,-1,5,4,352261375,8192125
38,215,0,3,4,17,-1,5,4,364844479,27984299
38,216,0,3,4,35,-1,4,4,369038847,5701719
38,217,0,8,16,36,-1,4,4,364844479,27984299
38,218,0,8,16,37,-1,3,4,369038847,5701719
38,219,0,3,8,16,-1,5,4,532619199,17498379
38,220,0,3,8,17,-1,4,4,364844479,27984299
38,221,0,3,8,35,-1,3,4,369038847,5701719
38,222,0,3,4,8,36,5,4,22391807,1419967
38,223,0,3,4,8,37,4,4,22413311,21887
38,224,0,3,4,16,36,5,4,22391807,1419967
38,225,0,3,4,16,37,4,4,22413311,21887
38,226,0,3,4,8,16,6,4,364887999,16843179
39,227,1,38,-1,-1,-1,1,5,2004318071,286331153
39,228,1,35,37,-1,-1,2,5,1465341783,353703189
39,229,0,1,35,36,-1,3,5,926889791,51577619
39,230,0,1,17,36,-1,4,5,935278527,19071267
39,231,0,1,17,37,-1,3,5,863974271,20119859
39,232,0,1,3,4,-1,8,5,938686451,53543729
39,233,0,1,3,8,35,4,5,859010943,17904435
39,234,0,1,3,8,17,5,5,859290559,17900339
39,235,0,1,3,8,16,6,5,859255743,20128563
39,236,0,1,8,16,37,4,5,859010943,17904435
39,237,0,1,8,16,36,5,5,859290559,17900339
39,238,0,1,3,4,35,5,5,859010943,17904435
39,239,0,1,3,4,17,6,5,859290559,17900339
39,240,0,1,3,4,37,6,5,859013111,17838899
39,241,0,1,3,4,36,7,5,930332667,17834802
39,242,0,1,3,4,8,8,5,930299771,51520306
39,243,0,1,3,4,16,7,5,859288511,19997491
40,244,24,39,-1,-1,-1,1,2,2004318071,286331153
40,245,1,24,38,-1,-1,2,6,926365495,320017171
40,246,1,23,38,-1,-1,3,6,454761243,454761243
40,247,1,23,39,-1,-1,2,6,522133279,117901063
40,248,0,1,3,4,-1,12,6,1071071191,51643156
40,249,0,1,8,38,-1,5,6,333386719,30212557
40,250,0,1,8,39,-1,4,6,335483903,3604535
40,251,1,23,35,37,-1,4,6,465247163,286986523
40,252,1,24,35,37,-1,3,6,930559863,286462227
40,253,0,1,22,38,-1,4,6,333386719,30212557
40,254,0,1,22,39,-1,3,6,335483903,3604535
40,255,0,1,3,4,16,11,6,936886239,17310504
40,256,0,1,3,4,36,11,6,913555195,18096950
40,257,0,1,3,4,37,10,6,913571583,101577
40,258,0,1,3,4,17,10,6,928497631,17310506
40,259,0,1,3,4,35,9,6,928514015,85061
40,260,0,1,8,16,36,9,6,913751806,21072329
40,261,0,1,8,16,37,8,6,913768190,16878025
40,262,0,1,3,8,16,10,6,937279453,25699208
40,263,0,1,3,8,17,9,6,928366557,25699242
40,264,0,1,3,8,35,8,6,928382941,1133653
40,265,0,1,3,4,8,12,6,500514807,19940724
40,266,0,1,3,4,22,11,6,500514807,19940724
40,267,0,1,3,4,23,10,6,53596157,19975676
40,268,0,1,3,4,24,9,6,53608447,14323
40,269,0,1,8,17,37,7,6,328982495,16878029
40,270,0,1,17,22,37,6,6,423353855,1150109
40,271,0,1,17,23,37,5,6,30225407,3361919
40,272,0,1,17,24,37,4,6,33502207,3342463
40,273,0,1,8,17,36,8,6,328947679,21334477
40,274,0,1,17,22,36,7,6,423320959,21308263
40,275,0,1,17,23,36,6,6,30221295,30221295
40,276,0,1,17,24,36,5,6,33498111,3604671
40,277,0,1,3,4,38,6,6,322166783,117965
40,278,0,1,3,4,39,5,6,322174975,13111
40,279,0,1,22,35,36,6,6,333404127,21299661
40,280,0,1,23,35,36,5,6,63915983,54985679
40,281,0,1,24,35,36,4,6,255795007,50791183
40,282,0,1,8,35,36,7,6,333404127,21299661
40,283,0,1,8,35,37,6,6,333438943,16843213
40,284,0,1,22,35,37,5,6,333438943,16843213
41,285,2,40,-1,-1,-1,1,7,2004318071,286331153
41,286,2,24,39,-1,-1,2,7,1465341783,353703189
41,287,1,2,23,39,-1,3,7,863974271,20119859
41,288,1,2,23,38,-1,4,7,935278527,19071267
41,289,1,2,24,38,-1,3,7,926889791,51577619
41,290,0,1,2,22,39,4,7,252657535,16977679
41,291,0,1,2,22,38,5,7,253743071,16977167
41,292,1,2,24,35,37,4,7,926365503,51581715
41,293,1,2,23,35,37,5,7,926365631,19079971
41,294,0,1,2,8,39,5,7,252657535,16977679
41,295,0,1,2,8,38,6,7,253743071,16977167
41,296,0,1,2,3,4,13,7,255795023,51318023
42,297,2,40,-1,-1,-1,2,8,2004318071,286331153
42,298,2,41,-1,-1,-1,1,8,2004318071,286331153
42,299,2,24,39,-1,-1,3,8,2139062143,16843009
42,300,1,2,24,38,-1,4,8,1065303935,16974083
42,301,1,2,23,38,-1,5,8,935278527,19071267
42,302,1,2,23,39,-1,4,8,939472895,1245203
42,303,0,1,2,3,4,14,8,1073733503,196868
42,304,0,1,2,8,38,7,8,524279807,68621
42,305,0,1,2,8,39,6,8,524287999,775
42,306,1,2,23,35,37,6,8,935313343,16843043
42,307,1,2,24,35,37,5,8,1065320319,16843011
42,308,0,1,2,22,38,6,8,524279807,68621
42,309,0,1,2,22,39,5,8,524287999,775
43,310,0,3,-1,-1,-1,1,1,2004318071,286331153
44,311,29,43,-1,-1,-1,1,1,2004318071,286331153
44,312,0,3,29,-1,-1,2,2,2139062143,16843009
44,313,0,3,4,-1,-1,3,2,2139062143,16843009
44,314,3,4,43,-1,-1,2,2,522133279,117901063
45,315,0,17,-1,-1,-1,1,3,2004318071,286331153
45,316,0,8,16,-1,-1,2,3,1465341783,353703189
45,317,0,3,4,-1,-1,4,3,2105376125,336860180
45,318,0,3,4,16,-1,3,3,1434408319,22348117
45,319,0,3,4,8,-1,3,3,1434408319,22348117
46,320,44,45,-1,-1,-1,1,2,2004318071,286331153
46,321,0,3,4,-1,-1,8,4,471604252,1027423549
46,322,0,17,44,-1,-1,2,4,522133279,117901063
46,323,29,43,45,-1,-1,2,3,522133279,117901063
46,324,0,3,4,8,-1,7,4,56034135,356455743
46,325,0,3,4,16,-1,7,4,408754269,364713405
46,326,0,3,4,43,-1,7,4,339678271,64422871
46,327,3,4,43,45,-1,3,4,134154239,2031647
46,328,0,3,4,29,-1,7,4,339088438,918435518
46,329,0,3,4,44,-1,5,4,352261375,8192125
46,330,0,3,4,17,-1,5,4,27984299,364844479
46,331,0,3,4,45,-1,4,4,33489407,8323199
46,332,0,8,16,44,-1,3,4,369038847,5701719
46,333,0,3,17,29,-1,4,4,86443303,459217759
46,334,0,3,29,45,-1,3,4,33489407,8323199
46,335,0,17,29,43,-1,3,4,287248671,125241207
46,336,0,3,4,8,43,6,4,22400991,16995807
46,337,0,3,4,8,29,6,4,22356855,289101183
46,338,0,3,4,8,44,4,4,22413311,21887
46,339,0,3,4,16,29,6,4,22383069,295392735
46,340,0,3,4,16,44,4,4,22413311,21887
46,341,0,3,4,16,43,6,4,22410231,16995831
46,342,0,3,4,17,43,4,4,5586815,16995839
46,343,0,3,4,29,43,6,4,336860415,8224125
46,344,0,3,4,8,16,6,4,28027819,353703359
46,345,0,8,16,29,43,4,4,353703423,5723991
46,346,0,3,8,16,29,5,4,89466743,287003999
47,347,1,46,-1,-1,-1,1,5,2004318071,286331153
47,348,1,44,45,-1,-1,2,5,1465341783,353703189
47,349,1,29,43,45,-1,3,5,1434408319,22348117
47,350,0,1,17,44,-1,3,5,863974271,20119859
47,351,0,1,3,4,-1,9,5,1073168375,19923248
47,352,0,1,17,29,43,4,5,863993727,16843059
47,353,0,1,3,29,45,4,5,859013119,78643
47,354,0,1,3,17,29,5,5,935294975,1114643
47,355,0,1,8,16,44,4,5,859010943,17904435
47,356,0,1,3,4,45,5,5,859013119,78643
47,357,0,1,3,4,17,6,5,930594815,74275
47,358,0,1,3,4,44,6,5,859013111,17838899
47,359,0,1,3,4,29,8,5,1065074683,17826578
47,360,1,3,4,43,45,4,5,1431656447,1398101
47,361,0,1,3,4,43,8,5,859830143,17826611
47,362,0,1,3,4,16,8,5,930594807,18878769
47,363,0,1,3,4,8,8,5,930562047,200979
48,364,26,47,-1,-1,-1,1,3,2004318071,286331153
48,365,1,26,46,-1,-1,2,6,926365495,320017171
48,366,1,25,46,-1,-1,3,6,454761243,454761243
48,367,1,25,47,-1,-1,2,6,522133279,117901063
48,368,0,1,3,4,-1,12,6,133367795,66126833
48,369,1,3,4,46,-1,5,6,364844479,27984299
48,370,1,3,4,47,-1,4,6,369038847,5701719
48,371,1,25,44,45,-1,4,6,465247163,286986523
48,372,1,26,44,45,-1,3,6,930559863,286462227
48,373,1,3,16,46,-1,4,6,364844479,27984299
48,374,1,3,16,47,-1,3,6,369038847,5701719
48,375,0,1,3,4,8,11,6,66275319,30475251
48,376,0,1,3,4,43,11,6,124981247,995615
48,377,1,3,4,43,45,8,6,356499391,16843691
48,378,0,1,3,4,29,11,6,125011955,64103410
48,379,0,1,3,4,44,9,6,125030399,246863
48,380,0,1,3,4,17,10,6,57904123,30483443
48,381,0,1,3,4,45,9,6,57921535,246991
48,382,0,1,3,4,16,12,6,130234355,53593073
48,383,0,1,3,4,25,11,6,19975676,53596157
48,384,0,1,3,4,26,10,6,19988479,16375
48,385,0,1,17,25,44,5,6,30225407,3361919
48,386,0,1,17,26,44,4,6,33502207,3342463
48,387,1,25,29,43,45,5,6,287030203,286333883
48,388,1,26,29,43,45,4,6,859273079,286331699
48,389,1,3,4,44,45,6,6,364887999,16843179
48,390,1,3,16,44,45,5,6,364887999,16843179
49,391,2,48,-1,-1,-1,1,7,2004318071,286331153
49,392,2,26,47,-1,-1,2,7,1465341783,353703189
49,393,1,2,25,47,-1,3,7,863974271,20119859
49,394,1,2,25,46,-1,4,7,935278527,19071267
49,395,1,2,26,46,-1,3,7,926889791,51577619
49,396,1,2,3,16,47,4,7,859010943,17904435
49,397,1,2,3,16,46,5,7,859290559,17900339
49,398,1,2,26,44,45,4,7,926365503,51581715
49,399,1,2,25,44,45,5,7,926365631,19079971
49,400,1,2,3,4,47,5,7,859010943,17904435
49,401,1,2,3,4,46,6,7,859290559,17900339
49,402,0,1,2,3,4,13,7,255852319,462595
50,403,2,25,-1,-1,-1,1,3,2004318071,286331153
50,404,2,3,16,-1,-1,2,3,1465341783,353703189
50,405,2,3,4,-1,-1,3,3,1465341783,353703189
51,406,49,50,-1,-1,-1,1,5,2004318071,286331153
51,407,2,48,50,-1,-1,2,8,522133279,117901063
51,408,2,25,48,-1,-1,3,8,454761243,454761243
51,409,2,25,49,-1,-1,2,8,522133279,117901063
51,410,1,2,25,46,-1,6,8,126814095,126814095
51,411,1,2,25,47,-1,5,8,131008463,55509839
51,412,2,3,4,48,-1,5,8,364844479,27984299
51,413,2,3,4,49,-1,4,8,369038847,5701719
51,414,2,25,26,47,-1,4,8,465247163,286986523
51,415,2,26,47,50,-1,3,8,369038847,5701719
51,416,2,3,16,48,-1,4,8,364844479,27984299
51,417,2,3,16,49,-1,3,8,369038847,5701719
51,418,0,1,2,3,4,15,8,8388415,261889
51,419,1,2,3,4,46,8,8,125276159,493711
51,420,1,2,3,4,47,7,8,125292543,214095
51,421,1,2,25,44,45,7,8,126848911,117901199
51,422,1,2,3,16,46,7,8,125276159,493711
51,423,1,2,3,16,47,6,8,125292543,214095
51,424,1,2,25,26,46,5,8,63915983,54985679
51,425,1,2,26,46,50,4,8,51642367,14143
51,426,1,2,25,46,50,5,8,19136511,14271
51,427,1,2,25,47,50,4,8,20185087,13183
51,428,2,3,4,26,47,6,8,364887999,16843179
51,429,2,3,16,26,47,5,8,364887999,16843179
52,430,0,3,-1,-1,-1,1,1,2004318071,286331153
53,431,4,5,-1,-1,-1,1,1,2004318071,286331153
54,432,52,53,-1,-1,-1,1,1,2004318071,286331153
54,433,4,5,52,-1,-1,2,2,2139062143,16843009
54,434,0,3,53,-1,-1,2,2,2139062143,16843009
54,435,0,3,4,5,-1,3,2,2147450879,65537
55,436,3,6,-1,-1,-1,1,1,2004318071,286331153
56,437,8,55,-1,-1,-1,1,1,2004318071,286331153
56,438,3,6,8,-1,-1,2,2,2139062143,16843009
56,439,3,4,6,-1,-1,3,2,2139062143,16843009
56,440,3,4,55,-1,-1,2,2,522133279,117901063
57,441,3,5,-1,-1,-1,1,1,2004318071,286331153
58,442,8,57,-1,-1,-1,1,1,2004318071,286331153
58,443,3,5,8,-1,-1,2,2,2139062143,16843009
58,444,3,4,5,-1,-1,3,2,2139062143,16843009
58,445,3,4,57,-1,-1,2,2,522133279,117901063
59,446,3,5,-1,-1,-1,1,1,2004318071,286331153
60,447,58,59,-1,-1,-1,1,2,2004318071,286331153
60,448,3,4,5,-1,-1,5,3,353703189,1465341783
60,449,3,5,8,-1,-1,4,3,353703189,1465341783
60,450,8,57,59,-1,-1,2,2,522133279,117901063
60,451,3,5,58,-1,-1,2,3,522133279,117901063
60,452,3,4,5,57,-1,4,3,96404927,28246447
60,453,3,4,57,59,-1,3,3,134154239,2031647
60,454,3,4,5,59,-1,4,3,33489407,8323199
60,455,3,5,8,59,-1,3,3,33489407,8323199
60,456,3,5,8,57,-1,3,3,287248671,125241207
61,457,6,60,-1,-1,-1,1,4,2004318071,286331153
61,458,6,58,59,-1,-1,2,4,1465341783,353703189
61,459,3,5,6,58,-1,3,4,259985279,17760527
61,460,6,8,57,59,-1,3,4,1434408319,22348117
61,461,3,5,6,8,-1,5,4,1602183039,17105157
61,462,3,4,5,6,-1,6,4,1476351999,1376277
61,463,3,5,6,8,57,4,4,260013951,16843023
61,464,3,5,6,8,59,4,4,252674047,69391
61,465,3,4,5,6,59,5,4,16744447,65791
61,466,3,4,6,57,59,4,4,252649471,462607
61,467,3,4,5,6,57,5,4,33533951,327871
62,468,56,61,-1,-1,-1,1,3,2004318071,286331153
62,469,6,56,60,-1,-1,2,5,926365495,320017171
62,470,8,55,61,-1,-1,2,4,522133279,117901063
62,471,3,4,5,6,-1,9,5,286593301,1467438967
62,472,3,5,6,8,-1,8,5,22348117,1434408319
62,473,3,4,55,61,-1,3,5,134154239,2031647
62,474,3,4,6,60,-1,5,5,32571889,133629943
62,475,3,4,6,61,-1,4,5,33489407,8323199
62,476,6,56,58,59,-1,3,5,930559863,286462227
62,477,3,6,8,60,-1,4,5,30212557,333386719
62,478,3,6,8,61,-1,3,5,33489407,8323199
62,479,6,8,55,60,-1,3,5,56034135,356455743
62,480,3,4,5,6,57,8,5,85049105,29077435
62,481,3,4,6,57,59,7,5,28439025,117909495
62,482,3,4,5,6,59,8,5,17956625,7831415
62,483,3,5,6,8,59,7,5,1437941,84899327
62,484,3,5,6,8,57,7,5,22085983,92239231
62,485,3,4,5,6,55,8,5,1424319,17935359
62,486,3,4,5,6,56,7,5,1441791,22527
62,487,3,4,5,6,8,9,5,85021969,1433886583
62,488,3,5,6,8,55,7,5,17105407,8347519
62,489,3,5,6,8,56,6,5,17170431,24447
62,490,3,6,8,57,59,6,5,17681869,320020447
62,491,6,8,55,57,59,5,5,51599191,353711935
62,492,6,8,56,57,59,4,5,253714271,84215567
62,493,3,4,6,55,60,4,5,7802751,17764863
62,494,3,5,6,8,58,6,5,22089567,84899199
62,495,3,5,6,56,58,4,5,33492991,983167
62,496,3,4,5,6,58,7,5,85065489,7823223
62,497,3,4,6,58,59,6,5,32633329,117901303
62,498,6,8,55,58,59,4,5,56055639,353703231
62,499,3,6,8,58,59,5,5,30264781,320017375
63,500,0,62,-1,-1,-1,1,6,2004318071,286331153
63,501,0,56,61,-1,-1,2,6,1465341783,353703189
63,502,0,8,55,61,-1,3,6,1434408319,22348117
63,503,0,6,56,60,-1,3,6,1465866079,85263637
63,504,0,6,8,55,60,4,6,1467441151,332053
63,505,0,3,6,8,61,4,6,1431666687,87381
63,506,0,3,6,8,60,5,6,1465907199,86097
63,507,0,6,56,58,59,4,6,1465341791,85267733
63,508,0,3,4,6,61,5,6,1431666687,87381
63,509,0,3,4,6,60,6,6,1434451839,87297
63,510,0,3,4,55,61,4,6,1431656447,1398101
63,511,0,3,5,6,8,9,6,2004320255,69905
63,512,0,3,4,5,6,10,6,2004844415,16843025
64,513,54,63,-1,-1,-1,1,5,2004318071,286331153
64,514,0,54,62,-1,-1,2,7,926365495,320017171
64,515,52,53,63,-1,-1,2,6,522133279,117901063
64,516,0,3,53,62,-1,4,7,27984299,364844479
64,517,0,3,53,63,-1,3,7,33489407,8323199
64,518,0,54,56,61,-1,3,7,930559863,286462227
64,519,4,5,52,63,-1,3,7,33489407,8323199
64,520,0,52,53,62,-1,3,7,56034135,356455743
64,521,0,3,4,5,6,14,7,18940209,938981367
64,522,0,6,54,56,60,4,7,257892191,84346127
64,523,0,3,4,5,62,5,7,109227,357941247
64,524,0,3,4,5,63,4,7,131071,32767
64,525,0,8,54,55,61,4,7,253714271,84215567
64,526,0,3,53,56,61,5,7,28027819,353703359
64,527,0,52,53,56,61,4,7,56055639,353703231
64,528,0,4,5,52,62,4,7,218455,357908479
65,529,1,64,-1,-1,-1,1,8,2004318071,286331153
65,530,1,54,63,-1,-1,2,8,1465341783,353703189
65,531,1,52,53,63,-1,3,8,1434408319,22348117
65,532,0,1,54,62,-1,3,8,926889791,51577619
65,533,0,1,52,53,62,4,8,930562047,200979
65,534,1,4,5,52,63,4,8,1431666687,87381
65,535,0,1,54,56,61,4,8,926365503,51581715
65,536,0,1,3,53,63,4,8,859013119,78643
65,537,0,1,3,53,62,5,8,930594815,74275
66,538,2,65,-1,-1,-1,1,9,2004318071,286331153
66,539,1,2,64,-1,-1,2,9,926365495,320017171
66,540,1,2,54,63,-1,3,9,930559863,286462227
66,541,0,1,2,54,62,4,9,255795007,50791183
66,542,1,2,52,53,63,4,9,859273079,286331699
67,543,0,25,-1,-1,-1,1,3,2004318071,286331153
67,544,0,3,16,-1,-1,2,3,1465341783,353703189
67,545,0,3,4,-1,-1,3,3,1465341783,353703189
68,546,0,25,-1,-1,-1,2,4,2004318071,286331153
68,547,0,67,-1,-1,-1,1,4,2004318071,286331153
68,548,0,3,4,-1,-1,4,4,2139062143,16843009
68,549,0,3,16,-1,-1,3,4,2139062143,16843009
69,550,2,68,-1,-1,-1,1,5,2004318071,286331153
69,551,0,2,67,-1,-1,2,5,926365495,320017171
69,552,0,2,25,-1,-1,3,5,926365495,320017171
69,553,0,2,3,16,-1,4,5,859255607,322114355
69,554,0,2,3,4,-1,5,5,859255607,322114355
70,555,66,69,-1,-1,-1,1,5,2004318071,286331153
70,556,2,66,68,-1,-1,2,10,926365495,320017171
70,557,2,65,68,-1,-1,3,10,454761243,454761243
70,558,2,65,69,-1,-1,2,10,522133279,117901063
70,559,0,2,25,65,-1,5,10,333386719,30212557
70,560,0,2,25,66,-1,4,10,335483903,3604535
70,561,0,2,65,67,-1,4,10,490675519,54985543
70,562,0,2,66,67,-1,3,10,524230463,50791175
70,563,1,2,64,68,-1,4,10,333386719,30212557
70,564,1,2,64,69,-1,3,10,335483903,3604535
70,565,0,2,3,4,65,7,10,322166783,117965
70,566,0,2,3,4,66,6,10,322174975,13111
70,567,0,2,3,16,65,6,10,322166783,117965
70,568,0,2,3,16,66,5,10,322174975,13111
70,569,0,1,2,25,64,6,10,893384191,340021
70,570,1,2,54,63,68,5,10,286514655,17944029
70,571,1,2,54,63,69,4,10,286523391,14199
70,572,0,1,2,64,67,5,10,905265151,217171
71,573,3,6,-1,-1,-1,1,1,2004318071,286331153
72,574,56,71,-1,-1,-1,1,2,2004318071,286331153
72,575,3,4,6,-1,-1,5,3,353703189,1465341783
72,576,3,6,8,-1,-1,4,3,353703189,1465341783
72,577,8,55,71,-1,-1,2,2,522133279,117901063
72,578,3,6,56,-1,-1,2,3,522133279,117901063
72,579,3,4,6,55,-1,4,3,96404927,28246447
72,580,3,4,55,71,-1,3,3,134154239,2031647
72,581,3,4,6,71,-1,4,3,33489407,8323199
72,582,3,6,8,71,-1,3,3,33489407,8323199
72,583,3,6,8,55,-1,3,3,287248671,125241207
73,584,1,72,-1,-1,-1,1,4,2004318071,286331153
73,585,1,56,71,-1,-1,2,4,1465341783,353703189
73,586,1,3,6,56,-1,3,4,1434408319,22348117
73,587,1,8,55,71,-1,3,4,1434408319,22348117
73,588,1,3,6,8,-1,5,4,2004842367,17891601
73,589,1,3,4,6,-1,6,4,2004842367,17891601
73,590,1,3,6,8,55,4,4,1434419071,16843093
73,591,1,3,6,8,71,4,4,1431666687,87381
73,592,1,3,4,6,71,5,4,1431666687,87381
73,593,1,3,4,55,71,4,4,1431656447,1398101
73,594,1,3,4,6,55,5,4,1431821823,1131861
74,595,2,73,-1,-1,-1,1,5,2004318071,286331153
74,596,1,2,72,-1,-1,2,5,926365495,320017171
74,597,1,2,56,71,-1,3,5,930559863,286462227
74,598,1,2,3,4,6,7,5,859256631,320017203
74,599,1,2,3,6,8,6,5,859256631,320017203
74,600,1,2,8,55,71,4,5,859273079,286331699
74,601,1,2,3,6,56,4,5,859273079,286331699
75,602,1,25,-1,-1,-1,2,4,2004318071,286331153
75,603,1,26,-1,-1,-1,1,4,2004318071,286331153
75,604,1,3,4,-1,-1,4,4,2139062143,16843009
75,605,1,3,16,-1,-1,3,4,2139062143,16843009
76,606,2,75,-1,-1,-1,1,5,2004318071,286331153
76,607,1,2,26,-1,-1,2,5,926365495,320017171
76,608,1,2,25,-1,-1,3,5,926365495,320017171
76,609,1,2,3,16,-1,4,5,859255607,322114355
76,610,1,2,3,4,-1,5,5,859255607,322114355
77,611,74,76,-1,-1,-1,1,1,2004318071,286331153
77,612,2,73,76,-1,-1,2,6,522133279,117901063
77,613,2,73,75,-1,-1,3,6,454761243,454761243
77,614,2,74,75,-1,-1,2,6,926365495,320017171
77,615,1,2,25,72,-1,6,6,1474254815,21299525
77,616,1,2,25,73,-1,5,6,333386719,30212557
77,617,1,2,25,74,-1,4,6,335483903,3604535
77,618,1,2,72,75,-1,4,6,333386719,30212557
77,619,1,2,72,76,-1,3,6,335483903,3604535
77,620,1,2,26,72,-1,5,6,1474254815,21299525
77,621,1,2,26,73,-1,4,6,333386719,30212557
77,622,1,2,26,74,-1,3,6,335483903,3604535
77,623,1,2,3,4,6,13,6,2105539967,20971841
77,624,1,2,3,4,72,8,6,1467473919,83013
77,625,1,2,3,4,73,7,6,322166783,117965
77,626,1,2,3,4,74,6,6,322174975,13111
77,627,1,2,3,16,72,7,6,1467473919,83013
77,628,1,2,3,16,73,6,6,322166783,117965
77,629,1,2,3,16,74,5,6,322174975,13111
77,630,1,2,26,56,71,6,6,1465341919,21316933
77,631,1,2,56,71,75,5,6,286514655,17944029
77,632,1,2,56,71,76,4,6,286523391,14199
77,633,1,2,25,56,71,7,6,1465341919,21316933
78,634,1,8,-1,-1,-1,1,2,2004318071,286331153
78,635,1,3,4,-1,-1,2,2,1465341783,353703189
79,636,16,78,-1,-1,-1,1,2,2004318071,286331153
79,637,1,3,4,-1,-1,4,3,2105376125,336860180
79,638,1,8,16,-1,-1,2,3,2139062143,16843009
79,639,3,4,78,-1,-1,2,3,522133279,117901063
79,640,1,3,4,16,-1,3,3,1476351999,1376277
79,641,1,3,4,8,-1,3,3,1476351999,1376277
80,642,16,22,-1,-1,-1,1,2,2004318071,286331153
80,643,0,3,4,-1,-1,4,3,2105376125,336860180
80,644,0,8,16,-1,-1,2,3,2139062143,16843009
80,645,3,4,22,-1,-1,2,3,522133279,117901063
80,646,0,3,4,16,-1,3,3,1476351999,1376277
80,647,0,3,4,8,-1,3,3,1476351999,1376277
81,648,0,30,-1,-1,-1,1,3,2004318071,286331153
81,649,0,3,29,-1,-1,2,3,1465341783,353703189
81,650,0,3,4,-1,-1,3,3,1465341783,353703189
82,651,80,81,-1,-1,-1,1,1,2004318071,286331153
82,652,0,3,4,-1,-1,8,4,1027423549,471604252
82,653,16,22,81,-1,-1,2,3,522133279,117901063
82,654,0,30,80,-1,-1,2,4,522133279,117901063
82,655,0,3,4,8,-1,7,4,356455743,56034135
82,656,0,3,4,16,-1,7,4,364713405,408754269
82,657,0,3,4,22,-1,6,4,356455743,56034135
82,658,3,4,22,81,-1,3,4,134154239,2031647
82,659,0,8,16,30,-1,4,4,27984299,364844479
82,660,0,8,16,81,-1,3,4,33489407,8323199
82,661,0,3,4,80,-1,4,4,369038847,5701719
82,662,0,3,4,30,-1,6,4,348001470,348001470
82,663,0,3,4,81,-1,5,4,352261375,8192125
82,664,0,3,4,29,-1,7,4,918435518,339088438
82,665,0,3,29,80,-1,3,4,369038847,5701719
82,666,0,16,22,30,-1,3,4,56034135,356455743
82,667,0,3,4,8,29,6,4,289101183,22356855
82,668,0,3,4,8,30,5,4,1419967,22391807
82,669,0,3,4,8,81,4,4,1441791,22527
82,670,0,3,4,16,29,6,4,295392735,22383069
82,671,0,3,4,16,30,5,4,1419967,22391807
82,672,0,3,4,16,81,4,4,1441791,22527
82,673,0,3,4,22,29,5,4,289363327,22348663
82,674,0,3,4,22,30,4,4,4150655,22348799
82,675,0,3,8,16,29,5,4,287003999,89466743
82,676,0,3,4,8,16,6,4,353703359,28027819
82,677,0,3,4,16,22,5,4,353703423,5723991
82,678,0,3,16,22,29,4,4,287266143,89458551
83,679,1,82,-1,-1,-1,1,5,2004318071,286331153
83,680,1,80,81,-1,-1,2,5,1465341783,353703189
83,681,0,1,30,80,-1,3,5,863974271,20119859
83,682,1,16,22,81,-1,3,5,1434408319,22348117
83,683,0,1,3,4,-1,9,5,938686451,53543729
83,684,0,1,16,22,30,4,5,930562047,200979
83,685,0,1,3,29,80,4,5,859010943,17904435
83,686,0,1,3,4,29,8,5,930299771,51520306
83,687,0,1,3,4,81,6,5,859013111,17838899
83,688,0,1,3,4,30,7,5,930332667,17834802
83,689,0,1,3,4,80,5,5,859010943,17904435
83,690,0,1,8,16,81,4,5,859013119,78643
83,691,0,1,8,16,30,5,5,930594815,74275
83,692,1,3,4,22,81,4,5,1431656447,1398101
83,693,0,1,3,4,22,7,5,859797375,17892147
83,694,0,1,3,4,16,8,5,934508535,17900337
83,695,0,1,3,4,8,8,5,859797375,17892147
84,696,79,83,-1,-1,-1,1,3,2004318071,286331153
84,697,1,79,82,-1,-1,2,6,926365495,320017171
84,698,16,78,83,-1,-1,2,5,522133279,117901063
84,699,0,1,3,4,-1,12,6,267456497,133171184
84,700,3,4,78,83,-1,3,6,134154239,2031647
84,701,1,8,16,82,-1,4,6,27984299,364844479
84,702,1,8,16,83,-1,3,6,33489407,8323199
84,703,1,79,80,81,-1,3,6,930559863,286462227
84,704,1,3,4,82,-1,6,6,348001470,348001470
84,705,1,3,4,83,-1,5,6,352261375,8192125
84,706,1,16,78,82,-1,3,6,56034135,356455743
84,707,0,1,3,4,22,11,6,125046780,66078708
84,708,1,3,4,22,81,8,6,339656382,336862398
84,709,0,1,8,16,30,8,6,493711,125276159
84,710,0,1,8,16,81,7,6,511183,53694463
84,711,0,1,3,4,80,10,6,125095932,53495796
84,712,0,1,3,4,30,10,6,124817400,124817400
84,713,0,1,3,4,81,9,6,124833788,53497844
84,714,0,1,3,4,29,11,6,259559416,124784504
84,715,0,1,3,4,8,12,6,53547005,32558588
84,716,1,3,4,8,82,5,6,1419967,22391807
84,717,1,3,4,8,83,4,6,1441791,22527
84,718,0,1,3,4,78,11,6,53547007,1012543
84,719,0,1,3,4,79,10,6,53608447,14323
84,720,0,1,3,4,16,12,6,53596145,64016348
84,721,1,3,4,16,82,5,6,1419967,22391807
84,722,1,3,4,16,83,4,6,1441791,22527
84,723,1,8,16,22,81,6,6,17542059,353705919
84,724,1,16,22,78,81,5,6,20141431,290796415
84,725,1,16,22,79,81,4,6,33510911,5570687
84,726,1,3,4,78,82,4,6,4150655,22348799
84,727,0,1,30,79,80,4,6,33502207,3342463
84,728,1,8,16,80,81,5,6,28027819,353703359
84,729,1,16,78,80,81,4,6,56055639,353703231
84,730,1,3,4,80,81,7,6,348044990,336860350
85,731,2,84,-1,-1,-1,1,7,2004318071,286331153
85,732,2,79,83,-1,-1,2,7,1465341783,353703189
85,733,2,16,78,83,-1,3,7,1434408319,22348117
85,734,1,2,79,82,-1,3,7,926889791,51577619
85,735,1,2,16,78,82,4,7,930562047,200979
85,736,1,2,3,4,83,6,7,859013111,17838899
85,737,1,2,3,4,82,7,7,930332667,17834802
85,738,1,2,79,80,81,4,7,926365503,51581715
85,739,1,2,8,16,83,4,7,859013119,78643
85,740,1,2,8,16,82,5,7,930594815,74275
85,741,2,3,4,78,83,4,7,1431656447,1398101
85,742,0,1,2,3,4,13,7,260046607,986881
86,743,2,3,-1,-1,-1,1,1,2004318071,286331153
87,744,4,86,-1,-1,-1,1,2,2004318071,286331153
87,745,2,3,4,-1,-1,2,2,2139062143,16843009
88,746,85,87,-1,-1,-1,1,6,2004318071,286331153
88,747,2,84,87,-1,-1,2,8,522133279,117901063
88,748,4,85,86,-1,-1,2,8,926365495,320017171
88,749,2,79,83,87,-1,3,8,369038847,5701719
88,750,2,3,4,84,-1,4,8,27984299,364844479
88,751,2,3,4,85,-1,3,8,33489407,8323199
88,752,2,4,84,86,-1,3,8,87491895,324997983
88,753,0,1,2,3,4,16,8,987121,133230847
88,754,2,3,4,78,83,7,8,19639211,353703871
88,755,1,2,3,4,82,10,8,18621246,483213039
88,756,1,2,3,4,83,9,8,18625343,53725055
88,757,1,2,79,82,87,4,8,51642367,14143
88,758,2,16,78,83,87,4,8,22413311,21887
88,759,2,4,79,83,86,4,8,89470839,286479711
88,760,2,3,4,79,83,5,8,28027819,353703359
89,761,1,2,-1,-1,-1,1,1,2004318071,286331153
90,762,24,89,-1,-1,-1,1,4,2004318071,286331153
90,763,1,23,89,-1,-1,2,5,522133279,117901063
90,764,1,2,23,-1,-1,3,5,2139062143,16843009
90,765,1,2,24,-1,-1,2,5,2139062143,16843009
90,766,0,1,2,8,-1,5,5,2147450879,65537
90,767,0,1,8,89,-1,4,5,335483903,3604535
90,768,0,1,2,22,-1,4,5,2147450879,65537
90,769,0,1,22,89,-1,3,5,335483903,3604535
90,770,0,1,2,3,4,6,5,2147483647,1
90,771,0,1,3,4,89,5,5,322174975,13111
91,772,1,46,-1,-1,-1,1,5,2004318071,286331153
91,773,1,44,45,-1,-1,2,5,1465341783,353703189
91,774,1,29,43,45,-1,3,5,1434408319,22348117
91,775,0,1,17,44,-1,3,5,863974271,20119859
91,776,0,1,3,4,-1,9,5,1073168375,19923248
91,777,0,1,17,29,43,4,5,863993727,16843059
91,778,0,1,3,29,45,4,5,859013119,78643
91,779,0,1,3,17,29,5,5,935294975,1114643
91,780,0,1,8,16,44,4,5,859010943,17904435
91,781,0,1,3,4,45,5,5,859013119,78643
91,782,0,1,3,4,17,6,5,930594815,74275
91,783,0,1,3,4,44,6,5,859013111,17838899
91,784,0,1,3,4,29,8,5,1065074683,17826578
91,785,1,3,4,43,45,4,5,1431656447,1398101
91,786,0,1,3,4,43,8,5,859830143,17826611
91,787,0,1,3,4,16,8,5,930594807,18878769
91,788,0,1,3,4,8,8,5,930562047,200979
92,789,9,91,-1,-1,-1,1,4,2004318071,286331153
92,790,1,9,46,-1,-1,2,6,926365495,320017171
92,791,7,8,91,-1,-1,2,5,522133279,117901063
92,792,0,1,3,4,-1,12,6,55575376,1073037301
92,793,0,1,8,46,-1,4,6,30212557,333386719
92,794,0,1,8,91,-1,3,6,33489407,8323199
92,795,1,9,44,45,-1,3,6,930559863,286462227
92,796,3,4,7,91,-1,3,6,33489407,8323199
92,797,1,7,8,46,-1,3,6,56034135,356455743
92,798,0,1,3,4,16,11,6,27272098,930463733
92,799,0,1,3,4,43,11,6,22033264,523460599
92,800,0,1,3,4,29,11,6,22020946,1065009146
92,801,0,1,3,4,44,9,6,22033267,322134007
92,802,0,1,3,4,17,10,6,25174946,930463741
92,803,0,1,3,4,45,9,6,25179059,322166779
92,804,0,1,8,16,44,7,6,85276471,320034655
92,805,0,1,3,4,8,12,6,19940724,500514807
92,806,0,1,3,4,7,11,6,19926832,267616243
92,807,0,1,3,4,9,10,6,19988479,16375
92,808,0,1,8,17,44,6,6,21351885,320034783
92,809,0,1,9,17,44,4,6,253706047,50530063
92,810,0,1,3,4,46,5,6,117965,322166783
92,811,0,1,3,4,91,4,6,131071,32767
92,812,1,9,29,43,45,4,6,859273079,286331699
92,813,0,1,8,44,45,5,6,30264781,320017375
92,814,1,7,8,44,45,4,6,56055639,353703231
92,815,1,3,4,7,46,4,6,218455,357908479
93,816,2,92,-1,-1,-1,1,7,2004318071,286331153
93,817,2,9,91,-1,-1,2,7,1465341783,353703189
93,818,2,7,8,91,-1,3,7,1434408319,22348117
93,819,1,2,9,46,-1,3,7,926889791,51577619
93,820,1,2,7,8,46,4,7,930562047,200979
93,821,2,3,4,7,91,4,7,1431666687,87381
93,822,1,2,9,44,45,4,7,926365503,51581715
93,823,0,1,2,8,91,4,7,252674047,69391
93,824,0,1,2,8,46,5,7,524279807,68621
93,825,0,1,2,3,4,13,7,1073741663,197888
94,826,90,93,-1,-1,-1,1,3,2004318071,286331153
94,827,2,90,92,-1,-1,2,8,926365495,320017171
94,828,24,89,93,-1,-1,2,7,522133279,117901063
94,829,1,2,24,92,-1,4,8,30212557,333386719
94,830,1,2,24,93,-1,3,8,33489407,8323199
94,831,1,2,23,92,-1,5,8,30212557,333386719
94,832,1,2,23,93,-1,4,8,33489407,8323199
94,833,2,9,90,91,-1,3,8,526327647,84346119
94,834,1,23,89,93,-1,3,8,134154239,2031647
94,835,2,24,89,92,-1,3,8,56034135,356455743
94,836,0,1,2,3,4,19,8,215552,1073741662
94,837,0,1,2,8,46,11,8,1182750,507502335
94,838,0,1,2,8,91,10,8,1183519,118470655
94,839,0,1,22,89,93,4,8,3670015,5119
94,840,0,1,2,22,92,6,8,127217,118487039
94,841,0,1,2,22,93,5,8,131071,32767
94,842,0,1,8,89,93,5,8,3670015,5119
94,843,0,1,2,8,92,7,8,127217,118487039
94,844,0,1,2,8,93,6,8,131071,32767
94,845,1,2,9,23,46,7,8,54993767,423304511
94,846,1,2,9,46,90,4,8,51642367,14143
94,847,1,2,9,24,46,6,8,54993767,423304511
94,848,1,2,9,24,91,5,8,54997879,288562495
94,849,2,7,8,90,91,4,8,33510911,5570687
94,850,1,2,9,23,91,6,8,54997879,288562495
94,851,2,9,24,89,91,4,8,287266143,89458551
94,852,1,2,23,89,92,4,8,6239103,20121087
95,853,0,25,-1,-1,-1,1,3,2004318071,286331153
95,854,0,3,16,-1,-1,2,3,1465341783,353703189
95,855,0,3,4,-1,-1,3,3,1465341783,353703189
96,856,0,25,-1,-1,-1,2,4,2004318071,286331153
96,857,0,95,-1,-1,-1,1,4,2004318071,286331153
96,858,0,3,4,-1,-1,4,4,2139062143,16843009
96,859,0,3,16,-1,-1,3,4,2139062143,16843009
97,860,1,96,-1,-1,-1,1,5,2004318071,286331153
97,861,0,1,95,-1,-1,2,5,926365495,320017171
97,862,0,1,25,-1,-1,3,5,926365495,320017171
97,863,0,1,3,16,-1,4,5,859255607,322114355
97,864,0,1,3,4,-1,5,5,859255607,322114355
98,865,1,2,-1,-1,-1,1,1,2004318071,286331153
99,866,97,98,-1,-1,-1,1,5,2004318071,286331153
99,867,1,96,98,-1,-1,2,6,522133279,117901063
99,868,1,2,96,-1,-1,3,6,2139062143,16843009
99,869,1,2,97,-1,-1,2,6,2139062143,16843009
99,870,0,1,2,25,-1,5,6,2147450879,65537
99,871,0,1,25,98,-1,4,6,335483903,3604535
99,872,0,1,2,95,-1,4,6,2147450879,65537
99,873,0,1,95,98,-1,3,6,335483903,3604535
99,874,0,1,2,3,4,7,6,2147483647,1
99,875,0,1,3,4,98,6,6,322174975,13111
99,876,0,1,2,3,16,6,6,2147483647,1
99,877,0,1,3,16,98,5,6,322174975,13111
100,878,1,2,-1,-1,-1,1,1,2004318071,286331153
101,879,17,100,-1,-1,-1,1,2,2004318071,286331153
101,880,8,16,100,-1,-1,2,2,522133279,117901063
101,881,3,4,100,-1,-1,4,3,1869573999,101058054
101,882,1,2,17,-1,-1,2,3,2139062143,16843009
101,883,3,4,16,100,-1,3,3,134154239,2031647
101,884,3,4,8,100,-1,3,3,134154239,2031647
101,885,1,2,8,16,-1,3,3,2004842367,17891601
101,886,1,2,3,4,-1,5,3,2146926583,17826064
101,887,1,2,3,4,16,4,3,2004320255,69905
101,888,1,2,3,4,8,4,3,2004320255,69905
102,889,99,101,-1,-1,-1,1,4,2004318071,286331153
102,890,97,98,101,-1,-1,2,6,522133279,117901063
102,891,17,99,100,-1,-1,2,6,926365495,320017171
102,892,1,2,97,101,-1,3,7,33489407,8323199
102,893,1,2,17,97,-1,5,7,21299525,1474254815
102,894,1,2,17,96,-1,6,7,21299525,1474254815
102,895,1,2,17,99,-1,3,7,33489407,8323199
102,896,1,2,96,101,-1,4,7,33489407,8323199
102,897,3,4,99,100,-1,5,7,258936687,101647887
102,898,1,96,98,101,-1,3,7,134154239,2031647
102,899,8,16,99,100,-1,3,6,259985279,17760527
102,900,17,97,98,100,-1,3,6,56034135,356455743
102,901,0,1,2,3,4,12,7,197392,1073217343
102,902,0,1,95,98,101,4,7,3670015,5119
102,903,1,2,3,4,97,8,7,17843540,1467342845
102,904,1,2,3,4,96,9,7,17843540,1467342845
102,905,1,2,3,4,99,6,7,17891327,32759
102,906,0,1,2,17,95,7,7,200723,938950655
102,907,0,1,2,95,101,5,7,131071,32767
102,908,1,2,8,16,97,6,7,17909077,1431821791
102,909,1,2,8,16,96,7,7,17909077,1431821791
102,910,1,2,8,16,99,4,7,17956863,30591
102,911,0,1,25,98,101,5,7,3670015,5119
102,912,3,4,8,99,100,4,7,16719871,459007
102,913,0,1,2,17,25,8,7,200723,938950655
102,914,0,1,2,25,101,6,7,131071,32767
102,915,3,4,16,99,100,4,7,16719871,459007
102,916,1,2,17,97,100,4,7,1117983,118454271
102,917,1,2,17,96,98,5,7,16886783,1425343
102,918,1,2,17,97,98,4,7,16843263,8355711
102,919,1,2,17,96,100,5,7,1117983,118454271
102,920,3,4,97,98,100,6,7,1009263,107352063
102,921,1,17,96,98,100,4,7,6239103,20121087
102,922,8,16,97,98,100,4,6,1013631,17895423
103,923,78,97,-1,-1,-1,1,4,2004318071,286331153
103,924,1,78,96,-1,-1,2,6,926365495,320017171
103,925,1,8,96,-1,-1,3,6,454761243,454761243
103,926,1,8,97,-1,-1,2,6,522133279,117901063
103,927,0,1,3,4,-1,8,6,1040137727,1835036
103,928,0,1,8,25,-1,5,6,490675519,54985543
103,929,0,1,25,78,-1,4,6,335483903,3604535
103,930,0,1,8,95,-1,4,6,490675519,54985543
103,931,0,1,78,95,-1,3,6,524230463,50791175
103,932,1,3,4,96,-1,4,6,364844479,27984299
103,933,1,3,4,97,-1,3,6,369038847,5701719
103,934,0,1,3,4,8,7,6,322166783,117965
103,935,0,1,3,4,78,6,6,322174975,13111
103,936,0,1,3,4,16,7,6,1040007167,213059
103,937,0,1,3,8,16,6,6,333394943,3343415
103,938,0,1,3,16,78,5,6,322174975,13111
103,939,0,1,3,4,25,6,6,501039103,214087
103,940,0,1,3,4,95,5,6,501039103,214087
104,941,2,103,-1,-1,-1,1,7,2004318071,286331153
104,942,2,78,97,-1,-1,2,7,1465341783,353703189
104,943,1,2,8,97,-1,3,7,863974271,20119859
104,944,1,2,8,96,-1,4,7,935278527,19071267
104,945,1,2,78,96,-1,3,7,926889791,51577619
104,946,1,2,3,4,97,4,7,859010943,17904435
104,947,1,2,3,4,96,5,7,859290559,17900339
104,948,0,1,2,78,95,4,7,255790975,17761039
104,949,0,1,2,8,95,5,7,255807359,17629967
104,950,0,1,2,25,78,5,7,252657535,16977679
104,951,0,1,2,8,25,6,7,255807359,17629967
104,952,0,1,2,3,4,9,7,252649423,51187471
105,953,33,104,-1,-1,-1,1,3,2004318071,286331153
105,954,2,33,103,-1,-1,2,8,926365495,320017171
105,955,2,32,103,-1,-1,3,8,454761243,454761243
105,956,2,32,104,-1,-1,2,8,522133279,117901063
105,957,1,2,30,103,-1,5,8,333386719,30212557
105,958,1,2,30,104,-1,4,8,335483903,3604535
105,959,2,32,78,97,-1,4,8,465247163,286986523
105,960,2,33,78,97,-1,3,8,930559863,286462227
105,961,1,2,31,103,-1,4,8,333386719,30212557
105,962,1,2,31,104,-1,3,8,335483903,3604535
105,963,0,1,2,3,4,15,8,1071644668,245776
105,964,1,2,3,4,96,11,8,930463741,25174946
105,965,1,2,3,4,97,10,8,930480125,115781
105,966,1,2,30,78,96,7,8,333421535,25756109
105,967,1,2,31,78,96,6,8,333421535,25756109
105,968,1,2,32,78,96,5,8,63915983,54985679
105,969,1,2,33,78,96,4,8,255795007,50791183
105,970,1,2,3,4,103,7,8,322166783,117965
105,971,1,2,3,4,104,6,8,322174975,13111
105,972,1,2,8,30,96,8,8,355966399,25764779
105,973,1,2,8,31,96,7,8,355966399,25764779
105,974,1,2,8,32,96,6,8,30221295,30221295
105,975,1,2,8,33,96,5,8,33498111,3604671
105,976,1,2,3,29,103,6,8,322166783,117965
105,977,1,2,3,29,104,5,8,322174975,13111
105,978,1,2,8,31,97,6,8,355982847,1133661
105,979,1,2,8,32,97,5,8,30225407,3361919
105,980,1,2,8,33,97,4,8,33502207,3342463
105,981,1,2,8,30,97,7,8,355982847,1133661
105,982,1,2,30,78,97,6,8,333438943,16843213
105,983,1,2,31,78,97,5,8,333438943,16843213
106,984,52,81,-1,-1,-1,1,3,2004318071,286331153
106,985,0,3,4,-1,-1,5,4,926365495,320017171
106,986,0,3,29,-1,-1,4,4,926365495,320017171
106,987,0,30,52,-1,-1,2,4,522133279,117901063
106,988,0,3,30,-1,-1,3,4,454761243,454761243
106,989,0,3,81,-1,-1,2,4,522133279,117901063
106,990,0,3,4,52,-1,4,4,369038847,5701719
106,991,0,3,29,52,-1,3,4,369038847,5701719
107,992,1,106,-1,-1,-1,1,5,2004318071,286331153
107,993,1,52,81,-1,-1,2,5,1465341783,353703189
107,994,0,1,3,81,-1,3,5,863974271,20119859
107,995,0,1,3,30,-1,4,5,935278527,19071267
107,996,0,1,30,52,-1,3,5,863974271,20119859
107,997,0,1,3,29,-1,5,5,926889791,51577619
107,998,0,1,3,4,-1,6,5,926889791,51577619
107,999,0,1,3,29,52,4,5,859010943,17904435
107,1000,0,1,3,4,52,5,5,859010943,17904435
108,1001,2,79,-1,-1,-1,1,4,2004318071,286331153
108,1002,2,16,78,-1,-1,2,4,1465341783,353703189
108,1003,2,3,4,78,-1,3,4,1434408319,22348117
108,1004,1,2,8,16,-1,3,4,859255607,322114355
108,1005,1,2,3,4,-1,5,4,930297715,321983281
108,1006,1,2,3,4,8,4,4,858994551,286470963
108,1007,1,2,3,4,16,4,4,858994551,286470963
109,1008,107,108,-1,-1,-1,1,2,2004318071,286331153
109,1009,1,106,108,-1,-1,2,6,522133279,117901063
109,1010,2,79,107,-1,-1,2,6,2139062143,16843009
109,1011,1,52,81,108,-1,3,6,369038847,5701719
109,1012,2,16,78,107,-1,3,6,1476351999,1376277
109,1013,1,2,79,106,-1,3,6,1065303935,16974083
109,1014,0,1,2,3,4,12,6,268402639,983812
109,1015,0,1,3,4,108,7,6,51642367,14143
109,1016,0,1,3,29,108,6,6,51642367,14143
109,1017,0,1,30,52,108,4,6,20185087,13183
109,1018,1,2,3,4,106,7,6,930332667,17834802
109,1019,1,2,3,4,107,6,6,930349055,4913
109,1020,0,1,3,30,108,5,6,19136511,14271
109,1021,1,2,8,16,106,5,6,859290559,17900339
109,1022,1,2,8,16,107,4,6,859308031,4915
109,1023,0,1,3,81,108,4,6,20185087,13183
109,1024,2,3,4,78,107,4,6,1434451967,341
109,1025,1,2,52,79,81,4,6,939489279,1114131
109,1026,1,2,16,78,106,4,6,859797375,17892147
110,1027,50,109,-1,-1,-1,1,4,2004318071,286331153
110,1028,50,107,108,-1,-1,2,4,1465341783,353703189
110,1029,2,25,109,-1,-1,2,7,522133279,117901063
110,1030,2,25,79,107,-1,4,7,286986523,465247163
110,1031,2,50,79,107,-1,3,7,859255607,322114355
110,1032,2,3,4,109,-1,4,7,369038847,5701719
110,1033,1,50,106,108,-1,3,7,863974271,20119859
110,1034,2,3,16,109,-1,3,7,369038847,5701719
110,1035,2,25,107,108,-1,3,7,287248671,125241207
110,1036,2,3,4,78,107,7,7,353705407,25930667
110,1037,1,2,3,4,107,9,7,53694455,30422003
110,1038,1,2,3,4,106,10,7,125014011,30417906
110,1039,0,1,2,3,4,15,7,33357808,1046284
110,1040,1,2,25,79,106,5,7,54985679,63915983
110,1041,1,2,50,79,106,4,7,253693759,51316495
110,1042,2,3,16,78,107,6,7,353705919,17542059
110,1043,2,16,25,78,107,5,7,84223919,86486959
110,1044,2,16,50,78,107,4,7,252649311,84348687
110,1045,1,50,52,81,108,4,7,859010943,17904435
110,1046,2,3,16,79,107,5,7,353703359,28027819
110,1047,2,3,4,79,107,6,7,353703359,28027819
110,1048,2,3,4,107,108,5,7,353703423,5723991
110,1049,1,2,25,106,108,4,7,50550783,1392447
110,1050,2,3,16,107,108,4,7,353703423,5723991
111,1051,0,30,-1,-1,-1,1,3,2004318071,286331153
111,1052,0,3,29,-1,-1,2,3,1465341783,353703189
111,1053,0,3,4,-1,-1,3,3,1465341783,353703189
112,1054,0,30,-1,-1,-1,2,4,2004318071,286331153
112,1055,0,111,-1,-1,-1,1,4,2004318071,286331153
112,1056,0,3,4,-1,-1,4,4,2139062143,16843009
112,1057,0,3,29,-1,-1,3,4,2139062143,16843009
113,1058,1,112,-1,-1,-1,1,5,2004318071,286331153
113,1059,0,1,111,-1,-1,2,5,926365495,320017171
113,1060,0,1,30,-1,-1,3,5,926365495,320017171
113,1061,0,1,3,29,-1,4,5,859255607,322114355
113,1062,0,1,3,4,-1,5,5,859255607,322114355
114,1063,1,112,-1,-1,-1,2,6,2004318071,286331153
114,1064,1,113,-1,-1,-1,1,6,2004318071,286331153
114,1065,0,1,30,-1,-1,4,6,2139062143,16843009
114,1066,0,1,111,-1,-1,3,6,2139062143,16843009
114,1067,0,1,3,4,-1,6,6,2147450879,65537
114,1068,0,1,3,29,-1,5,6,2147450879,65537
115,1069,2,114,-1,-1,-1,1,7,2004318071,286331153
115,1070,1,2,113,-1,-1,2,7,926365495,320017171
115,1071,1,2,112,-1,-1,3,7,926365495,320017171
115,1072,0,1,2,111,-1,4,7,253693727,118425359
115,1073,0,1,2,30,-1,5,7,253693727,118425359
115,1074,0,1,2,3,29,6,7,252645151,118427407
115,1075,0,1,2,3,4,7,7,252645151,118427407
116,1076,2,114,-1,-1,-1,2,8,2004318071,286331153
116,1077,2,115,-1,-1,-1,1,8,2004318071,286331153
116,1078,1,2,112,-1,-1,4,8,2139062143,16843009
116,1079,1,2,113,-1,-1,3,8,2139062143,16843009
116,1080,0,1,2,30,-1,6,8,2147450879,65537
116,1081,0,1,2,111,-1,5,8,2147450879,65537
116,1082,0,1,2,3,4,8,8,2147483647,1
116,1083,0,1,2,3,29,7,8,2147483647,1
117,1084,1,106,-1,-1,-1,1,5,2004318071,286331153
117,1085,1,52,81,-1,-1,2,5,1465341783,353703189
117,1086,0,1,3,81,-1,3,5,863974271,20119859
117,1087,0,1,3,30,-1,4,5,935278527,19071267
117,1088,0,1,30,52,-1,3,5,863974271,20119859
117,1089,0,1,3,29,-1,5,5,926889791,51577619
117,1090,0,1,3,4,-1,6,5,926889791,51577619
117,1091,0,1,3,29,52,4,5,859010943,17904435
117,1092,0,1,3,4,52,5,5,859010943,17904435
118,1093,31,117,-1,-1,-1,1,3,2004318071,286331153
118,1094,1,31,106,-1,-1,2,6,926365495,320017171
118,1095,1,30,106,-1,-1,3,6,454761243,454761243
118,1096,1,30,117,-1,-1,2,6,522133279,117901063
118,1097,0,1,3,4,-1,8,6,259985279,17760527
118,1098,0,1,3,29,-1,7,6,259985279,17760527
118,1099,0,1,30,52,-1,5,6,131008463,55509839
118,1100,0,1,3,30,-1,6,6,32440815,32440815
118,1101,1,3,4,106,-1,5,6,364844479,27984299
118,1102,1,3,4,117,-1,4,6,369038847,5701719
118,1103,1,30,52,81,-1,4,6,465247163,286986523
118,1104,1,31,52,81,-1,3,6,930559863,286462227
118,1105,1,3,29,106,-1,4,6,364844479,27984299
118,1106,1,3,29,117,-1,3,6,369038847,5701719
118,1107,0,1,3,4,52,7,6,125292543,214095
118,1108,0,1,3,29,52,6,6,125292543,214095
118,1109,0,1,3,4,31,7,6,51642367,14143
118,1110,0,1,3,4,29,9,6,255807359,17629967
118,1111,0,1,3,29,31,6,6,51642367,14143
118,1112,0,1,30,31,52,4,6,33502207,3342463
118,1113,0,1,3,4,30,8,6,121081791,17638191
118,1114,0,1,3,29,30,7,6,121081791,17638191
118,1115,0,1,3,30,31,5,6,19136511,14271
118,1116,0,1,3,29,81,6,6,121098239,216143
118,1117,0,1,3,30,81,5,6,30225407,3361919
118,1118,0,1,3,31,81,4,6,33502207,3342463
118,1119,0,1,3,4,81,7,6,121098239,216143
118,1120,1,3,4,52,81,6,6,364887999,16843179
118,1121,1,3,29,52,81,5,6,364887999,16843179
119,1122,2,118,-1,-1,-1,1,7,2004318071,286331153
119,1123,2,31,117,-1,-1,2,7,1465341783,353703189
119,1124,1,2,30,117,-1,3,7,863974271,20119859
119,1125,1,2,30,106,-1,4,7,935278527,19071267
119,1126,1,2,31,106,-1,3,7,926889791,51577619
119,1127,1,2,3,29,117,4,7,859010943,17904435
119,1128,1,2,3,29,106,5,7,859290559,17900339
119,1129,1,2,31,52,81,4,7,926365503,51581715
119,1130,1,2,30,52,81,5,7,926365631,19079971
119,1131,1,2,3,4,117,5,7,859010943,17904435
119,1132,1,2,3,4,106,6,7,859290559,17900339
119,1133,0,1,2,3,30,7,7,253751295,69135
119,1134,0,1,2,30,52,6,7,255807487,461839
119,1135,0,1,2,3,29,8,7,253693951,984847
119,1136,0,1,2,3,4,9,7,253693951,984847
120,1137,1,4,-1,-1,-1,1,1,2004318071,286331153
121,1138,1,36,-1,-1,-1,1,3,2004318071,286331153
121,1139,1,3,8,-1,-1,2,3,1465341783,353703189
121,1140,1,3,4,-1,-1,3,3,1465341783,353703189
122,1141,120,121,-1,-1,-1,1,3,2004318071,286331153
122,1142,1,3,4,-1,-1,5,4,522133279,117901063
122,1143,1,36,120,-1,-1,2,4,522133279,117901063
122,1144,1,4,36,-1,-1,3,4,454761243,454761243
122,1145,1,4,121,-1,-1,2,4,522133279,117901063
122,1146,1,3,4,120,-1,4,4,369038847,5701719
122,1147,1,3,4,8,-1,4,4,459217759,86443303
122,1148,1,3,8,120,-1,3,4,369038847,5701719
123,1149,2,122,-1,-1,-1,1,5,2004318071,286331153
123,1150,2,120,121,-1,-1,2,5,1465341783,353703189
123,1151,1,2,4,121,-1,3,5,863974271,20119859
123,1152,1,2,4,36,-1,4,5,935278527,19071267
123,1153,1,2,36,120,-1,3,5,863974271,20119859
123,1154,1,2,3,4,-1,6,5,863974271,20119859
123,1155,1,2,3,8,120,4,5,859010943,17904435
123,1156,1,2,3,4,8,5,5,863452031,19075379
123,1157,1,2,3,4,120,5,5,859010943,17904435
124,1158,119,123,-1,-1,-1,1,3,2004318071,286331153
124,1159,2,118,123,-1,-1,2,8,522133279,117901063
124,1160,2,118,122,-1,-1,3,8,454761243,454761243
124,1161,2,119,122,-1,-1,2,8,926365495,320017171
124,1162,2,31,117,122,-1,4,8,364844479,27984299
124,1163,2,31,117,123,-1,3,8,369038847,5701719
124,1164,2,118,120,121,-1,4,8,465247163,286986523
124,1165,2,119,120,121,-1,3,8,930559863,286462227
124,1166,0,1,2,3,4,16,8,66093055,127039
124,1167,1,2,3,4,106,13,8,343383295,3573950
124,1168,1,2,3,4,117,12,8,343399679,1262807
124,1169,1,2,3,4,118,8,8,20172287,1297631
124,1170,1,2,3,4,119,7,8,20185087,13183
124,1171,1,2,31,106,122,5,8,51630047,17026511
124,1172,1,2,31,106,123,4,8,51642367,14143
124,1173,1,2,36,118,120,5,8,30225407,3361919
124,1174,1,2,36,119,120,4,8,33502207,3342463
124,1175,1,2,30,106,122,6,8,19123695,19123695
124,1176,1,2,30,106,123,5,8,19136511,14271
124,1177,1,2,4,36,118,6,8,19123695,19123695
124,1178,1,2,4,36,119,5,8,19136511,14271
124,1179,1,2,30,117,122,5,8,20172287,1297631
124,1180,1,2,30,117,123,4,8,20185087,13183
124,1181,1,2,4,118,121,5,8,30225407,3361919
124,1182,1,2,4,119,121,4,8,33502207,3342463
124,1183,2,31,117,120,121,5,8,364887999,16843179
125,1184,0,30,-1,-1,-1,2,4,2004318071,286331153
125,1185,0,81,-1,-1,-1,1,4,2004318071,286331153
125,1186,0,3,4,-1,-1,4,4,2139062143,16843009
125,1187,0,3,29,-1,-1,3,4,2139062143,16843009
126,1188,2,125,-1,-1,-1,1,5,2004318071,286331153
126,1189,0,2,81,-1,-1,2,5,926365495,320017171
126,1190,0,2,30,-1,-1,3,5,926365495,320017171
126,1191,0,2,3,29,-1,4,5,859255607,322114355
126,1192,0,2,3,4,-1,5,5,859255607,322114355
127,1193,2,125,-1,-1,-1,2,6,2004318071,286331153
127,1194,2,126,-1,-1,-1,1,6,2004318071,286331153
127,1195,0,2,30,-1,-1,4,6,2139062143,16843009
127,1196,0,2,81,-1,-1,3,6,2139062143,16843009
127,1197,0,2,3,4,-1,6,6,2147450879,65537
127,1198,0,2,3,29,-1,5,6,2147450879,65537
128,1199,2,112,-1,-1,-1,1,5,2004318071,286331153
128,1200,0,2,111,-1,-1,2,5,926365495,320017171
128,1201,0,2,30,-1,-1,3,5,926365495,320017171
128,1202,0,2,3,29,-1,4,5,859255607,322114355
128,1203,0,2,3,4,-1,5,5,859255607,322114355
129,1204,2,112,-1,-1,-1,2,6,2004318071,286331153
129,1205,2,128,-1,-1,-1,1,6,2004318071,286331153
129,1206,0,2,30,-1,-1,4,6,2139062143,16843009
129,1207,0,2,111,-1,-1,3,6,2139062143,16843009
129,1208,0,2,3,4,-1,6,6,2147450879,65537
129,1209,0,2,3,29,-1,5,6,2147450879,65537
130,1210,0,36,-1,-1,-1,1,3,2004318071,286331153
130,1211,0,3,8,-1,-1,2,3,1465341783,353703189
130,1212,0,3,4,-1,-1,3,3,1465341783,353703189
131,1213,0,36,-1,-1,-1,2,4,2004318071,286331153
131,1214,0,130,-1,-1,-1,1,4,2004318071,286331153
131,1215,0,3,4,-1,-1,4,4,2139062143,16843009
131,1216,0,3,8,-1,-1,3,4,2139062143,16843009
132,1217,1,131,-1,-1,-1,1,5,2004318071,286331153
132,1218,0,1,130,-1,-1,2,5,926365495,320017171
132,1219,0,1,36,-1,-1,3,5,926365495,320017171
132,1220,0,1,3,8,-1,4,5,859255607,322114355
132,1221,0,1,3,4,-1,5,5,859255607,322114355
133,1222,1,131,-1,-1,-1,2,6,2004318071,286331153
133,1223,1,132,-1,-1,-1,1,6,2004318071,286331153
133,1224,0,1,36,-1,-1,4,6,2139062143,16843009
133,1225,0,1,130,-1,-1,3,6,2139062143,16843009
133,1226,0,1,3,4,-1,6,6,2147450879,65537
133,1227,0,1,3,8,-1,5,6,2147450879,65537
134,1228,2,133,-1,-1,-1,1,7,2004318071,286331153
134,1229,1,2,132,-1,-1,2,7,926365495,320017171
134,1230,1,2,131,-1,-1,3,7,926365495,320017171
134,1231,0,1,2,130,-1,4,7,253693727,118425359
134,1232,0,1,2,36,-1,5,7,253693727,118425359
134,1233,0,1,2,3,8,6,7,252645151,118427407
134,1234,0,1,2,3,4,7,7,252645151,118427407
135,1235,2,133,-1,-1,-1,2,8,2004318071,286331153
135,1236,2,134,-1,-1,-1,1,8,2004318071,286331153
135,1237,1,2,131,-1,-1,4,8,2139062143,16843009
135,1238,1,2,132,-1,-1,3,8,2139062143,16843009
135,1239,0,1,2,36,-1,6,8,2147450879,65537
135,1240,0,1,2,130,-1,5,8,2147450879,65537
135,1241,0,1,2,3,4,8,8,2147483647,1
135,1242,0,1,2,3,8,7,8,2147483647,1
136,1243,0,36,-1,-1,-1,2,4,2004318071,286331153
136,1244,0,37,-1,-1,-1,1,4,2004318071,286331153
136,1245,0,3,4,-1,-1,4,4,2139062143,16843009
136,1246,0,3,8,-1,-1,3,4,2139062143,16843009
137,1247,1,136,-1,-1,-1,1,5,2004318071,286331153
137,1248,0,1,37,-1,-1,2,5,926365495,320017171
137,1249,0,1,36,-1,-1,3,5,926365495,320017171
137,1250,0,1,3,8,-1,4,5,859255607,322114355
137,1251,0,1,3,4,-1,5,5,859255607,322114355
138,1252,1,136,-1,-1,-1,2,6,2004318071,286331153
138,1253,1,137,-1,-1,-1,1,6,2004318071,286331153
138,1254,0,1,36,-1,-1,4,6,2139062143,16843009
138,1255,0,1,37,-1,-1,3,6,2139062143,16843009
138,1256,0,1,3,4,-1,6,6,2147450879,65537
138,1257,0,1,3,8,-1,5,6,2147450879,65537
139,1258,2,138,-1,-1,-1,1,7,2004318071,286331153
139,1259,1,2,137,-1,-1,2,7,926365495,320017171
139,1260,1,2,136,-1,-1,3,7,926365495,320017171
139,1261,0,1,2,37,-1,4,7,253693727,118425359
139,1262,0,1,2,36,-1,5,7,253693727,118425359
139,1263,0,1,2,3,8,6,7,252645151,118427407
139,1264,0,1,2,3,4,7,7,252645151,118427407
140,1265,2,138,-1,-1,-1,2,8,2004318071,286331153
140,1266,2,139,-1,-1,-1,1,8,2004318071,286331153
140,1267,1,2,136,-1,-1,4,8,2139062143,16843009
140,1268,1,2,137,-1,-1,3,8,2139062143,16843009
140,1269,0,1,2,36,-1,6,8,2147450879,65537
140,1270,0,1,2,37,-1,5,8,2147450879,65537
140,1271,0,1,2,3,4,8,8,2147483647,1
140,1272,0,1,2,3,8,7,8,2147483647,1
141,1273,1,136,-1,-1,-1,1,5,2004318071,286331153
141,1274,0,1,37,-1,-1,2,5,926365495,320017171
141,1275,0,1,36,-1,-1,3,5,926365495,320017171
141,1276,0,1,3,8,-1,4,5,859255607,322114355
141,1277,0,1,3,4,-1,5,5,859255607,322114355
142,1278,1,136,-1,-1,-1,2,6,2004318071,286331153
142,1279,1,141,-1,-1,-1,1,6,2004318071,286331153
142,1280,0,1,36,-1,-1,4,6,2139062143,16843009
142,1281,0,1,37,-1,-1,3,6,2139062143,16843009
142,1282,0,1,3,4,-1,6,6,2147450879,65537
142,1283,0,1,3,8,-1,5,6,2147450879,65537
143,1284,2,142,-1,-1,-1,1,7,2004318071,286331153
143,1285,1,2,141,-1,-1,2,7,926365495,320017171
143,1286,1,2,136,-1,-1,3,7,926365495,320017171
143,1287,0,1,2,37,-1,4,7,253693727,118425359
143,1288,0,1,2,36,-1,5,7,253693727,118425359
143,1289,0,1,2,3,8,6,7,252645151,118427407
143,1290,0,1,2,3,4,7,7,252645151,118427407
144,1291,2,142,-1,-1,-1,2,8,2004318071,286331153
144,1292,2,143,-1,-1,-1,1,8,2004318071,286331153
144,1293,1,2,136,-1,-1,4,8,2139062143,16843009
144,1294,1,2,141,-1,-1,3,8,2139062143,16843009
144,1295,0,1,2,36,-1,6,8,2147450879,65537
144,1296,0,1,2,37,-1,5,8,2147450879,65537
144,1297,0,1,2,3,4,8,8,2147483647,1
144,1298,0,1,2,3,8,7,8,2147483647,1
145,1299,1,131,-1,-1,-1,1,5,2004318071,286331153
145,1300,0,1,130,-1,-1,2,5,926365495,320017171
145,1301,0,1,36,-1,-1,3,5,926365495,320017171
145,1302,0,1,3,8,-1,4,5,859255607,322114355
145,1303,0,1,3,4,-1,5,5,859255607,322114355
146,1304,1,131,-1,-1,-1,2,6,2004318071,286331153
146,1305,1,145,-1,-1,-1,1,6,2004318071,286331153
146,1306,0,1,36,-1,-1,4,6,2139062143,16843009
146,1307,0,1,130,-1,-1,3,6,2139062143,16843009
146,1308,0,1,3,4,-1,6,6,2147450879,65537
146,1309,0,1,3,8,-1,5,6,2147450879,65537
147,1310,2,146,-1,-1,-1,1,7,2004318071,286331153
147,1311,1,2,145,-1,-1,2,7,926365495,320017171
147,1312,1,2,131,-1,-1,3,7,926365495,320017171
147,1313,0,1,2,130,-1,4,7,253693727,118425359
147,1314,0,1,2,36,-1,5,7,253693727,118425359
147,1315,0,1,2,3,8,6,7,252645151,118427407
147,1316,0,1,2,3,4,7,7,252645151,118427407
148,1317,2,146,-1,-1,-1,2,8,2004318071,286331153
148,1318,2,147,-1,-1,-1,1,8,2004318071,286331153
148,1319,1,2,131,-1,-1,4,8,2139062143,16843009
148,1320,1,2,145,-1,-1,3,8,2139062143,16843009
148,1321,0,1,2,36,-1,6,8,2147450879,65537
148,1322,0,1,2,130,-1,5,8,2147450879,65537
148,1323,0,1,2,3,4,8,8,2147483647,1
148,1324,0,1,2,3,8,7,8,2147483647,1
149,1325,2,30,-1,-1,-1,1,3,2004318071,286331153
149,1326,2,3,29,-1,-1,2,3,1465341783,353703189
149,1327,2,3,4,-1,-1,3,3,1465341783,353703189
150,1328,2,30,-1,-1,-1,2,4,2004318071,286331153
150,1329,2,149,-1,-1,-1,1,4,2004318071,286331153
150,1330,2,3,4,-1,-1,4,4,2139062143,16843009
150,1331,2,3,29,-1,-1,3,4,2139062143,16843009
151,1332,0,1,-1,-1,-1,1,1,2004318071,286331153
152,1333,60,151,-1,-1,-1,1,3,2004318071,286331153
152,1334,58,59,151,-1,-1,2,3,522133279,117901063
152,1335,0,1,60,-1,-1,2,4,2139062143,16843009
152,1336,3,5,58,151,-1,3,4,134154239,2031647
152,1337,8,57,59,151,-1,3,3,134154239,2031647
152,1338,3,5,8,151,-1,5,4,1476351999,1376277
152,1339,3,4,5,151,-1,6,4,1476351999,1376277
152,1340,0,1,58,59,-1,3,4,2004842367,17891601
152,1341,3,5,8,57,151,4,4,125304831,4383
152,1342,3,5,8,59,151,4,4,8388607,511
152,1343,3,4,5,59,151,5,4,8388607,511
152,1344,3,4,57,59,151,4,4,2097151,2047
152,1345,3,4,5,57,151,5,4,28311551,1471
152,1346,0,1,3,5,58,4,4,2004320255,69905
152,1347,0,1,8,57,59,4,4,2004320255,69905
152,1348,0,1,3,5,8,6,4,2139062271,65793
152,1349,0,1,3,4,5,7,4,2139062271,65793
153,1350,7,37,-1,-1,-1,1,3,2004318071,286331153
153,1351,0,7,36,-1,-1,2,4,926365495,320017171
153,1352,0,1,36,-1,-1,3,4,2139062143,16843009
153,1353,0,1,37,-1,-1,2,4,2139062143,16843009
153,1354,0,1,3,4,-1,5,4,2147450879,65537
153,1355,0,3,4,7,-1,4,4,369038847,5701719
153,1356,0,1,3,8,-1,4,4,2147450879,65537
153,1357,0,3,7,8,-1,3,4,526327647,84346119
154,1358,2,153,-1,-1,-1,1,5,2004318071,286331153
154,1359,2,7,37,-1,-1,2,5,1465341783,353703189
154,1360,0,1,2,37,-1,3,5,253693727,118425359
154,1361,0,1,2,36,-1,4,5,253693727,118425359
154,1362,0,2,7,36,-1,3,5,926889791,51577619
154,1363,0,2,3,7,8,4,5,863449983,20123955
154,1364,0,1,2,3,8,5,5,252645151,118427407
154,1365,0,2,3,4,7,5,5,859010943,17904435
154,1366,0,1,2,3,4,6,5,252645151,118427407
155,1367,152,154,-1,-1,-1,1,2,2004318071,286331153
155,1368,60,151,154,-1,-1,2,5,522133279,117901063
155,1369,2,152,153,-1,-1,2,6,2139062143,16843009
155,1370,0,1,60,154,-1,3,6,33489407,8323199
155,1371,58,59,151,154,-1,3,5,134154239,2031647
155,1372,2,7,37,152,-1,3,6,1476351999,1376277
155,1373,2,60,151,153,-1,3,6,1476351999,1376277
155,1374,0,1,58,59,154,4,6,17956863,30591
155,1375,3,4,5,151,154,7,6,1441791,22527
155,1376,3,5,8,151,154,6,6,1441791,22527
155,1377,8,57,59,151,154,4,5,2097151,2047
155,1378,0,2,7,36,152,4,6,926941183,787
155,1379,3,5,58,151,154,4,6,2097151,2047
155,1380,0,1,2,36,60,7,6,253710175,84348175
155,1381,0,1,2,36,152,5,6,253755391,1807
155,1382,0,1,2,60,153,4,6,253755391,1807
155,1383,0,1,2,37,60,6,6,253710175,84348175
155,1384,0,1,2,37,152,4,6,253755391,1807
155,1385,2,58,59,151,153,4,6,1434451967,341
155,1386,2,7,37,60,151,4,6,1465341951,1381653
156,1387,1,23,-1,-1,-1,1,4,2004318071,286331153
156,1388,0,1,22,-1,-1,2,4,926365495,320017171
156,1389,0,1,8,-1,-1,3,4,926365495,320017171
156,1390,0,1,3,4,-1,4,4,859255607,322114355
157,1391,78,156,-1,-1,-1,1,3,2004318071,286331153
157,1392,0,1,8,-1,-1,5,5,522133279,117901063
157,1393,1,23,78,-1,-1,2,5,522133279,117901063
157,1394,1,8,23,-1,-1,3,5,454761243,454761243
157,1395,1,8,156,-1,-1,2,5,522133279,117901063
157,1396,0,1,3,4,-1,6,5,536813567,458759
157,1397,0,1,8,78,-1,4,5,335483903,3604535
157,1398,0,1,8,22,-1,4,5,490675519,54985543
157,1399,0,1,22,78,-1,3,5,335483903,3604535
157,1400,1,3,4,23,-1,4,5,364844479,27984299
157,1401,1,3,4,156,-1,3,5,369038847,5701719
157,1402,0,1,3,4,78,5,5,322174975,13111
157,1403,0,1,3,4,8,6,5,501039103,214087
157,1404,0,1,3,4,22,5,5,501039103,214087
158,1405,2,157,-1,-1,-1,1,6,2004318071,286331153
158,1406,2,78,156,-1,-1,2,6,1465341783,353703189
158,1407,1,2,8,156,-1,3,6,863974271,20119859
158,1408,1,2,8,23,-1,4,6,935278527,19071267
158,1409,1,2,23,78,-1,3,6,863974271,20119859
158,1410,0,1,2,8,-1,6,6,259985279,17760527
158,1411,1,2,3,4,156,4,6,859010943,17904435
158,1412,1,2,3,4,23,5,6,859290559,17900339
158,1413,0,1,2,22,78,4,6,252657535,16977679
158,1414,0,1,2,8,22,5,6,255807359,17629967
158,1415,0,1,2,8,78,5,6,252657535,16977679
158,1416,0,1,2,3,4,7,6,252645247,17764111
159,1417,155,158,-1,-1,-1,1,1,2004318071,286331153
159,1418,152,154,158,-1,-1,2,3,522133279,117901063
159,1419,2,155,157,-1,-1,2,7,926365495,320017171
159,1420,2,152,153,157,-1,4,7,27984299,364844479
159,1421,2,152,153,158,-1,3,7,33489407,8323199
159,1422,60,151,154,158,-1,3,6,134154239,2031647
159,1423,2,78,155,156,-1,3,7,526327647,84346119
159,1424,2,152,154,157,-1,3,7,56034135,356455743
159,1425,2,60,151,153,157,5,7,1419967,22391807
159,1426,2,60,151,153,158,4,7,1441791,22527
159,1427,2,7,37,152,157,5,7,1419967,22391807
159,1428,2,7,37,152,158,4,7,1441791,22527
159,1429,0,1,2,8,155,7,7,17825791,3967
159,1430,58,59,151,154,158,4,6,2097151,2047
159,1431,1,2,23,78,155,4,7,20185087,13183
159,1432,0,1,60,154,158,4,7,8388607,511
159,1433,1,2,8,23,155,5,7,19136511,14271
159,1434,2,78,152,153,156,5,7,287003999,89466743
159,1435,1,2,8,155,156,4,7,33502207,3342463
159,1436,2,60,151,154,157,4,7,4150655,22348799
159,1437,2,78,152,154,156,4,7,287266143,89458551
160,1438,5,8,-1,-1,-1,1,2,2004318071,286331153
160,1439,3,4,5,-1,-1,2,2,2139062143,16843009
161,1440,6,160,-1,-1,-1,1,3,2004318071,286331153
161,1441,5,6,8,-1,-1,2,3,926365495,320017171
161,1442,3,4,5,6,-1,3,3,33489407,8323199
162,1443,6,160,-1,-1,-1,2,4,2004318071,286331153
162,1444,6,161,-1,-1,-1,1,4,2004318071,286331153
162,1445,5,6,8,-1,-1,3,4,2139062143,16843009
162,1446,3,4,5,6,-1,4,4,2147450879,65537
163,1447,0,162,-1,-1,-1,1,5,2004318071,286331153
163,1448,0,6,161,-1,-1,2,5,1465341783,353703189
163,1449,0,6,160,-1,-1,3,5,1465341783,353703189
163,1450,0,5,6,8,-1,4,5,1431786839,357897557
163,1451,0,3,4,5,6,5,5,1431655767,357913941
164,1452,0,162,-1,-1,-1,2,6,2004318071,286331153
164,1453,0,163,-1,-1,-1,1,6,2004318071,286331153
164,1454,0,6,160,-1,-1,4,6,2139062143,16843009
164,1455,0,6,161,-1,-1,3,6,2139062143,16843009
164,1456,0,5,6,8,-1,5,6,2147450879,65537
164,1457,0,3,4,5,6,6,6,2147483647,1
165,1458,1,164,-1,-1,-1,1,7,2004318071,286331153
165,1459,0,1,163,-1,-1,2,7,926365495,320017171
165,1460,0,1,162,-1,-1,3,7,926365495,320017171
165,1461,0,1,6,161,-1,4,7,859255607,322114355
165,1462,0,1,6,160,-1,5,7,859255607,322114355
165,1463,0,1,5,6,8,6,7,858993463,322122547
166,1464,137,165,-1,-1,-1,1,3,2004318071,286331153
166,1465,1,137,164,-1,-1,2,8,926365495,320017171
166,1466,1,136,164,-1,-1,3,8,454761243,454761243
166,1467,1,136,165,-1,-1,2,8,522133279,117901063
166,1468,0,1,37,162,-1,6,8,1474254815,21299525
166,1469,0,1,136,162,-1,5,8,490675519,54985543
166,1470,0,1,137,162,-1,4,8,524230463,50791175
166,1471,0,1,36,162,-1,7,8,1474254815,21299525
166,1472,0,1,36,163,-1,6,8,1474254815,21299525
166,1473,0,1,36,164,-1,5,8,333386719,30212557
166,1474,0,1,36,165,-1,4,8,335483903,3604535
166,1475,0,1,136,163,-1,4,8,490675519,54985543
166,1476,0,1,137,163,-1,3,8,524230463,50791175
166,1477,0,1,37,163,-1,5,8,1474254815,21299525
166,1478,0,1,37,164,-1,4,8,333386719,30212557
166,1479,0,1,37,165,-1,3,8,335483903,3604535
166,1480,0,1,6,36,160,9,8,1474263039,1115157
166,1481,0,1,6,37,160,8,8,1474263039,1115157
166,1482,0,1,6,136,160,7,8,333394943,3343415
166,1483,0,1,6,137,160,6,8,335492095,3342391
166,1484,0,1,3,4,162,9,8,1467473919,83013
166,1485,0,1,3,4,163,8,8,1467473919,83013
166,1486,0,1,3,4,164,7,8,322166783,117965
166,1487,0,1,3,4,165,6,8,322174975,13111
166,1488,0,1,6,36,161,8,8,1474263039,1115157
166,1489,0,1,6,37,161,7,8,1474263039,1115157
166,1490,0,1,6,136,161,6,8,333394943,3343415
166,1491,0,1,6,137,161,5,8,335492095,3342391
166,1492,0,1,3,8,162,8,8,1467473919,83013
166,1493,0,1,3,8,163,7,8,1467473919,83013
166,1494,0,1,3,8,164,6,8,322166783,117965
166,1495,0,1,3,8,165,5,8,322174975,13111
167,1496,2,166,-1,-1,-1,1,9,2004318071,286331153
167,1497,2,137,165,-1,-1,2,9,1465341783,353703189
167,1498,1,2,136,165,-1,3,9,863974271,20119859
167,1499,1,2,136,164,-1,4,9,935278527,19071267
167,1500,1,2,137,164,-1,3,9,926889791,51577619
167,1501,0,1,2,37,165,4,9,252657535,16977679
167,1502,0,1,2,37,164,5,9,253743071,16977167
167,1503,0,1,2,37,163,6,9,253710175,84348175
167,1504,0,1,2,137,163,4,9,255790975,17761039
167,1505,0,1,2,136,163,5,9,255807359,17629967
167,1506,0,1,2,36,165,5,9,252657535,16977679
167,1507,0,1,2,36,164,6,9,253743071,16977167
167,1508,0,1,2,36,163,7,9,253710175,84348175
167,1509,0,1,2,36,162,8,9,253710175,84348175
167,1510,0,1,2,137,162,5,9,255790975,17761039
167,1511,0,1,2,136,162,6,9,255807359,17629967
167,1512,0,1,2,37,162,7,9,253710175,84348175
168,1513,2,166,-1,-1,-1,2,10,2004318071,286331153
168,1514,2,167,-1,-1,-1,1,10,2004318071,286331153
168,1515,2,137,165,-1,-1,3,10,2139062143,16843009
168,1516,1,2,137,164,-1,4,10,1065303935,16974083
168,1517,1,2,136,164,-1,5,10,935278527,19071267
168,1518,1,2,136,165,-1,4,10,939472895,1245203
168,1519,0,1,2,37,162,8,10,1602215935,66565
168,1520,0,1,2,136,162,7,10,534724607,197639
168,1521,0,1,2,137,162,6,10,536821759,196615
168,1522,0,1,2,36,162,9,10,1602215935,66565
168,1523,0,1,2,36,163,8,10,1602215935,66565
168,1524,0,1,2,36,164,7,10,524279807,68621
168,1525,0,1,2,36,165,6,10,524287999,775
168,1526,0,1,2,136,163,6,10,534724607,197639
168,1527,0,1,2,137,163,5,10,536821759,196615
168,1528,0,1,2,37,163,7,10,1602215935,66565
168,1529,0,1,2,37,164,6,10,524279807,68621
168,1530,0,1,2,37,165,5,10,524287999,775
169,1531,62,151,-1,-1,-1,1,5,2004318071,286331153
169,1532,56,61,151,-1,-1,2,5,522133279,117901063
169,1533,0,1,62,-1,-1,2,6,2139062143,16843009
169,1534,8,55,61,151,-1,3,5,134154239,2031647
169,1535,6,56,60,151,-1,3,6,335483903,3604535
169,1536,0,1,56,61,-1,3,6,2004842367,17891601
169,1537,6,8,55,60,151,4,6,356515839,855
169,1538,3,6,8,61,151,4,6,8388607,511
169,1539,3,6,8,60,151,5,6,333447167,461
169,1540,6,56,58,59,151,4,6,286523391,14199
169,1541,3,4,6,61,151,5,6,8388607,511
169,1542,3,4,6,60,151,6,6,133693439,497
169,1543,3,4,55,61,151,4,6,2097151,2047
169,1544,3,5,6,8,151,9,6,1434451967,341
169,1545,3,4,5,6,151,10,6,1467482111,4373
169,1546,0,1,8,55,61,4,6,2004320255,69905
169,1547,0,1,6,56,60,4,6,2004842495,1114385
170,1548,2,169,-1,-1,-1,1,7,2004318071,286331153
170,1549,2,62,151,-1,-1,2,7,1465341783,353703189
170,1550,0,1,2,62,-1,3,7,253693727,118425359
170,1551,2,56,61,151,-1,3,7,1434408319,22348117
170,1552,0,1,2,56,61,4,7,253697823,117901071
170,1553,2,6,56,60,151,4,7,1431658367,17126741
170,1554,2,8,55,61,151,4,7,1431656447,1398101
171,1555,158,170,-1,-1,-1,1,2,2004318071,286331153
171,1556,2,157,170,-1,-1,2,8,522133279,117901063
171,1557,2,157,169,-1,-1,3,8,454761243,454761243
171,1558,2,158,169,-1,-1,2,8,926365495,320017171
171,1559,2,78,156,169,-1,4,8,364844479,27984299
171,1560,2,78,156,170,-1,3,8,369038847,5701719
171,1561,2,62,151,157,-1,4,8,364844479,27984299
171,1562,2,62,151,158,-1,3,8,369038847,5701719
171,1563,0,1,2,8,62,10,8,519970815,491655
171,1564,0,1,2,8,169,8,8,17822207,520439
171,1565,0,1,2,8,170,7,8,17825791,3967
171,1566,1,2,23,78,169,5,8,20172287,1297631
171,1567,1,2,23,78,170,4,8,20185087,13183
171,1568,1,2,8,23,169,6,8,19123695,19123695
171,1569,1,2,8,23,170,5,8,19136511,14271
171,1570,2,56,61,151,157,5,8,22391807,1419967
171,1571,2,56,61,151,158,4,8,22413311,21887
171,1572,1,2,8,156,169,5,8,20172287,1297631
171,1573,1,2,8,156,170,4,8,20185087,13183
171,1574,0,1,2,62,157,5,8,118487039,127217
171,1575,0,1,2,62,158,4,8,118489087,3871
171,1576,2,62,78,151,156,5,8,459258879,1116699
172,1577,1,96,-1,-1,-1,1,5,2004318071,286331153
172,1578,0,1,95,-1,-1,2,5,926365495,320017171
172,1579,0,1,25,-1,-1,3,5,926365495,320017171
172,1580,0,1,3,16,-1,4,5,859255607,322114355
172,1581,0,1,3,4,-1,5,5,859255607,322114355
173,1582,1,68,-1,-1,-1,1,5,2004318071,286331153
173,1583,0,1,67,-1,-1,2,5,926365495,320017171
173,1584,0,1,25,-1,-1,3,5,926365495,320017171
173,1585,0,1,3,16,-1,4,5,859255607,322114355
173,1586,0,1,3,4,-1,5,5,859255607,322114355
174,1587,172,173,-1,-1,-1,1,1,2004318071,286331153
174,1588,0,1,25,-1,-1,7,6,1869573999,101058054
174,1589,1,68,172,-1,-1,2,6,522133279,117901063
174,1590,1,68,96,-1,-1,3,6,454761243,454761243
174,1591,1,96,173,-1,-1,2,6,522133279,117901063
174,1592,0,1,3,4,-1,9,6,1879011327,393222
174,1593,0,1,3,16,-1,8,6,1879011327,393222
174,1594,0,1,25,95,-1,6,6,1743742959,25756041
174,1595,0,1,25,96,-1,5,6,333386719,30212557
174,1596,0,1,25,172,-1,4,6,335483903,3604535
174,1597,0,1,25,67,-1,6,6,1743742959,25756041
174,1598,0,1,25,68,-1,5,6,333386719,30212557
174,1599,0,1,25,173,-1,4,6,335483903,3604535
174,1600,0,1,67,96,-1,4,6,333386719,30212557
174,1601,0,1,67,172,-1,3,6,335483903,3604535
174,1602,0,1,67,95,-1,5,6,1743742959,25756041
174,1603,0,1,68,95,-1,4,6,490675519,54985543
174,1604,0,1,95,173,-1,3,6,335483903,3604535
174,1605,0,1,3,4,95,8,6,1735913471,100489
174,1606,0,1,3,4,96,7,6,322166783,117965
174,1607,0,1,3,4,172,6,6,322174975,13111
174,1608,0,1,3,4,16,10,6,1870655487,67593
174,1609,0,1,3,4,25,9,6,1735913471,100489
174,1610,0,1,3,4,67,8,6,1735913471,100489
174,1611,0,1,3,4,68,7,6,322166783,117965
174,1612,0,1,3,4,173,6,6,322174975,13111
174,1613,0,1,3,16,95,7,6,1735913471,100489
174,1614,0,1,3,16,96,6,6,322166783,117965
174,1615,0,1,3,16,172,5,6,322174975,13111
174,1616,0,1,3,16,25,8,6,1735913471,100489
174,1617,0,1,3,16,67,7,6,1735913471,100489
174,1618,0,1,3,16,68,6,6,322166783,117965
174,1619,0,1,3,16,173,5,6,322174975,13111
175,1620,2,174,-1,-1,-1,1,7,2004318071,286331153
175,1621,2,172,173,-1,-1,2,7,1465341783,353703189
175,1622,1,2,96,173,-1,3,7,863974271,20119859
175,1623,1,2,68,96,-1,4,7,935278527,19071267
175,1624,1,2,68,172,-1,3,7,863974271,20119859
175,1625,0,1,2,25,-1,8,7,258936687,101647887
175,1626,0,1,2,95,173,4,7,252657535,16977679
175,1627,0,1,2,68,95,5,7,255807359,17629967
175,1628,0,1,2,67,95,6,7,253726623,101125647
175,1629,0,1,2,67,172,4,7,252657535,16977679
175,1630,0,1,2,67,96,5,7,253743071,16977167
175,1631,0,1,2,25,173,5,7,252657535,16977679
175,1632,0,1,2,25,68,6,7,253743071,16977167
175,1633,0,1,2,25,67,7,7,253726623,101125647
175,1634,0,1,2,25,172,5,7,252657535,16977679
175,1635,0,1,2,25,96,6,7,253743071,16977167
175,1636,0,1,2,25,95,7,7,253726623,101125647
175,1637,0,1,2,3,16,9,7,252645231,101650191
175,1638,0,1,2,3,4,10,7,252645231,101650191
176,1639,2,174,-1,-1,-1,2,8,2004318071,286331153
176,1640,2,175,-1,-1,-1,1,8,2004318071,286331153
176,1641,2,172,173,-1,-1,3,8,2139062143,16843009
176,1642,0,1,2,25,-1,9,8,1879011327,393222
176,1643,1,2,68,172,-1,4,8,939472895,1245203
176,1644,1,2,68,96,-1,5,8,935278527,19071267
176,1645,1,2,96,173,-1,4,8,939472895,1245203
176,1646,0,1,2,3,4,11,8,1879048191,6
176,1647,0,1,2,3,16,10,8,1879048191,6
176,1648,0,1,2,25,95,8,8,1870655487,67593
176,1649,0,1,2,25,96,7,8,524279807,68621
176,1650,0,1,2,25,172,6,8,524287999,775
176,1651,0,1,2,25,67,8,8,1870655487,67593
176,1652,0,1,2,25,68,7,8,524279807,68621
176,1653,0,1,2,25,173,6,8,524287999,775
176,1654,0,1,2,67,96,6,8,524279807,68621
176,1655,0,1,2,67,172,5,8,524287999,775
176,1656,0,1,2,67,95,7,8,1870655487,67593
176,1657,0,1,2,68,95,6,8,534724607,197639
176,1658,0,1,2,95,173,5,8,524287999,775
177,1659,1,68,-1,-1,-1,1,5,2004318071,286331153
177,1660,0,1,67,-1,-1,2,5,926365495,320017171
177,1661,0,1,25,-1,-1,3,5,926365495,320017171
177,1662,0,1,3,16,-1,4,5,859255607,322114355
177,1663,0,1,3,4,-1,5,5,859255607,322114355
178,1664,1,68,-1,-1,-1,2,6,2004318071,286331153
178,1665,1,177,-1,-1,-1,1,6,2004318071,286331153
178,1666,0,1,25,-1,-1,4,6,2139062143,16843009
178,1667,0,1,67,-1,-1,3,6,2139062143,16843009
178,1668,0,1,3,4,-1,6,6,2147450879,65537
178,1669,0,1,3,16,-1,5,6,2147450879,65537
179,1670,2,178,-1,-1,-1,1,7,2004318071,286331153
179,1671,1,2,177,-1,-1,2,7,926365495,320017171
179,1672,1,2,68,-1,-1,3,7,926365495,320017171
179,1673,0,1,2,67,-1,4,7,253693727,118425359
179,1674,0,1,2,25,-1,5,7,253693727,118425359
179,1675,0,1,2,3,16,6,7,252645151,118427407
179,1676,0,1,2,3,4,7,7,252645151,118427407
180,1677,2,178,-1,-1,-1,2,8,2004318071,286331153
180,1678,2,179,-1,-1,-1,1,8,2004318071,286331153
180,1679,1,2,68,-1,-1,4,8,2139062143,16843009
180,1680,1,2,177,-1,-1,3,8,2139062143,16843009
180,1681,0,1,2,25,-1,6,8,2147450879,65537
180,1682,0,1,2,67,-1,5,8,2147450879,65537
180,1683,0,1,2,3,4,8,8,2147483647,1
180,1684,0,1,2,3,16,7,8,2147483647,1
