7,1
8,2
9,6
10,7
11,9
12,13,19,21,22
13,25,26,27,28,29,30,31,32,33,34,35
14,36
15,38
16,39
17,40,41,42,43
18,46
19,50
20,74,78
21,88,90,91
22,102,103
23,104,105,106
24,110
25,111,112
26,115
27,129,132,133,134
28,145,146,149
29,150
30,151,152
31,155
32,156,157,158,159
33,162
34,177,183
35,198
36,201,202
37,204,205
38,206,207,208,209,210,211,212,213,214,215,216,217,218,219,220,221,222,223,224,225,226
39,238,239,242,243
40,255,256,257,259,262,265,266,268
41,296
42,297,298,299,300,301,302,303,304,305,306,307,308,309
43,310
44,313
45,317
46,320,321,322,323,324,325,326,327,328,329,330,331,332,333,334,335,336,337,338,339,340,341,342,343,344,345,346
47,351,356,357,359,362,363
48,375,376,378,379,380,381,382,383,384
49,400,402
50,405
51,420,423,425
52,430
53,431
54,432,433,434,435
55,436
56,437,438,439,440
57,441
58,442,443,444,445
59,446
60,447,448,449,450,451,452,453,454,455,456
61,457,458,459,460,461,462,463,464,465,466,467
62,468,469,470,471,472,473,474,475,476,477,478,479,480,481,482,483,484,485,486,487,488,489,490,491,492,493,494,495,496,497,498,499
63,500,501,502,503,504,505,506,507,508,509,510,511,512
64,513,514,515,516,517,518,519,520,521,522,523,524,525,526,527,528
65,529,530,531,532,533,534,535,536,537
66,538,539,540,541,542
67,545
68,546,547,548,549
69,550,551,552,553,554
70,555,556,557,558,559,560,561,562,563,564,565,566,567,568,569,570,571,572
71,573
72,574,575,576,577,578,579,580,581,582,583
73,584,585,586,587,588,589,590,591,592,593,594
74,598,599,601
75,602,603,604,605
76,606,607,608,609,610
77,624,626
78,635
79,637
80,642,643,644,645,646,647
81,650
82,651,652,653,654,655,656,657,658,659,660,661,662,663,664,665,666,667,668,669,670,671,672,673,674,675,676,677,678
83,688,693,694
84,699,707,711,712,713,714,715,719,720
85,737
86,743
87,745
88,755
89,761
90,765
91,782,783,786,787,788
92,792,798,799,800,801,802,803,805
93,816,817,818,819,820,821,822,823,824,825
94,836
95,855
96,856,857,858,859
97,860,861,862,863,864
98,865
99,876
100,878
101,879,886,887,888
102,889,904
103,934,935,936,937,940
104,946,947,952
105,964,965,971
106,985
107,992,993,994,995,996,997,998,999,1000
108,1005,1006,1007
109,1014,1018
110,1038
111,1053
112,1056
113,1058,1059,1060,1061,1062
114,1067
115,1069,1070,1071,1072,1073,1074,1075
116,1082
117,1084,1085,1086,1087,1088,1089,1090,1091,1092
118,1097,1107,1110,1113,1119
119,1132,1133
120,1137
121,1140
122,1142
123,1149,1150,1151,1152,1153,1154,1155,1156,1157
124,1167
125,1186
126,1188,1189,1190,1191,1192
127,1193,1194,1195,1196,1197,1198
128,1199,1200,1201,1202,1203
129,1204,1205,1206,1207,1208,1209
130,1212
131,1216
132,1221
133,1222,1223,1224,1225,1226,1227
134,1228,1229,1230,1231,1232,1233,1234
135,1235,1236,1237,1238,1239,1240,1241,1242
136,1245,1246
137,1251
138,1252,1253,1254,1255,1256,1257
139,1258,1259,1260,1261,1262,1263,1264
140,1265,1266,1267,1268,1269,1270,1271,1272
141,1273,1274,1275,1276,1277
142,1278,1279,1280,1281,1282,1283
143,1284,1285,1286,1287,1288,1289,1290
144,1291,1292,1293,1294,1295,1296,1297,1298
145,1299,1300,1301,1302,1303
146,1304,1305,1306,1307,1308,1309
147,1310,1311,1312,1313,1314,1315,1316
148,1317,1318,1319,1320,1321,1322,1323,1324
149,1327
150,1328,1329,1330,1331
151,1332
152,1333,1346,1348
153,1351
154,1364,1366
155,1368,1371
156,1387,1388,1389,1390
157,1402,1403,1404
158,1405,1406,1407,1408,1409,1410,1411,1412,1413,1414,1415,1416
159,1422
160,1438,1439
161,1440
162,1443,1444,1445,1446
163,1451
164,1457
165,1458,1459,1460,1461,1462,1463
166,1485,1486
167,1496,1497,1498,1499,1500,1501,1502,1503,1504,1505,1506,1507,1508,1509,1510,1511,1512
168,1513,1514,1515,1516,1517,1518,1519,1520,1521,1522,1523,1524,1525,1526,1527,1528,1529,1530
169,1531,1540
170,1548,1549,1550,1551,1552,1553,1554
171,1555,1556,1557,1558,1559,1560,1561,1562,1563,1564,1565,1566,1567,1568,1569,1570,1571,1572,1573,1574,1575,1576
172,1581
173,1582,1583,1584,1585,1586
174,1605,1608,1610,1611
175,1638
176,1647
177,1663
178,1664,1665,1666,1667,1668,1669
179,1676
180,1684,1684
