32,1
33,2
34,3,4,5
35,7
36,8
37,9,10,11,12
38,13,14,17,18,20,22
39,23,24,26,27,28,29,30,31,32
40,33,36,37,39,42,44,45,46,47,49,50,51,52,53,57,59,63,66,68,69
41,70,71,72,74,75,76,77,79,81,83,84
42,85
43,86
44,87,88
45,91,92,93,94,97,107,110,111,113,115
46,119,120,121,122,123,124,125,126,127,128,129,130,131,132,133,135,136,137,138,139,140,141,142,143,144,145,146
47,147,148,149,150,151,152,153,154,158,159,160,161,163,164,165,166,167,168,169,170,171,172,173,174,175,176,177,178,179,180,181,182,183,184,185,186,187,188,189,190,191,192,193,194,195,196,197,198,200,201,203,204,206,207,208,209,211,212,214,215,216,217,218
48,219,220,222,223,224,226,228,229,230,231,232,233,234,235,236,237,238,239,241,244
49,246
50,247
51,248,249,250,251
52,252,253,256,257,258,259,262,263,264,265,266,267,268,269,270,271,274,276,277
53,280,281,282,283,284,285,286,289,290,291,292,293,294,295,297,298,299,302,303,304,305,306,307
54,308,309,319,322,335,350,355,365
55,380,381,383,385,387,389,390,391,392,393,394,395,396,397,398,399,400,402,403,404,406
56,407
57,408
58,409,410,411
59,413,415,417,418,419,422,424,426,427,428,430,431,435,438,440
60,441,443,444,445,446,447,448,450,451,452,453,455,457,458,459,460,463,466,468
61,469,470,472,473,474,476,477,478,479,482,483,484,485,486,489,490,491,492,493,494,495,496,497,499,500,501,502,503,504,507,508,509,510,511,515,516,518,519,520,521,522,525,526,528,529,530,534,535,540
62,541,542,543,544,545,546,547,548,549,550,551,552,553,554,555,556,557,559,560,561,562,563,564,565,566,567
63,568
64,569
65,570,571
66,574,575,576,577,578,580,581,582,583,584,585,586,587,588,589,590,591,592,593,594,595,596,597,598,599,601
67,602,611,612,613,620,628,629
68,630,631,632,634,635,636,637,638,640,641,642,643,644,645,646,647,648,649,650,651,652,653,654,656,657,658,660,661,662,666,667,668,670,671,672,673,674,675,676,677,678,679,680,681,683,684,688,689,690,691,693,694,696,697,698,699,701
69,702,703,704,705,706,707,708,709,710,711,712,713,714,715,716,717,718,719,720,721,722,723,724,725,726,727,728
70,729
71,730
72,731,732,733
73,735,736,737,738,740,741,744,746,748,749,751,755,757,762
74,763,764,765,766,768,775,776,777,779,781,782,783,784,785,786,790
75,791,792,798,800,802,803,804,805,806,808,809,812,814,815,816,817,820,821,822,823,824,826,827,828,829,830,832,833,835,837,839,840,841,842,843,844,845,846,847,848,849,850,851,853,854,855,857,858,859,860,862
76,863,864,866,867,871,872,874,875,877,883,884,887,888
77,890
78,891
79,892,893,894,895
80,896,897,899,900,901,902,903,904,906,907,909,910,912,913,914,915,916,917,918,919,920,921,923
81,924,927,928,929,932,934,942,943,944,946,947,948,949,950,951
82,952,953,958,969,971,972,975,982,1001,1009,1014,1017
83,1024,1025,1028,1031,1032,1036,1037,1039,1040,1043,1044,1046,1049
84,1051
85,1052
86,1053
87,1057,1065,1084
88,1085,1086,1088,1089,1090,1098,1099,1104,1106,1107
89,1113,1114,1115,1116,1117,1118,1119,1121,1122,1123,1124,1125,1126,1128,1129,1130,1131,1132,1133,1134,1135,1136,1138,1139,1140,1141,1142,1144,1146,1148,1150,1151,1152,1153,1154,1155,1156,1157,1158,1159,1160,1161,1162,1165,1166,1167,1169,1170,1171,1172,1173,1174,1175,1176,1177,1178,1179,1180,1181,1182,1183,1184
90,1185,1186,1187,1188,1189,1190,1191,1192,1193,1194,1195,1196,1197,1198,1200,1201,1202,1203,1204,1205,1206,1207,1208,1209,1210,1211
91,1212
92,1213
93,1214,1216,1217
94,1218,1219,1221,1222,1223,1227,1228,1229,1230,1232,1233,1234,1244
95,1246,1248,1249,1250,1251,1252,1254,1255,1256,1257,1258,1259,1260,1261,1263,1264,1265,1266,1267,1268,1269,1270,1272,1273
96,1274,1292,1307,1313,1316,1328,1345
97,1346,1347,1348,1351,1354,1355,1356,1357,1360,1361,1362,1363,1366,1367,1368,1369,1370,1371,1372
98,1373
99,1374
100,1375,1376,1377,1378
101,1379,1382,1384,1386,1387,1388,1389,1391,1392,1393,1396,1398,1400,1401,1403,1404,1406
102,1407,1408,1409,1410,1411,1412,1413,1414,1415,1416,1417,1419,1420,1421,1422,1423,1424,1425,1426,1427,1428,1429,1430,1431,1433,1434
103,1435,1444,1458,1461,1463,1465,1466,1476,1483,1485,1494,1503,1505
104,1507,1533
105,1534
106,1535
107,1536,1537,1539
108,1540,1541,1544,1548,1549,1551,1552,1553,1556,1557,1560,1561,1566,1567
109,1568,1569,1570,1573,1574,1575,1577,1579,1580,1582,1583,1586,1588,1589,1590,1592,1593,1594,1595
110,1596,1597,1599,1600,1604,1606,1607,1611,1612,1616,1617,1618,1620,1621,1622,1623,1624,1627,1629,1630,1631,1632,1636,1639,1640,1641,1643,1646,1647,1648,1649,1650,1654,1656,1658,1664,1666,1667
111,1668,1674
112,1695
113,1696
114,1697,1698,1699
115,1701,1702,1703,1705,1706,1707,1708,1709,1711,1712,1713,1715,1716,1719,1720,1721,1724,1725
116,1729,1734
117,1757,1758,1759,1761,1762,1763,1764,1766,1767,1768,1769,1770,1771,1772,1773,1774,1775,1777,1778,1780,1781,1783,1784,1785,1786,1787,1788,1789,1790,1791,1792,1793,1794,1796,1798,1799,1800,1802,1803,1804,1805,1806,1807,1808,1809,1810,1811,1812,1813,1814,1815,1816,1817,1820,1822,1823,1824,1825,1826,1827,1828
118,1829,1830,1832,1834,1836,1837,1838,1839,1841,1842,1843,1844,1845,1846,1847,1848,1850,1851,1852,1853,1854,1855
119,1856
120,1857
121,1858,1859,1860,1861
122,1862,1876
123,1890,1892,1894,1897,1899,1900,1902,1903,1904,1905,1906,1907,1910,1911,1913,1916,1917
124,1918,1919,1920,1921,1923,1925,1926,1927,1928,1929,1931,1932,1933,1935,1936,1937,1938,1939,1941,1942,1943,1944,1945,1946,1948,1950,1954,1955,1957,1958,1961,1963,1964,1966,1967,1968,1969,1970,1972,1973,1974,1975,1977,1978,1979,1980,1981,1983,1985,1987,1988,1989
125,1990,1995,2015
126,2017
127,2018
128,2019,2020,2021,2022
129,2023,2024,2025,2029,2031,2032,2033,2034,2036,2038,2043,2046,2047,2048,2049
130,2051,2065,2066,2068,2070,2071,2072,2073
131,2079,2081,2083,2084,2085,2086,2087,2088,2089,2090,2091,2092,2093,2094,2095,2096,2097,2098,2099,2100,2102,2104,2105,2107,2108,2109,2110,2111,2112,2113,2114,2115,2116,2117,2119,2120,2122,2123,2125,2126,2127,2128,2129,2130,2132,2134,2135,2136,2137,2138,2139,2140,2141,2142,2146,2147,2149,2150
132,2151,2152,2154,2155,2159,2160,2161,2163,2164,2167,2168,2171,2172,2175,2176,2177
133,2178
134,2179
135,2180,2181,2182,2183
136,2184,2185,2186,2187,2188,2191,2192,2193,2194,2195,2196,2197,2198,2199,2201,2202,2203,2204,2205,2206,2207,2208,2209,2210,2211
137,2212,2213,2214,2215,2216,2217,2218,2220,2223,2224,2225,2226,2227,2228,2229,2231,2232,2233,2234,2235,2236,2237,2238,2239
138,2240,2241,2242,2243,2244,2245,2246,2247,2248,2249,2250,2251,2252,2254,2255,2256,2257,2258,2259,2260,2261,2262,2263,2264,2265,2266,2267,2268,2269,2270,2271,2272,2273,2274,2275,2276,2277,2278,2279,2280,2281,2282,2283,2284,2285,2286,2287,2288,2289,2290,2291,2292,2293,2294,2295,2296,2297,2298,2299,2300,2301,2302,2303,2304,2305,2306,2307,2308,2309,2310,2311
139,2312,2313,2319,2320,2321,2322,2323,2328,2329,2332,2333,2334,2336
