10,1
11,2
12,3
13,5
14,7
15,12,14,15,16,17,18,19,20,21,22,23,24
16,25
17,27
18,28
19,30
20,31,32,33,34,35,36,37,38,39
21,43,53,57,63
22,72
23,73
24,75
25,76
26,77,80
27,89
28,90
29,92
30,93
31,97
32,106
33,107
34,108
35,134
36,138,139,140,141,142,143,144,145,146
37,147,148,149,150,151,152,153,154,155,156,157,158
38,163
39,166
40,168
41,169
42,170,173
43,182
44,183
45,184
46,188
47,201
48,208
49,209
50,222
51,223
52,225,226,227
53,236
54,239,240,249
55,266
56,267,268,269,270,271,272,273,274,275,276,277,278
57,279,280,281,282,283,284,285
58,286
59,287
60,295
61,296,297,298,299,300
62,301
63,302
64,303
65,309
66,314
67,322
68,334
69,335,336,337,338,339,340,341,342
70,344
71,347
72,348
73,350,351,352
74,353,354,355,356,357,358,359,360,361,362,363,364,365,366,367
75,370
76,378,382
77,394
78,398
79,401
80,402,403,404,405,406,407,408,409,410,411
81,412,413,414,415,416,417,418,419,420,421,422,423,424,425,426
82,429
83,435
84,436,437
85,439
86,444
87,447
88,458,459,460,461,462,463,464,465,466
89,467,468,469,470,471,472,473,474,475,476,477,478,479
90,480,481,482,483,484,485,486
91,487
92,491
93,492
94,493
95,503,504,505,506,507,508,509,510
96,511
97,512
98,514
99,515,516,517,518,519,520
100,521,523,524,525,526,527,528,529,530,531,532,533
101,534,535,536,537,538,539,540,541
102,547
103,555,556,557,558,559,560,561
104,563
105,565
106,566,567,568,569,570,571,572,573
107,574,575,576,577,578,579,580,581,582,583,584,585,586,587,588
108,595
109,606,607,608,609,610,611,612,613,614,615,616,617,618,619,620,621
110,622,623,624,625,626,627,628,629
111,630,631,632,633,634,635,636,637,638,639,640,641
112,642,643,644,645,646,647,648
113,649
114,651
115,652
116,654
117,655,656,657,658,659,660,661,662,663
118,671
119,674
120,675
121,676,678
122,680
123,682,683
124,698
125,701,702,703,704,705,706,707,708,709,710,711,712,713,714,715
126,720
127,723
128,725
129,735
130,736,737,738,739,740,741,742
131,743,744,745,746,747,748,749,750,751,752,753,754
132,755
133,759
134,760
135,764
136,765,766,768,769,770,771,772,773,774,775,776,777,778,779,780,781,782,783,784,785,786,787
137,797
138,798
139,799
140,803
141,808
142,810
143,812
144,814,816
145,822,823,824,825,826,827,828,829,830,831,832,833,834,835,836,837,838,839,840,841,842,843,844,845,846
146,849
147,860
148,872
149,875
150,876
151,877,879
152,884
153,886,887,888,889,890,891,892,893,894,895,896
154,899
155,912,916
156,932,934,939,940
157,941,942,943,944,945,946,947,948
158,949
159,950,952
160,969
161,970
162,971
163,975
164,976,977,979,980,981,982,983,984,985,986,987,988,989,990,991
165,992,993,994,995,996,997,998,999,1000
166,1001
167,1002
168,1003,1004
169,1007
170,1012
171,1024,1025,1026,1027,1028,1029,1030,1031
172,1033,1037
173,1050
174,1051
175,1055
176,1056,1057,1058,1059,1060,1061,1062,1063,1064,1065,1066,1067,1068
177,1069,1070,1071,1072,1073,1074,1075,1076
178,1085,1086
179,1091,1092,1093,1094,1095,1096,1097
180,1099
181,1100
182,1103
183,1108
184,1110,1111,1112,1113,1114,1115,1116,1117,1118,1119,1120,1121,1122,1123,1124
185,1125,1126,1127,1128,1129,1130,1131
186,1132
187,1133,1134
188,1137
189,1138
190,1140
191,1141
192,1142
193,1156
194,1168
195,1174,1175,1176,1177,1178,1179,1180,1181,1182,1183,1184,1185,1186,1187,1188,1189
196,1194
197,1208,1209,1210,1211,1212,1213,1214,1215,1216
198,1217
199,1218,1219
200,1220
201,1222,1223,1224,1225,1226
202,1233
203,1234
204,1235
205,1236
206,1239
207,1241
208,1259
209,1261,1262,1263,1264,1265,1266,1267,1268,1269,1270,1271,1272,1273
210,1278
211,1281,1282,1283,1284,1285,1286,1287,1288,1289,1290,1291,1292
212,1297
213,1300
214,1301
215,1302
216,1304,1305,1306
217,1307,1309,1310,1311,1312,1313,1314,1315,1316
218,1317,1318,1319,1320,1321,1322,1323,1324
219,1326
220,1328
221,1330,1333
222,1342
223,1355,1356,1357,1358,1359,1360,1361,1362
224,1363,1364,1365,1366,1367,1368
225,1374
226,1384,1385,1386,1387,1388,1389,1390,1391
227,1392,1393,1394,1395,1396,1397,1398,1399,1400,1401,1402,1403,1404,1405,1406,1407,1408
228,1409,1410,1411,1412,1413,1414,1415,1416,1417
229,1418,1419,1420,1421,1422,1423,1424,1425,1426,1427,1428,1429,1430,1431
230,1432,1433,1434,1435,1436,1437,1438
231,1440
232,1444
233,1449
234,1478
235,1483
236,1484,1485,1487,1488,1489,1490,1491,1492,1493,1494,1495,1496,1497,1498,1499,1500
237,1501,1502,1503,1504,1505,1506,1507,1508,1509
238,1521
239,1525
240,1531,1532,1533,1534,1535
241,1542
242,1549
243,1557
244,1561
245,1562,1564
246,1581
247,1583
248,1586
249,1587
250,1589
251,1592
252,1596
253,1616
254,1617
255,1619
256,1620,1621,1622,1623,1624,1625
257,1626,1627,1628,1629,1630,1631,1632,1633,1634,1635,1636,1637,1638,1639,1640,1641
258,1645
259,1653
260,1655
261,1658
262,1668,1669,1670,1671,1672,1673,1674,1675
263,1676
264,1678
265,1681
266,1685
267,1687
268,1690
269,1699,1700,1701,1702,1703,1704,1705
270,1706
271,1708
272,1709,1710,1711,1712,1713,1714
273,1715,1716,1718,1719,1720,1721,1722,1723,1724,1725,1726,1727,1728,1729
274,1730,1731,1732,1733,1734,1735,1736,1737,1738,1739,1740,1741,1742,1743,1744,1745
275,1746,1747,1748,1749,1750,1751,1752,1753,1754,1755,1756,1757,1758,1759,1760,1761
276,1762,1763,1764,1765,1766,1767,1768,1769,1770,1771,1772,1773,1774,1775,1776,1777
277,1778,1779,1780,1781,1782,1783,1784,1785
278,1786
279,1789
280,1794
281,1796
282,1798
283,1799,1800,1801,1802,1803,1804,1805,1806,1807,1808,1809
284,1810,1811,1812,1813,1814,1815,1816
285,1824
286,1829,1830,1831,1832,1833,1834,1835
287,1837
288,1839
289,1849
290,1852
291,1853,1854,1855,1856,1857,1858,1859,1860,1861,1862,1863,1864,1865,1866,1867,1868,1869,1870,1871,1872
292,1873,1874,1875,1876,1877,1878,1879,1880,1881
293,1882
294,1889,1890
295,1899
296,1910,1919
297,1924,1925,1926,1927,1928,1929,1930
298,1931
299,1933
300,1935
301,1937
302,1944
303,1946,1947,1948,1949,1950
304,1956
305,1968,1969,1970,1971,1972,1973,1974,1975,1976
306,1984
307,1989,1990,1991,1992,1993,1994,1995
308,1996
309,1997,1998
310,2002
311,2011
312,2013
313,2014,2015
314,2017,2018
315,2025,2026,2027,2028,2029,2030,2031,2032,2033,2034,2035,2036,2037,2038,2039,2040,2041,2042,2043,2044
316,2045,2046,2047,2048,2049,2050,2051,2052,2053
317,2055
318,2057
319,2066
320,2069
321,2073,2080
322,2086,2089,2091
323,2118
324,2124
325,2131,2132,2133,2134,2135,2136,2137,2138,2139,2140,2141
326,2142,2143,2144,2145,2146,2147,2148,2149,2150,2151,2152,2153,2154,2155,2156
327,2160,2163
328,2171
329,2178,2179,2180,2181,2182,2183,2184
330,2185
331,2187,2188,2189
332,2192
333,2208
334,2210,2211,2212
335,2217
336,2236
337,2243,2244,2245,2246,2247,2248,2249,2250
338,2258
339,2261,2263,2264,2265,2266,2267,2268,2269,2270,2271,2272,2273,2274,2275
340,2277
341,2278
342,2282
343,2291
344,2292
345,2296
346,2299,2301
347,2308
348,2311,2313
349,2328,2329,2333
350,2343,2344,2345,2346,2347,2348,2349,2350
351,2351
352,2353,2354,2355
353,2358
354,2381
355,2383
356,2386
357,2390
358,2401,2404,2413
359,2415,2416,2417,2418,2419,2420,2421,2422
360,2423,2424
361,2427
362,2436,2437,2438,2439,2440,2441,2442
363,2443,2444,2445,2446,2447,2448,2449,2450,2451,2452,2453,2454,2455,2456
364,2461
365,2467
366,2470
367,2472,2474,2475
368,2499
369,2500
370,2502
371,2505
372,2509
373,2511
374,2512
375,2514,2515,2516,2517,2518
376,2521
377,2543
378,2551,2552,2553,2554,2555,2556,2557,2558
379,2560
380,2562,2563,2564,2565,2566
381,2567,2569,2570,2571,2572,2573,2574,2575,2576,2577,2578,2579,2580,2581
382,2582,2583,2584,2585,2586,2587,2588,2589
383,2592
384,2607
385,2613
386,2614
387,2616
388,2620
389,2642
390,2644
391,2648
392,2657
393,2658,2659,2660,2661,2662,2663,2664,2665,2666,2667,2668,2669,2670
394,2675
395,2679,2680,2681
396,2686
397,2688
398,2692
399,2693,2695,2696,2697,2698,2699,2700,2701,2702,2703,2704,2705,2706
400,2709,2711,2713
401,2723,2724,2725,2726,2727,2728,2729,2730
402,2732
403,2733,2734,2735,2736,2737,2738
404,2739,2740,2741,2742,2743,2744,2745,2746,2747,2748,2749,2750,2751,2752
405,2759
406,2770,2771,2772,2773,2774,2775,2776,2777,2778,2779,2780,2781,2782,2783,2784,2785
407,2786,2787,2788,2789,2790,2791,2792,2793
408,2794,2795,2796,2797,2798,2799,2800,2801,2802,2803,2804,2805,2806,2807
409,2808,2809,2810,2811,2812,2813,2814
410,2817
411,2818
412,2819
413,2823,2824
414,2828
415,2841,2852
416,2862,2863,2864,2865,2866,2867,2868,2869,2870,2871
417,2873,2875
418,2880,2881,2882,2883,2884,2885
419,2888
420,2892,2897
421,2915
422,2923,2925,2928,2929
423,2930
424,2932
425,2935
426,2939
427,2941
428,2942,2943,2944,2945,2946,2947,2948,2949,2950,2951,2952
429,2953,2954,2955,2956,2957,2958,2959
430,2961
431,2964
432,2965,2966,2967,2968,2969,2970,2971,2972,2973,2974,2975,2976,2977
433,2978,2979,2980,2981,2982,2983,2984,2985
434,2987
435,2989
436,2997,2998,2999,3000,3001,3002,3003
437,3004,3005,3006,3007,3008,3009,3010,3011,3012,3013,3014,3015,3016
438,3017
439,3023
440,3026
441,3027
442,3036,3042
443,3053,3060,3062,3066,3067
444,3083
445,3087
446,3089
447,3090,3091,3092,3093,3094,3095
448,3098
449,3115
450,3123,3124,3125
451,3126,3127
452,3139,3145
453,3150
454,3157,3162
455,3163,3164,3165,3166,3167,3168,3169,3170,3171,3172,3173
456,3178,3180,3188
457,3189,3190,3191,3192,3193,3194,3195,3196
458,3198
459,3207
460,3210,3211
461,3214
462,3225
463,3229
464,3236,3237,3238,3239,3240,3241,3242,3243,3244,3245,3246,3247,3248,3249,3250,3251,3252
465,3253,3254,3257,3272
466,3280
467,3284
468,3286
469,3290
470,3299
471,3301,3302
472,3314,3315,3316,3317,3318,3319,3320
473,3321
474,3324
475,3326,3328,3329,3330,3331,3332,3333,3334,3335
476,3336,3337,3338,3339,3340,3341,3342,3343,3344,3345,3346,3347,3348,3349,3350,3351,3352,3353
477,3363
478,3371,3372,3373,3374,3375,3376,3377,3378
479,3379
480,3382,3383,3384,3385,3386,3387,3388,3389
481,3391
482,3392,3393,3394,3395,3396,3397
483,3407
484,3425,3426,3427,3428,3429,3430,3431,3432,3433,3434,3435
485,3436,3437
486,3439,3443
487,3453
488,3457
489,3473
490,3477
491,3481
492,3490
493,3492
494,3496
495,3498,3499,3500
496,3501,3502,3503,3504,3505,3506,3507,3508,3509,3510,3511,3512,3513,3514,3515,3516
497,3517,3518,3519,3520,3521,3522,3523,3524,3525
498,3541
499,3543,3544,3545,3546,3547,3548,3549,3550,3551,3552,3553,3554,3555,3556,3557,3558,3559,3560
500,3561,3562,3563,3564,3565,3566,3567,3568,3569
501,3570,3571,3572,3573,3574,3575,3576,3577,3578,3579,3580,3581,3582,3583
502,3584,3585,3586,3587,3588,3589,3590
503,3591
504,3592,3593,3594,3595,3596,3597
505,3598,3600,3601,3602,3603,3604,3605,3606,3607
506,3609
507,3618
508,3628
509,3632
510,3637
511,3641
512,3642,3643,3645
513,3661
514,3663
515,3664,3665,3666,3667,3668,3669,3670,3671,3672,3673,3674,3675,3676,3677,3678,3679,3680,3681
516,3682,3683,3684,3685,3686,3687,3688,3689,3690,3691,3692,3693,3694,3695,3696,3697,3698,3699,3700,3701
517,3704
518,3712
519,3714
520,3718
521,3727
522,3728,3729,3730,3731,3732,3733,3734,3735,3736,3737,3738,3739,3740,3741
523,3742,3743,3744,3745,3746,3747,3748,3749
524,3752
525,3754,3759
526,3779
527,3789,3790
528,3794
529,3799
530,3805
531,3809
532,3813,3814,3815,3816,3817,3818,3819,3820,3821,3822,3823,3824,3825
533,3826,3827,3828,3829,3830,3831,3832
534,3834
535,3835,3836,3837,3838,3839,3840,3841,3842,3843
536,3851
537,3855
538,3858,3862
539,3865,3866,3867,3868,3869,3870,3871,3872,3873,3874,3875,3876,3877,3878,3879,3880,3881
540,3882,3883,3884,3885,3886,3887,3888,3889,3890,3891,3892,3893,3894,3895,3896,3897
541,3898,3899,3900,3901,3902,3903,3904,3905
542,3906
543,3908
544,3909,3910,3911,3912,3913,3914
545,3915,3916,3918,3919,3920,3921,3922,3923,3924,3925,3926,3927,3928
546,3939
547,3948,3949,3950,3951,3952,3953,3954,3955,3956
548,3959
549,3962
550,3964
551,3969
552,3994
553,3998
554,3999,4000,4002,4003,4004,4005,4006,4007,4008,4009,4010,4011,4012,4013,4014,4015
555,4019
556,4025
557,4029
558,4034
559,4036
560,4037,4038,4039,4040,4041,4042,4043,4044,4045,4046,4047,4048,4049
561,4050,4051,4052,4053,4054,4055,4056
562,4060
563,4061,4062,4064,4065,4066,4067,4068,4069,4070,4071,4072,4073
564,4077
565,4091,4092,4093,4094,4095,4096,4097,4098
566,4099
567,4101
568,4104,4105
569,4116,4122
570,4137,4139
571,4145,4146,4147,4148,4149,4150
572,4161
573,4165,4166,4167,4168,4169,4170,4171,4172
574,4174
575,4175,4176,4177,4178,4179,4180
576,4181,4182,4183,4184,4185,4186,4187,4188,4189,4190,4191,4192,4193,4194
577,4202
578,4214,4215,4216,4217,4218,4219,4220,4221,4222
579,4223,4224,4225,4226,4227,4228,4229,4230,4231,4232,4233,4234
580,4235,4236,4237,4238,4239,4240,4241
581,4244
582,4248,4249
583,4254
584,4255,4256,4257,4258,4259,4260
585,4268,4269
586,4284,4286,4288
587,4303
588,4315,4321
589,4325,4328
590,4333
591,4334
592,4335,4338
593,4347
594,4353,4354,4355,4357,4358,4359,4361,4362,4363,4364,4365,4366,4367,4368,4370
595,4374
596,4377
597,4390,4391,4392,4393,4394,4395,4396,4397,4398
598,4399
599,4402
600,4406
601,4408,4411,4412,4413,4414,4415,4416,4417,4418,4419,4420,4421,4422,4423,4424,4425,4426,4427,4428,4429,4430
602,4439
603,4446
604,4453,4454,4455,4456,4457,4458,4459,4460,4461,4462,4463,4464,4465,4466,4467,4468,4469
605,4472,4475,4476,4477,4489
606,4493
607,4507,4508,4509,4510,4511,4512,4513,4514
608,4515,4517,4518,4519,4520,4521,4522,4523,4524
609,4532
610,4538
611,4540,4543
612,4553,4554,4555,4556,4557,4558,4559,4560
613,4562
614,4563,4564,4565,4566,4567,4568
615,4569,4571,4572,4573,4574,4575,4576,4577,4578,4579,4580
616,4585,4587
617,4600,4603
618,4607
619,4613
620,4634
621,4637,4638,4639
622,4642
623,4655
624,4667,4668,4669,4670,4671,4672,4673,4674
625,4685
626,4692,4693,4694,4695,4696,4697,4698,4699,4700,4701,4702,4703,4704,4705,4706,4707,4708,4709
627,4710,4711,4712,4713,4714,4715,4716,4717,4718
628,4720
629,4723
630,4724,4725,4726,4727,4728,4729,4730,4731,4732,4733,4734
631,4735,4736,4737,4738,4739,4740,4741
632,4743
633,4746
634,4748
635,4750
636,4760
637,4775,4776,4777,4778,4779,4780,4781,4782,4783,4784,4785,4786,4787,4788,4789,4790,4791
638,4794,4802
639,4804,4805,4806,4807,4808,4809,4810,4811,4812,4813,4814,4815,4816,4817,4818
640,4822,4825
641,4827
642,4833
643,4837
644,4859
645,4871
646,4872,4873,4875,4876,4877,4878,4879,4880,4881,4882,4883,4884,4885,4886,4887,4888,4889,4890,4891,4892,4893,4894,4895,4896,4897
647,4907
648,4910
649,4914,4915,4916,4917,4918,4919,4920,4921,4922,4923,4924,4925,4926,4927,4928,4929,4930,4931
650,4935,4944
651,4945,4946,4947,4948,4949,4950,4951
652,4952,4953,4954,4955,4956,4957,4958,4959,4960,4961,4962,4963,4964
653,4965,4966,4967,4968,4969,4970,4971
654,4972,4975
655,4978
656,4990
657,5006
658,5007,5008,5009,5010,5011,5012
659,5013,5014,5015,5016,5017,5018
660,5021
661,5031
662,5033,5035
663,5037
664,5039
665,5041
666,5042,5043,5044,5045,5046,5047
667,5048,5049,5050,5051,5052,5053,5054,5055,5056,5057,5058,5059,5060,5061,5062,5063
668,5064,5065,5066,5067,5068,5069,5070,5071,5072
669,5073,5074,5075,5076,5077,5078
670,5079,5080,5081,5082,5083,5084
671,5087
672,5091
673,5092,5093,5094,5095,5096,5097,5098,5099,5100,5101,5102
674,5105,5108
675,5120
676,5128
677,5132,5134,5135,5136,5137,5138,5139,5140,5141,5142,5143,5144
678,5145,5146,5147,5148,5149,5150,5151,5152,5153
679,5155
680,5158
681,5170,5171
682,5174,5175,5176,5177,5178,5179,5180,5181,5182
683,5184
684,5185,5186,5187,5188,5189,5190,5191,5192,5193
685,5200
686,5202,5203,5204,5205,5206,5207,5208,5209,5210,5211,5212,5213,5214,5215,5216,5217,5218,5219,5220
687,5221,5222,5223,5224,5225,5226,5227,5228,5229
688,5231
689,5234
690,5243
691,5256
692,5265,5266,5267,5268,5269,5270,5271,5272,5273,5274,5275,5276,5277,5278,5279
693,5287
694,5309
695,5324
696,5333
697,5334,5335,5336,5337,5338,5339,5340,5341,5342,5343,5344,5345
698,5346,5347,5348,5349,5350,5351,5352,5353,5354,5355,5356,5357,5358
699,5359,5360,5361,5362,5363,5364,5365
700,5367,5370,5373,5380
701,5386
702,5394,5396,5399
