10,1
11,2
12,3
13,5,4
14,8,11,6,10
15,17,19,13,15,12,14
16,25
17,27,26
18,28
19,30,29
20,34,38,31,33,32,37,35
21,62,47,63,41,60,43,45,46,40,42
22,68,67,70,72,65,66,69,71,64
23,73
24,75,74
25,76
26,80,78,82,81,77,79
27,89,86,87,88,84,83
28,90
29,92,91
30,93
31,97,95,99,98,94,96
32,106,103,104,105,101,102,100
33,107
34,114,109,108,111
35,136,126,122,124,128,130,132,121,123,127
36,141,142,145,139,140,143,138
37,157,152,148,153,150,158,147,155,149,151
38,163,162,165,160,161,159
39,166
40,168,167
41,169
42,173,171,175,174,170,172
43,182,179,181,180,177,178,176
44,183
45,184
46,188,185,187,186
47,198,206,205,194,190,192,196,207,189,191
48,208
49,213,221,210,220,214,212,209,211
50,222
51,223
52,227,224,225,226
53,236,237,238,234,235,231,232,229,228,233
54,239,244,256,240,246,257,242,255,254,245,241
55,264,261,262,259,260,263,265,258
56,271,269,272,277,268,267,270,273
57,284,281,283,280,282,285,279
58,286
59,290,287,288,289
60,295,293,292,294,291
61,298,299,297,296
62,301
63,302
64,303,304,305,306
65,308,310,311,307
66,314,315,316,317,313,312
67,322,321,320,318,319
68,327,329,324,333,323,326,325,330,328
69,341,339,338,336,337,335
70,344,343
71,347,346,345
72,348
73,352,349,350,351
74,359,362,365,354,353,355,356,358,357
75,372,369,371,370,375,373,368
76,380,378,381,377,388,376,379,382,386
77,395,392,394,391,393,396,390
78,398,397
79,401,400,399
80,410,411,406,407,403,402,404
81,416,425,413,418,415,412,423,414,417
82,430,431,428,429,432,427
83,435
84,437,436
85,440,443,438,442
86,444
87,450,456,446,448,452,454,445,447
88,461,462,460,459,458
89,479,471,469,472,478,470,468,467,475
90,482,484,481,483,486,480
91,487
92,491,488,489,490
93,492
94,494,499,497,498,502,493,495
95,506,508,509,507,504,505,503
96,511
97,512
98,514,513
99,516,518,519,515,517
100,529,526,530,533,532,522,524,525,527,521
101,539,537,540,538,541,535,536,534
102,543,547,545,554,548,551,550,542,544,546
103,558,559,561,556,557,555
104,563,562
105,565,564
106,572,573,571,566,569,570,567,568
107,579,588,576,580,585,587,574,575,577,578
108,595,598,604,591,602,589,594,590,593,592
109,610,607,609,612,615,618,606,608,611
110,628,625,629,623,624,622
111,640,636,633,631,635,630,632,641,634
112,648,645,646,643,644,647,642
113,649
114,651,650
115,652
116,654,653
117,662,659,656,655,658,660,663
118,667,665,668,666,669,664
119,674
120,675
121,676,677,679
122,680
123,682,689,687,685,688,681,683
124,698,694,700,695,692,693,691
125,703,706,714,704,715,705,702,701,711
126,718,720,717,719,722,716
127,723
128,725,724
129,729,735,731,727,726,730,728
130,740,739,741,738,737,736
131,747,745,748,753,746,744,743
132,755
133,759,756,757,758
134,760
135,764,761,762,763
136,773,781,785,784,787,766,765,767,769,770
137,797,792,789,791,796,790,788
138,798
139,799
140,803,800,801,802
141,808,805,806,807,804
142,810,809
143,812,811
144,817,820,813,814,816,818,821
145,822,838,837,829,839,845,823,825,827,830,834
146,850,853,855,848,849,847
147,863,867,860,858,861,856,857,859
148,873,870,872,869,871,874,868
149,875
150,876
151,877,878,880
152,884,882,883,885,881
153,892,889,896,895,887,886,888,890
154,911,898,903,904,905,909,897,899
155,919,920,916,925,918,917,913,915,912,914
156,931,940,928,932,939,930,937,927,926,929
157,946,943,945,942,944,947,948,941
158,949
159,951,958,955,957,950,952
160,963,966,964,961,962,960
161,970
162,971
163,975,972,973,974
164,981,990,977,983,991,976,978,980,982
165,995,996,1000,993,994,999,997,992
166,1001
167,1002
168,1004,1003
169,1006,1008,1009,1005,1007
170,1016,1020,1023,1021,1012,1014,1015,1017,1011,1013
171,1029,1027,1031,1028,1025,1024
172,1042,1035,1033,1037,1043,1034,1032,1036,1039,1041
173,1050,1047,1048,1045,1046,1049,1044
174,1051
175,1055,1052,1053,1054
176,1060,1067,1057,1062,1058,1066,1068,1056,1059,1061
177,1072,1070,1073,1071,1076,1074,1069
178,1089,1080,1078,1086,1082,1090,1077,1079,1081
179,1097,1094,1095,1092,1093,1091
180,1099,1098
181,1100
182,1101,1102,1104
183,1106,1107,1109,1105
184,1123,1118,1120,1113,1111,1115,1124,1110,1112,1114
185,1131,1128,1129,1126,1127,1130,1125
186,1132
187,1134,1133
188,1137,1136,1135
189,1138
190,1140,1139
191,1141
192,1142,1143,1144,1145
193,1153,1155,1160,1149,1147,1152,1154,1146,1148,1150
194,1164,1171,1166,1162,1163,1161
195,1180,1177,1188,1175,1179,1174,1176,1189,1178
196,1197,1201,1204,1191,1195,1190,1193,1192,1202,1199
197,1215,1211,1209,1210,1208
198,1217
199,1219,1218
200,1220
201,1222,1226,1225,1221,1223
202,1233,1230,1231,1228,1229,1227
203,1234
204,1235
205,1236
206,1237,1238,1240
207,1242,1244,1248,1249,1250,1241,1243
208,1254,1252,1253,1251
209,1264,1272,1262,1266,1273,1268,1261,1263,1265
210,1280,1277,1278,1275,1276,1274
211,1284,1282,1286,1283,1292,1281,1285,1288
212,1296,1297,1294,1295,1298,1293
213,1300
214,1301
215,1302
216,1306,1303,1304,1305
217,1308,1310,1312,1313,1316,1307,1309
218,1320,1323,1322,1324,1321,1318,1319,1317
219,1326,1325
220,1328,1327
221,1333,1334,1336,1337,1330,1329,1331,1332,1335
222,1340,1344,1343,1338,1351,1353,1339,1341,1342,1349
223,1357,1356,1358,1355
224,1368,1366,1367,1364,1363,1365
225,1373,1370,1375,1369,1371,1381,1383,1372,1374
226,1387,1388,1385,1386,1384
227,1398,1399,1395,1404,1393,1392,1397,1405
228,1414,1412,1417,1411,1410,1413,1416,1409
229,1431,1420,1423,1422,1430,1419,1418,1421,1424,1428
230,1434,1436,1433,1435,1438,1432
231,1440,1439
232,1444,1442,1446,1445,1441,1443
233,1450,1461,1448,1457,1455,1453,1452,1465,1447,1449
234,1475,1471,1474,1472,1469,1470,1468
235,1483,1480,1481,1482
236,1499,1488,1485,1489,1491,1484,1498,1486,1487,1490
237,1508,1504,1505,1502,1503,1501
238,1517,1514,1521,1519,1511,1516,1510,1512,1520,1522
239,1529,1526,1527,1524,1525,1523
240,1534,1533,1535,1532,1531
241,1541,1542,1539,1540,1537,1536,1538
242,1548,1556,1545,1549,1555,1544,1543,1553,1546,1547
243,1557
244,1561,1558,1559,1560
245,1563,1566,1570,1567,1569,1562,1564
246,1575,1576,1573,1574,1572
247,1583,1582
248,1586,1585,1584
249,1587
250,1589,1588
251,1592,1591,1590
252,1607,1599,1606,1601,1594,1593,1595,1597,1598
253,1613,1610,1612,1615,1611,1614,1609
254,1617
255,1619,1618
256,1625,1623,1624,1621,1620,1622
257,1640,1631,1627,1633,1641,1628,1626,1630,1632,1635
258,1645,1646,1643,1644,1647,1642
259,1653,1652,1651
260,1655,1654
261,1659,1657,1662,1660,1656,1658,1661
262,1675,1671,1672,1669,1670,1668
263,1676
264,1678,1677
265,1681,1680,1679
266,1685,1684,1683,1682
267,1687,1686
268,1691,1689,1693,1698,1688,1690,1692
269,1702,1703,1700,1701,1699
270,1706
271,1708,1707
272,1714,1712,1713,1710,1709,1711
273,1719,1728,1716,1721,1729,1727,1715,1717,1718,1720
274,1734,1737,1744,1731,1736,1733,1738,1740,1742,1730
275,1752,1750,1747,1756,1749,1758,1746,1748,1751
276,1771,1766,1763,1768,1765,1777,1774,1762,1764,1767
277,1784,1781,1782,1785,1779,1780,1783,1778
278,1786
279,1787,1788,1790
280,1794,1792,1793,1795,1791
281,1796
282,1798,1797
283,1808,1802,1800,1799,1803,1804,1809,1801
284,1816,1815,1812,1813,1811,1810
285,1820,1818,1822,1828,1821,1819,1817,1824
286,1835,1832,1833,1830,1831,1834,1829
287,1837,1836
288,1840,1843,1838,1842
289,1847,1848,1845,1846,1844
290,1852,1851
291,1858,1854,1859,1853,1856,1860
292,1881,1880,1876,1877,1879,1874,1875,1878,1873
293,1882,1883,1884,1885
294,1887,1891,1892,1894,1895,1893,1888,1886,1890
295,1901,1903,1905,1897,1898,1896
296,1911,1923,1908,1909,1907,1912,1910,1920
297,1925,1926,1927,1928,1930,1924
298,1931
299,1933,1932
300,1935,1934
301,1941,1936,1939,1938,1937,1940
302,1944
303,1949,1946,1948,1945,1947
304,1958,1967,1966,1965,1952,1956,1954,1953,1951,1957
305,1972,1971,1974,1976,1969,1970,1973,1975,1968
306,1981,1979,1982,1987,1978,1977,1980,1983,1985
307,1991,1993,1990,1992,1995,1989
308,1996
309,1998,1997
310,2000,2004,2003,1999,2001
311,2008,2009,2006,2007,2005
312,2013,2012
313,2015,2014
314,2020,2024,2018,2016,2019,2021,2023
315,2032,2027,2039,2025,2041,2031,2026,2028,2029,2037
316,2049,2046,2047,2050,2048,2051,2053,2045
317,2055,2054
318,2057,2058,2061,2060,2056,2059
319,2066,2065,2067,2063,2064,2062
320,2069,2070,2071,2072
321,2080,2074,2078,2079,2081,2082,2075,2073,2076
322,2102,2086,2091,2085,2084,2083,2107,2090,2087,2089
323,2113,2110,2111,2114,2112,2117,2115,2109
324,2123,2121,2120,2124,2119,2129,2122,2125,2127
325,2132,2134,2140,2137,2135,2139,2136,2141,2131,2133
326,2156,2147,2144,2148,2155,2153,2143,2142,2146,2145
327,2162,2159,2161,2158,2160,2163,2164,2157
328,2177,2167,2169,2170,2166,2176,2165,2168,2171,2174
329,2180,2182,2179,2181,2184,2178
330,2185
331,2189,2186,2187,2188
332,2194,2192,2195,2197,2196,2199,2191,2190,2193
333,2208,2203,2207,2205,2201,2202,2200
334,2212,2209,2210,2211
335,2222,2233,2217,2214,2218,2220,2213,2215,2231,2216
336,2237,2238,2235,2236,2234
337,2248,2250,2246,2249,2247,2244,2243,2245
338,2258,2257,2260,2255,2259,2254,2256,2252,2251,2253
339,2266,2275,2263,2267,2274,2265,2261,2262,2272,2264
340,2277,2276
341,2278
342,2282,2280,2284,2283,2279,2281
343,2291,2288,2289,2286,2287,2285
344,2292
345,2296,2293,2294,2295
346,2301,2299,2302,2303,2304,2306,2298,2297,2300
347,2308,2307
348,2309,2322,2323,2313,2314,2320,2310,2316,2312,2324,2321
349,2331,2326,2339,2328,2341,2342,2334,2329,2332,2325
350,2347,2346,2350,2349,2344,2345,2348,2343
351,2351
352,2355,2352,2353,2354
353,2361,2365,2368,2369,2370,2363,2357,2360,2362,2356
354,2375,2374,2378,2380,2372,2373,2376,2371
355,2383,2382
356,2386,2385,2384
357,2388,2393,2398,2391,2387,2389,2392
358,2405,2413,2411,2401,2399,2404,2400,2402,2403,2407
359,2419,2416,2418,2417,2420,2421,2422,2415
360,2424,2423
361,2428,2434,2426,2430,2425,2435,2427,2429
362,2439,2437,2440,2438,2436
363,2447,2456,2454,2445,2448,2455,2443,2444,2446
364,2462,2459,2461,2458,2460,2463,2457
365,2465,2466,2468,2464
366,2470,2469
367,2477,2488,2478,2472,2479,2471,2474,2480
368,2492,2493,2490,2491,2494,2489
369,2500
370,2502,2501
371,2505,2504,2503
372,2509,2508,2507,2506
373,2511,2510
374,2512
375,2516,2514,2518,2517,2513,2515
376,2533,2525,2521,2519,2520,2524,2530,2532,2527
377,2540,2549,2536,2547,2539,2534,2535,2538,2537,2541
378,2555,2553,2556,2552,2554,2557,2558,2551
379,2560,2559
380,2566,2564,2565,2562,2561,2563
381,2579,2568,2573,2570,2571,2581,2578,2567,2569,2572
382,2585,2586,2583,2584,2587,2582
383,2594,2602,2592,2595,2591,2590,2601,2593,2598
384,2608,2605,2604,2607,2606,2609,2603
385,2613,2610,2612,2611
386,2614
387,2616,2615
388,2626,2622,2629,2627,2631,2618,2624,2623,2619,2617
389,2636,2640,2635,2633,2634,2637,2632
390,2644,2643
391,2646,2650,2649,2645,2647
392,2654,2655,2652,2651
393,2663,2659,2660,2661,2658,2662,2668
394,2675,2674,2677,2672,2673,2676,2671
395,2681,2678,2679,2680
396,2686,2683,2684,2685,2682
397,2688,2687
398,2692,2689,2690,2691
399,2699,2705,2706,2694,2696,2697,2693,2695,2698
400,2713,2719,2722,2708,2710,2721,2716,2717,2707,2709
401,2727,2726,2730,2729,2724,2725,2723
402,2732,2731
403,2738,2736,2737,2734,2733,2735
404,2743,2751,2740,2745,2750,2741,2739,2752,2742,2744
405,2759,2766,2754,2756,2757,2768,2764,2762,2760,2753
406,2775,2772,2776,2770,2774,2782,2771,2773
407,2788,2792,2787,2789,2786
408,2806,2800,2797,2795,2799,2794,2807,2796,2798
409,2814,2811,2812,2809,2810,2808
410,2817,2816,2815
411,2818
412,2819,2820,2821,2822
413,2824,2823
414,2837,2833,2836,2831,2834,2835,2826,2829,2830,2825
415,2839,2846,2857,2841,2851,2844,2861,2854,2838,2840
416,2865,2866,2871,2868,2863,2864,2862
417,2877,2879,2875,2878,2876,2873,2872,2874
418,2885,2883,2884,2881,2880,2882
419,2891,2887,2889,2890,2886,2888
420,2899,2908,2910,2912,2893,2892,2894,2895,2897,2896
421,2917,2914,2916,2915,2913
422,2927,2929,2925,2928,2926,2923,2922,2924
423,2930
424,2932,2931
425,2935,2934,2933
426,2938,2937,2936
427,2941,2940
428,2950,2945,2943,2947,2952,2942,2944,2946
429,2959,2956,2957,2954,2955,2958,2953
430,2961,2960
431,2964,2963,2962
432,2977,2968,2976,2966,2969,2971,2967,2965,2970
433,2981,2982,2979,2980,2978
434,2987,2986
435,2993,2996,2994,2988,2989,2990,2991,2992
436,3001,2998,3000,2999,2997
437,3007,3005,3009,3006,3004,3008
438,3017,3018,3019,3020
439,3022,3024,3025,3021
440,3026
441,3027,3028,3029,3030
442,3048,3040,3037,3033,3039,3031,3032,3035,3038,3034
443,3053,3060,3076,3068,3055,3061,3058,3073,3075,3074,3057
444,3082,3079,3081,3078,3080,3083,3085,3077
445,3087
446,3089,3088
447,3095,3091,3093,3094,3090,3092
448,3110,3106,3097,3100,3104,3101,3102,3111,3099,3096
449,3115,3116,3118,3119,3113,3114,3117,3112
450,3125,3122,3123,3124
451,3127,3132,3130,3131,3133,3134,3126,3128
452,3139,3141,3143,3144,3140,3137,3138,3136
453,3149,3148,3150,3147,3146
454,3156,3161,3162,3153,3151,3152,3155,3154
455,3169,3164,3166,3167,3168,3172,3173,3163,3165
456,3179,3188,3176,3180,3187,3185,3175,3174,3178,3177
457,3194,3191,3193,3190,3192,3195,3196,3189
458,3199,3202,3201,3197,3200
459,3207,3206,3209,3208,3204,3205,3203
460,3211,3210
461,3218,3221,3215,3223,3212,3213,3214,3217,3216,3224
462,3225
463,3227,3232,3234,3235,3231,3228,3226,3230
464,3250,3252,3242,3251,3241,3243,3237,3239,3236,3238
465,3253,3260,3272,3269,3270,3271,3273,3255,3257,3259,3266
466,3278,3276,3275,3277,3282,3280,3274
467,3284,3283
468,3286,3285
469,3290,3288,3292,3291,3287,3289
470,3299,3296,3297,3294,3295,3293
471,3306,3307,3303,3311,3309,3301,3305,3300,3302,3313
472,3320,3317,3318,3315,3316,3319,3314
473,3321
474,3322,3323,3325
475,3332,3327,3329,3331,3326,3328
476,3350,3353,3342,3339,3338,3343,3352,3337,3336,3340
477,3360,3369,3367,3356,3354,3359,3355,3358,3357,3365
478,3375,3372,3374,3373,3376,3377,3378,3371
479,3379
480,3387,3381,3384,3385,3386,3388,3389,3382,3380,3383
481,3391,3390
482,3393,3396,3395,3392,3394
483,3403,3414,3423,3407,3422,3418,3400,3404,3398,3406
484,3429,3427,3426,3432,3430,3428,3431,3425
485,3437,3436
486,3441,3445,3446,3440,3438,3439,3444,3442
487,3453,3451,3455,3448,3449,3450,3447
488,3459,3457,3461,3458,3456,3460
489,3475,3472,3473,3470,3471,3474,3469
490,3477,3476
491,3481,3479,3483,3482,3478,3480
492,3490,3487,3488,3489,3485,3484
493,3494,3493,3492,3491
494,3496
495,3500,3497,3498,3499
496,3505,3502,3506,3508,3515,3514,3503,3501,3504,3507
497,3524,3520,3521,3518,3519,3525,3522,3517
498,3532,3533,3529,3534,3527,3526,3531,3539,3535
499,3550,3547,3544,3559,3548,3546,3543,3555,3545,3553
500,3564,3568,3562,3563,3561
501,3583,3574,3572,3575,3582,3571,3570,3576,3573
502,3586,3588,3585,3587,3590,3584
503,3591
504,3597,3595,3596,3593,3592,3594
505,3602,3607,3605,3599,3603,3601,3606,3598,3600
506,3613,3611,3612,3609,3608
507,3619,3627,3617,3620,3616,3615,3618,3621,3624
508,3628
509,3632,3629,3630,3631
510,3637,3634,3635,3636,3633
511,3641,3638,3639,3640
512,3643,3646,3648,3647,3650,3649,3642,3644
513,3655,3660,3656,3653,3652
514,3663,3662
515,3677,3668,3670,3679,3665,3671,3664,3667,3672
516,3694,3687,3700,3683,3685,3689,3691,3696,3682,3684
517,3708,3705,3710,3703,3704,3702
518,3712,3711
519,3714,3713
520,3718,3716,3720,3719,3715,3717
521,3727,3724,3725,3722,3723,3721
522,3732,3739,3729,3734,3728,3730,3741,3733
523,3748,3745,3746,3743,3744,3747,3742
524,3752,3751,3750
525,3756,3763,3754,3758,3764,3753,3755,3757
526,3772,3779,3766,3765,3768,3767,3770,3775,3774,3771
527,3787,3786,3784,3791,3789,3785,3788,3783
528,3792,3793,3795
529,3797,3798,3800,3796
530,3805,3803,3804,3806,3802,3801
531,3810,3811,3812,3808,3807
532,3814,3818,3825,3816,3813,3815,3823,3817
533,3829,3830,3827,3828,3826
534,3834,3833
535,3839,3842,3835,3836,3838,3840,3843
536,3847,3845,3846,3848,3849,3852,3844
537,3855,3854
538,3863,3861,3864,3856,3857,3858,3860,3859
539,3869,3866,3871,3879,3867,3874,3865,3868,3870
540,3888,3884,3882,3894,3887,3896,3883,3885,3886,3892
541,3902,3899,3901,3900,3903,3905,3904,3898
542,3906
543,3908,3907
544,3914,3912,3913,3910,3909,3911
545,3919,3927,3916,3921,3915,3917,3926,3928,3918,3920
546,3936,3930,3944,3932,3934,3939,3942,3938,3929,3931
547,3951,3956,3949,3950,3948
548,3958,3960,3961,3957
549,3962
550,3964,3963
551,3972,3982,3979,3973,3966,3974,3968,3965,3975
552,3986,3987,3984,3985,3983
553,3998,3995,3996,3997
554,4003,4014,4000,4004,4006,4013,3999,4001,4002,4005
555,4023,4019,4020,4022,4017,4018,4021,4016
556,4025
557,4029,4026,4027,4028
558,4034,4031,4032,4033,4030
559,4036,4035
560,4044,4040,4038,4042,4049,4037,4039,4041
561,4053,4054,4051,4052,4055,4050
562,4060,4057,4058,4059
563,4065,4072,4062,4067,4073,4071,4061,4063,4064,4066
564,4076,4080,4079,4074,4087,4075,4089,4077,4078,4082
565,4095,4093,4096,4092,4094,4098,4097,4091
566,4099
567,4101,4100
568,4108,4111,4112,4103,4106,4107,4104,4102,4105,4109
569,4129,4116,4131,4132,4123,4120,4119,4115,4117
570,4140,4138,4139,4143,4136,4135
571,4150,4148,4149,4146,4145,4147
572,4155,4163,4152,4157,4164,4151,4162,4153,4154,4156
573,4171,4168,4169,4166,4167,4170,4165
574,4174,4173
575,4180,4178,4179,4176,4175,4177
576,4185,4193,4182,4187,4183,4192,4194,4181,4184,4186
577,4197,4201,4195,4202,4196,4198,4200,4210,4204,4208
578,4215,4216,4217,4222,4214
579,4228,4225,4233,4234,4224,4227,4223,4229,4226
580,4239,4237,4236,4238,4241,4235
581,4243,4245,4246,4242
582,4250,4251,4252,4248,4247
583,4254,4253
584,4260,4258,4259,4256,4255,4257
585,4281,4272,4264,4268,4263,4269,4280,4262,4261,4266
586,4285,4294,4288,4283,4286,4287,4295,4290,4282,4284
587,4304,4302,4306,4300,4303,4305,4299,4301,4297,4296
588,4312,4321,4309,4313,4320,4308,4307,4318,4310,4311
589,4327,4324,4326,4323,4325,4329,4328,4322
590,4333,4330,4331,4332
591,4334
592,4338,4335,4336,4337
593,4349,4350,4351,4352,4346,4347,4348,4339,4342,4343
594,4358,4370,4355,4359,4369,4357,4367,4353,4354,4356
595,4374,4371,4372,4373
596,4382,4387,4389,4376,4379,4380,4375,4377,4381
597,4398,4394,4393,4397,4396,4391,4392,4395,4390
598,4399
599,4400,4401,4403
600,4404,4405,4407
601,4426,4418,4425,4421,4429,4423,4420,4408,4410,4409
602,4434,4432,4433,4431
603,4444,4449,4451,4452,4448,4445,4443,4447
604,4467,4459,4469,4465,4454,4460,4466,4453,4455
605,4477,4489,4472,4476,4471,4470,4474,4475
606,4490,4503,4493,4498,4501,4497,4491,4496,4494,4500,4505
607,4510,4513,4508,4509,4507
608,4516,4523,4521,4522,4524,4515,4517
609,4532,4528,4533,4534,4529,4526,4527,4525
610,4538,4535,4536,4537
611,4546,4543,4551,4540,4539,4545,4541,4542,4544,4550
612,4554,4556,4557,4555,4553
613,4562,4561
614,4567,4564,4568,4563,4566
615,4574,4577,4575,4570,4572,4569,4571
616,4596,4586,4583,4587,4595,4593,4582,4581,4584,4585
617,4599,4601,4598,4600,4603,4597
618,4605,4606,4608
619,4613,4616,4619,4610,4615,4609,4611,4618
620,4634,4628,4631,4627,4630,4635,4625,4626,4624
621,4639,4636,4638,4637
622,4648,4644,4645,4641,4643,4640,4642
623,4662,4665,4653,4650,4651,4655,4649,4664,4666,4652
624,4668,4670,4669,4671,4672,4667
625,4681,4682,4678,4676,4675,4680,4688
626,4706,4704,4696,4699,4693,4697,4695,4702,4708,4692
627,4713,4714,4717,4716,4718,4711,4712,4715,4710
628,4720,4719
629,4723,4722,4721
630,4732,4733,4725,4729,4727,4734,4724,4726,4728
631,4738,4741,4739,4736,4737,4740,4735
632,4743,4742
633,4746,4745,4744
634,4748,4747
635,4753,4755,4757,4749,4750,4751,4752,4754
636,4764,4771,4774,4773,4759,4761,4762,4758,4760,4763
637,4790,4781,4789,4787,4775,4777,4776,4779,4778,4780
638,4796,4793,4803,4795,4797,4802,4792,4794
639,4809,4818,4806,4810,4817,4815,4805,4804,4812,4808
640,4821,4823,4820,4822,4825,4819
641,4827,4828,4829,4830
642,4832,4834,4835,4831
643,4853,4846,4838,4847,4836,4840,4848
644,4863,4862,4858,4857,4855,4856,4860,4854
645,4871,4868,4869,4870
646,4878,4873,4876,4880,4872,4874,4897,4877,4879
647,4904,4901,4902,4906,4899,4900,4905,4898
648,4913,4911,4912,4909,4908,4910
649,4929,4919,4930,4915,4917,4921,4914,4916,4918,4920
650,4936,4933,4938,4944,4935,4937,4943,4932,4934
651,4950,4949,4948,4951,4947,4946,4945
652,4955,4953,4957,4964,4954,4952,4956,4959,4962
653,4971,4968,4969,4966,4967,4970,4965
654,4975,4972,4973,4974
655,4984,4985,4986,4982,4983,4979,4980,4977,4976,4981
656,4992,5003,4989,4988,4993,4987,5000,5002,4990,4995
657,5006,5005,5004
658,5012,5010,5011,5008,5007,5009
659,5016,5017,5018,5014,5015,5013
660,5022,5027,5020,5024,5028,5019,5021,5023
661,5031,5030,5029
662,5035,5034,5033,5032
663,5037,5036
664,5039,5038
665,5041,5040
666,5047,5043,5046,5045,5042,5044
667,5052,5049,5051,5055,5061,5053,5063,5048,5050,5054
668,5071,5067,5072,5068,5070,5065,5066,5069,5064
669,5078,5076,5074,5077,5073,5075
670,5084,5082,5080,5081,5079
671,5087,5086,5085
672,5091,5090,5089,5088
673,5101,5097,5093,5095,5102,5094,5092,5096
674,5109,5114,5104,5116,5106,5107,5112,5110,5103,5105
675,5122,5121,5125,5124,5119,5120,5123,5118
676,5127,5129,5130,5126,5128
677,5140,5138,5137,5142,5143,5133,5136,5139,5144,5132
678,5150,5151,5153,5148,5152,5149,5146,5145,5147
679,5155,5154
680,5158,5157,5156
681,5163,5160,5165,5164,5162,5159,5166
682,5181,5177,5178,5175,5176,5179,5174
683,5184,5183
684,5189,5191,5193,5185,5186,5187,5190,5188
685,5200,5198,5196,5195,5197,5194
686,5206,5207,5203,5205,5202,5209,5219
687,5228,5224,5225,5227,5222,5223,5226,5221
688,5231,5230
689,5234,5233,5232
690,5238,5245,5236,5240,5237,5235,5246,5239
691,5252,5256,5248,5254,5250,5261,5247,5249,5253
692,5269,5266,5271,5268,5277,5265,5267,5270
693,5289,5284,5281,5283,5286,5292,5280,5282,5285
694,5307,5301,5297,5303,5299,5311,5296,5298,5302,5300
695,5324,5319,5316,5321,5318,5327,5315,5317,5320
696,5333,5332,5331
697,5338,5335,5339,5341,5334,5336,5340
698,5350,5358,5347,5351,5357,5353,5346,5348
699,5362,5363,5361,5360,5359
700,5376,5370,5382,5380,5377,5367,5371,5373,5381,5366
701,5391,5387,5388,5385,5386,5384
702,5398,5400,5396,5399,5397,5394,5393,5395
