256,1
257,2
258,3,4,5
259,7
260,8
261,9
262,10,11,12,13
263,14,17,19,23
264,24,25,26,27,28,31,32,33
265,34,35,36,39,40,41,43,44,45,46,47,48,50,51,53,54,56,57,59,60,62,63,64,67,68,69
266,71,73,74
267,75,76,77,79,80,81,83,84
268,85
269,86
270,87,88,90
271,91,94,95,96,97,99,101,102,103,105,106,107,108,110,111,112
272,114,121,123,126,133
273,137,139,141,147,149,150,152,162,163,168,169,171,172,174,175,176,182,183,184,187,188,196,197
274,199,201,202,207,210,211,212
275,213,214,215,216,217,218,219,220,221,222,223,225,226,227,228
276,229
277,230
278,231,233
279,235,236,237,240,241,242,245,246,247,251,252,253,254,256,257
280,258,259,260,263,265,267,268,270,272,279
281,281,282,283,285,286,287,288,289,290,291,292,293,294,295,296,297,298,299,300,301,302,303,304,305,306,307,308,309,310,311,312,313,314,315,316,317,318,319,320,321,322,324,325,326,327,328,329,330,331,332,333,334,335,336,337,338,339,341,342
282,343,344,345,346,350,351,352,354,355
283,357,359,361,362,363,364,365,366,367,368,370,371,372
284,373
285,374
286,375,376,378
287,379,380,381,383,384,385,389,390,391,392,393,398,399,400,401
288,402,404,411,414,419
289,425,426,427,428,429,430,431,432,433,434,435,436,437,438,439,440,441,442,443,444,445,446,447,448,449,450,451,452,453,454,455,456,457,458,459,460,461,462,463,464,465,466,467,468,469,470,471,472,473,475,476,477,478,479,480,481,482,483,484,485
290,487,492
291,501,502,503,504,505,510,513,516
292,517
293,518
294,519,521,522
295,523,526,537
296,546,547,551,552,554,555,556,557,558,560,563
297,569,570,571,572,573,574,575,576,577,578,579,580,581,582,583,584,585,586,587,588,589,590,591,592,593,594,595,596,597,598,599,600,601,602,603,604,605,606,607,608,609,610,611,612,613,614,615,616,617,618,619,620,621,622,623,624,625,626,627,628,629,630
298,631,632,633,634,635,636,637,638,639,640,641,642,643,644
299,645,650,658,659
300,661
301,662
302,663,664,665,666
303,667,671,673,684
304,690,691,692,693,694,695,697,700,701,702,703,704,707,708,709
305,713,718,737,742,743,749,769
306,775,776,778,779,781,782,783,787
307,789,790,791,792,795,797,798,800,802,804
308,805
309,806
310,807,808,809,810
311,811,812,813,814,815,816,817,818,819,820,821,822,823,825,826,827,828,829,832,833
312,834,835,836,837,839,840,842,844,845,847,849,850,851,852,853,854,855,856
313,857,862,864,867,872,881,885,889,891,896,914
314,919,925,930,932
315,933,936
316,949
317,950
318,951,952,953,954
319,955,956,957,958,959,960,961,962,963,964,965,966,967,968,969,970,971,972,973,975,977
320,978,980,982,985,988,992,993,994,996
321,1001,1004,1005,1008,1011,1013,1017,1036,1037,1050,1051,1055
322,1063,1064,1065,1066,1069,1071,1072,1075,1076
323,1077,1087
324,1093
325,1094
326,1095,1097,1098
327,1099,1101,1102,1103,1104,1105,1106,1107,1108,1109,1112,1113,1115,1116,1117,1119,1120,1121
328,1122,1127,1129,1131,1133,1135,1138,1141,1143
329,1145,1151,1156,1167,1169,1172,1173,1178,1180,1187,1191,1194,1198,1200,1201,1204,1206
330,1207,1209,1217
331,1221,1222,1228,1229,1231,1232,1236
332,1237
333,1238
334,1239,1242
335,1243,1251,1258,1259,1264
336,1266,1268,1275,1280
337,1289,1290,1291,1293,1294,1295,1296,1297,1298,1299,1300,1301,1302,1303,1304,1305,1306,1307,1308,1309,1310,1311,1312,1313,1314,1315,1316,1317,1318,1319,1320,1321,1322,1323,1324,1325,1326,1327,1328,1329,1331,1332,1333,1334,1335,1336,1337,1338,1339,1340,1341,1342,1343,1344,1345,1346,1347,1348,1349,1350
338,1351,1352,1353,1354,1355,1356,1357,1359,1360,1362,1363,1364
339,1365,1366,1367,1371,1373,1374,1375,1376,1378,1379
340,1381
341,1382
342,1383,1384,1385,1386
343,1387,1388,1389,1390,1391,1393,1397,1400,1402,1405,1406,1407,1408,1409
344,1410,1413,1414,1415,1417,1420,1421,1423,1424,1425,1426,1427,1428,1429,1431,1432
345,1433,1434,1435,1436,1437,1438,1439,1440,1441,1442,1443,1444,1445,1446,1447,1448,1449,1450,1451,1452,1453,1454,1455,1456,1457,1458,1459,1460,1462,1463,1464,1465,1466,1467,1468,1469,1470,1471,1472,1473,1474,1475,1476,1477,1478,1479,1480,1481,1482,1483,1484,1485,1486,1487,1488,1489,1490,1491,1492,1493,1494
346,1495,1496,1498,1499,1500,1501,1502,1503,1504,1506
347,1509,1510,1512,1513,1514,1516,1517,1518,1519,1520,1521,1522,1524
348,1525
349,1526
350,1527,1529
351,1531,1532,1533,1534,1536,1537,1538,1539,1541,1543,1544,1545,1547,1548,1549,1551,1552,1553
352,1554,1556,1558,1560,1561,1562,1564,1565,1567,1569,1572,1573,1575,1576
353,1577,1584,1589,1594,1596,1602,1603,1604,1605,1608,1613,1615,1616,1619,1626,1628,1629,1630,1631,1633,1634,1637
354,1639,1641,1647,1648,1649,1650
355,1653,1660,1665
356,1669
357,1670
358,1671,1674
359,1675,1676,1677,1679,1680,1681,1682,1683,1684,1685,1686,1687,1688,1689,1690,1691,1692,1693,1694,1695,1697
360,1698,1700,1701,1702,1703,1705,1707,1708,1717,1719,1720
361,1721,1723,1738,1762,1763,1778
362,1783,1786,1787,1788,1790,1794
363,1797,1799,1800,1803,1804,1806,1807,1808,1809,1810
364,1813
365,1814
366,1815,1816
367,1819,1821,1822,1827,1829,1831,1832,1837,1838,1841
368,1842,1843,1844,1845,1846,1847,1848,1850,1852,1853,1860,1861,1864
369,1865,1868,1873,1875,1876,1878,1880,1883,1884,1890,1893,1894,1896,1898,1902,1908,1910,1913,1921
370,1927,1928,1929,1930,1931,1932,1933,1934,1935,1937,1938,1939,1940
371,1941,1951
372,1957
373,1958
374,1959,1960
375,1963,1964,1965,1967,1969,1970,1971,1974,1978,1982,1984,1985
376,1986,1988,1990,1991,1992,1993,1994,1996,1997,1998,1999,2002,2003,2004,2006,2007
377,2009,2011,2013,2020,2021,2023,2026,2027,2030,2031,2032,2033,2034,2035,2036,2042,2044,2045,2047,2050,2052,2053,2054,2055,2056,2058,2061,2063,2066,2068
378,2071,2076
379,2085,2086,2089,2095,2096,2099,2100
380,2101
381,2102
382,2103,2104,2105
383,2107,2110,2113,2116,2121,2122,2124,2125,2127
384,2130,2131,2132,2133,2134,2135,2136,2137,2138,2139,2140,2141,2142,2143,2145,2146,2147,2148,2149,2150,2151,2152
385,2153,2159,2166,2170,2175,2180,2189,2192,2193,2195,2201,2202,2208,2213
386,2215,2217,2218,2219,2224,2225,2227,2228
387,2229,2231,2232,2233,2234,2235,2236,2237,2238,2239,2240,2241,2242,2243,2244
388,2245
389,2246
390,2247,2248,2249,2250
391,2251,2252,2253,2259,2265,2269,2271,2272,2273
392,2274,2275,2276,2280,2281,2288,2289,2290,2291,2292,2293,2294,2295,2296
393,2297,2299,2307,2310,2317,2320,2327,2328,2334,2335,2337,2340,2343,2353
394,2359,2360,2361,2362,2363,2366,2367,2368,2370,2371
395,2373,2375,2377,2378,2385,2386,2387
396,2389
397,2390
398,2391,2392,2394
399,2395,2396,2397,2398,2399,2400,2401,2402,2403,2404,2405,2406,2407,2408,2411,2414,2415,2416,2417
400,2418,2422,2423,2431,2433,2434
401,2441,2443,2496
402,2503,2504,2511
403,2517,2518,2519,2520,2521,2523,2524,2525,2526,2527,2529,2531,2532
404,2533
405,2534
406,2535,2538
407,2539,2549,2550,2558
408,2562,2563,2565,2567,2568,2571,2573,2575,2578,2579,2581,2583,2584
409,2585,2588,2590,2594,2595,2596,2597,2598,2599,2601,2603,2604,2605,2609,2610,2615,2617,2623,2624,2626,2629,2630,2631,2633,2634,2637,2641,2642
410,2647,2648,2649,2650,2652,2653,2654,2655,2656,2658,2659
411,2661,2662,2663,2664,2666,2667,2668,2670,2671,2672,2673,2674,2676
412,2677
413,2678
414,2679,2682
415,2683,2689,2696,2697,2700,2701,2703
416,2706,2707,2708,2710,2711,2712,2713,2714,2716,2718,2719,2720,2721,2722,2723,2724,2725,2726,2727,2728
417,2729,2730,2731,2732,2733,2734,2735,2736,2738,2739,2740,2741,2742,2743,2744,2745,2746,2747,2748,2749,2750,2751,2752,2753,2754,2756,2757,2758,2759,2760,2761,2762,2763,2764,2765,2766,2767,2768,2769,2770,2771,2772,2773,2774,2775,2776,2777,2778,2779,2780,2781,2782,2783,2784,2785,2786,2787,2788,2789,2790
418,2791,2793,2794,2803,2804
419,2805,2806,2812,2814,2815,2816,2817,2818
420,2821
421,2822
422,2823,2824,2825,2826
423,2827,2828,2829,2832,2835,2836,2837,2841,2842,2844,2845,2846,2847,2848
424,2850,2851,2852,2853,2854,2855,2856,2857,2858,2860,2861,2862,2863,2864,2866,2867,2868,2869,2870,2871,2872
425,2873,2874,2875,2877,2880,2883,2886,2889,2890,2891,2892,2893,2895,2898,2900,2902,2903,2904,2905,2906,2909,2910,2912,2913,2914,2915,2917,2919,2920,2923,2927,2928,2930,2933
426,2935,2936,2941,2942
427,2949,2950,2951,2952,2953,2954,2955,2956,2957,2958,2959,2960,2961,2962,2963,2964
428,2965
429,2966
430,2967,2970
431,2971,2975,2977,2980,2983,2984,2987,2992,2993
432,2994,2998,3002,3007,3008,3014,3015
433,3017,3018,3019,3020,3022,3023,3024,3025,3026,3027,3028,3031,3032,3033,3034,3035,3036,3037,3038,3039,3040,3041,3042,3043,3044,3045,3046,3048,3049,3050,3052,3053,3054,3055,3056,3057,3058,3059,3061,3062,3063,3066,3068,3069,3070,3071,3073,3074,3076,3078
434,3079,3083,3084,3088,3089,3092
435,3093,3094,3095,3097,3103,3106,3108
436,3109
437,3110
438,3111,3112,3113,3114
439,3115,3116,3117,3118,3120,3122,3123,3125,3128,3129,3130,3131,3132,3133,3134,3135,3137
440,3138,3139,3140,3141,3142,3143,3144,3145,3146,3147,3148,3150,3151,3152,3153,3155,3156,3157
441,3161,3163,3166,3171,3177,3191,3196,3201,3202,3206,3220
442,3223,3227,3229,3231,3233,3234,3235,3236
443,3237,3238,3239,3240,3241,3242,3243,3244,3245,3246,3247,3248,3249,3250,3251,3252
444,3253
445,3254
446,3255,3258
447,3259,3264,3273,3278
448,3282,3283,3286,3287,3288,3289,3290,3295,3297,3299,3300,3301,3302
449,3305,3307,3309,3312,3322,3325,3326,3328,3329,3340,3341,3342,3343,3346,3349,3350,3354,3357,3361,3363,3364,3365,3366
450,3367,3368,3369,3370,3371,3372,3373,3374,3375,3376,3377,3379,3380
451,3381,3382,3383,3384,3385,3386,3387,3388,3389,3390,3391,3392,3393,3394,3395,3396
452,3397
453,3398
454,3399,3400,3401
455,3403,3404,3405,3406,3408,3410,3411,3412,3414,3415,3417,3418,3420,3421,3422,3423
456,3426,3432,3434,3437,3440,3441,3446
457,3449,3451,3452,3453,3454,3455,3457,3459,3460,3462,3463,3464,3466,3467,3468,3469,3471,3472,3473,3474,3476,3481,3483,3484,3485,3486,3487,3488,3489,3490,3491,3492,3494,3495,3496,3497,3498,3499,3500,3501,3502,3505,3509
458,3511,3512,3513,3514,3515,3516,3517,3518,3519,3520,3521,3522,3523,3524
459,3525,3527,3529,3530,3531,3533,3534,3536,3538,3539,3540
460,3541
461,3542
462,3543,3544,3545,3546
463,3547,3548,3550,3552,3553,3554,3555,3556,3557,3558,3559,3560,3565
464,3570,3572,3573,3574,3582,3583,3585,3586,3587,3588,3589,3590,3592
465,3593,3594,3598,3601,3609,3611,3612,3613,3615,3618,3621,3622,3625,3627,3628,3629,3631,3633,3634,3635,3637,3638,3641,3645,3647
466,3655,3656,3657,3659,3660,3661,3664,3665,3666,3667,3668
467,3669,3671,3675
468,3685
469,3686
470,3687,3688,3689,3690
471,3691,3692,3693,3694,3695,3696,3698,3699,3700,3701,3702,3704,3707,3708,3709,3711,3712,3713
472,3714,3715,3716,3717,3718,3719,3720,3721,3722,3723,3724,3725,3726,3727,3728,3729,3730,3731,3732,3733,3734,3735,3736
473,3737,3738,3739,3740,3741,3744,3745,3746,3747,3748,3755,3756,3757,3758,3761,3763,3764,3765,3769,3772,3776,3778,3780,3781,3782,3783,3784,3786,3787,3790,3791,3793,3794,3795,3796
474,3799,3803,3809,3812
475,3813,3820,3822,3824
476,3829
477,3830
478,3831,3832,3833,3834
479,3835,3841,3845,3848,3851
480,3858,3859,3860,3861,3862,3863,3864,3866,3867,3868,3869,3870,3871,3872,3873,3874,3875,3876,3877,3878,3879,3880
481,3881,3890,3893,3894,3896,3898,3902,3903,3904,3905,3909,3910,3912,3913,3914,3916,3917,3918,3919,3921,3923,3924,3926,3928,3929,3930,3931,3934,3938,3939,3942
482,3943,3947
483,3957,3958,3959,3962,3967,3968,3969,3970,3971
484,3973
485,3974
486,3975,3976,3977
487,3979,3980,3981,3982,3983,3984,3986,3987,3988,3990,3991,3992,3993,3996,3997,3998,3999,4000,4001
488,4002,4005,4012,4014,4018,4019
489,4025,4027,4028,4029,4030,4031,4037,4038,4039,4042,4043,4047,4052,4054,4059,4060,4064,4065,4068,4075
490,4087,4088,4089,4090,4091,4092,4093,4094,4095,4096,4097,4098
491,4101,4106,4110,4111,4113,4115,4116
492,4117
493,4118
494,4119,4120,4121
495,4123,4124,4125,4126,4127,4128,4129,4130,4131,4132,4133,4134,4135,4136,4137,4138,4139,4140,4141,4142,4143,4144,4145
496,4146,4153,4155,4159
497,4169,4170,4171,4178,4180,4186,4187,4196,4198,4200,4205,4223,4225
498,4231,4233,4235,4236,4237,4239,4240,4241,4243,4244
499,4245,4247,4249,4251,4254,4255,4257,4260
500,4261
501,4262
502,4263,4264,4265,4266
503,4267,4268,4269,4270,4272,4273,4274,4276,4277,4278,4279,4280,4283,4284,4285,4286,4287,4289
504,4290,4291,4292,4293,4294,4295,4296,4297,4298,4299,4300,4301,4303,4305,4306,4308,4309,4310,4311,4312
505,4313,4314,4315,4316,4317,4318,4319,4320,4321,4322,4323,4324,4325,4327,4329,4330,4331,4332,4333,4334,4335,4336,4337,4338,4339,4341,4342,4343,4344,4345,4346,4348,4349,4350,4351,4352,4353,4354,4355,4356,4358,4359,4360,4361,4362,4363,4364,4365,4366,4367,4368,4369,4370,4371,4372,4373,4374
506,4375,4376,4378,4379,4380,4381,4382,4385,4387
507,4389,4391,4394,4403
508,4405
509,4406
510,4407,4408,4409,4410
511,4411,4412,4413,4414,4415,4416,4417,4418,4419,4420,4421,4422,4423,4424,4425,4426,4427,4428,4429,4430,4431,4432,4433
512,4434,4435,4436,4437,4439,4440,4441,4442,4445,4447,4449,4450,4451,4452,4453,4454,4455
513,4457,4458,4461,4463,4465,4466,4467,4468,4469,4470,4471,4472,4474,4476,4477,4478,4479,4480,4481,4482,4483,4486,4490,4491,4492,4493,4494,4495,4496,4497,4499,4500,4502,4506,4507,4508,4509,4510,4511,4512,4513,4516,4517
514,4519,4520,4529,4530
515,4533,4534,4535,4536,4537,4538,4539,4541,4543,4544,4545,4546,4547,4548
516,4549
517,4550
518,4551,4552,4553
519,4555,4556,4558,4563,4564,4565,4568,4569,4571,4574,4576
520,4578,4579,4580,4581,4582,4583,4584,4585,4586,4587,4588,4589,4590,4591,4592,4593,4594,4595,4596,4597,4598,4599,4600
521,4601,4602,4603,4608,4611,4621,4625,4631,4633,4654,4655,4660
522,4663,4675
523,4677,4678,4679,4680,4682,4683,4685,4686,4687,4688,4690,4691,4692
524,4693
525,4694
526,4695,4696,4697,4698
527,4699,4705,4709,4711,4713,4719,4720
528,4722,4723,4727,4732,4735,4743
529,4745,4746,4747,4748,4749,4750,4751,4754,4756,4757,4759,4761,4762,4763,4764,4765,4766,4767,4768,4769,4771,4772,4774,4775,4776,4777,4778,4779,4781,4783,4786,4787,4788,4791,4792,4793,4794,4795,4798,4799,4801,4804,4806
530,4807,4808,4809,4811,4812,4815,4817
531,4821,4824,4825,4829,4830,4831,4835,4836
532,4837
533,4838
534,4839,4840,4842
535,4843,4844,4846,4849,4854,4855,4857,4858,4860,4862,4865
536,4866,4867,4868,4869,4870,4871,4872,4873,4874,4875,4876,4878,4879,4880,4881,4882,4883,4884,4885,4886,4888
537,4889,4890,4891,4892,4893,4894,4895,4896,4897,4898,4899,4900,4902,4903,4904,4905,4906,4907,4908,4909,4910,4911,4912,4913,4914,4915,4916,4917,4918,4919,4920,4921,4923,4924,4925,4926,4927,4928,4929,4930,4931,4933,4934,4935,4936,4937,4938,4939,4942,4943,4944,4946,4947,4948,4949,4950
538,4951,4955,4957,4960,4961
539,4965,4966,4968,4969,4972,4974,4976,4977,4978,4979,4980
540,4981
541,4982
542,4983,4984,4985,4986
543,4987,4988,4989,4990,4991,4992,4993,4994,4995,4996,4997,4998,4999,5000,5001,5002,5003,5004,5005,5006,5007,5008,5009
544,5010,5013,5015,5019,5020,5021,5022,5024,5027
545,5033,5034,5039,5042,5044,5045,5050,5051,5053,5054,5055,5056,5057,5058,5059,5063,5068,5071,5074,5075,5077,5079,5082,5086,5088,5092
546,5095,5097,5098,5100,5101,5102,5104,5105,5107
547,5109,5118,5124
548,5125
549,5126
550,5127,5130
551,5131,5134,5142,5144,5145
552,5154,5155,5156,5157,5158,5159,5160,5161,5162,5163,5164,5165,5166,5167,5168,5169,5170,5171,5172,5173,5174,5175,5176
553,5177,5178,5179,5182,5183,5184,5186,5187,5189,5190,5191,5193,5194,5196,5198,5199,5200,5202,5205,5207,5208,5211,5212,5217,5218,5219,5221,5224,5227,5229,5230,5231,5234,5235,5237,5238
554,5239,5240,5242,5245,5247
555,5253,5259,5260,5262,5263,5264,5265,5268
556,5269
557,5270
558,5271,5273,5274
559,5275,5276,5277,5278,5280,5281,5282,5283,5285,5286,5287,5288,5290,5291,5292,5293,5295,5296,5297
560,5298,5299,5300,5301,5302,5304,5306,5307,5308,5309,5310,5312,5313,5314,5315,5317,5318,5319,5320
561,5321,5351,5374
562,5383,5384,5385,5386,5387,5388,5389,5391,5394,5395
563,5397,5398,5399,5400,5401,5405,5411
564,5413
565,5414
566,5415,5416,5417,5418
567,5419,5421,5422,5428,5429,5431,5432,5437,5438,5441
568,5442,5447,5454,5456,5460,5463
569,5465,5466,5467,5469,5470,5471,5473,5475,5477,5478,5479,5481,5482,5483,5484,5485,5486,5487,5488,5490,5491,5492,5493,5495,5496,5497,5498,5499,5500,5501,5503,5504,5505,5506,5508,5510,5511,5512,5513,5514,5515,5516,5517,5518,5519,5520,5522,5523,5524,5525,5526
570,5527,5540
571,5541,5542,5543,5544,5545,5546,5547,5548,5549,5550,5551,5552,5553,5554,5556
572,5557
573,5558
574,5559,5560,5561
575,5563,5565,5568,5570,5577,5580,5585
576,5586,5588,5605,5606
577,5609,5612,5648,5662
578,5671,5682,5683
579,5685,5686,5687,5688,5690,5692,5694,5695,5696,5699
580,5701
581,5702
582,5703,5704,5705,5706
583,5707,5724
584,5730,5731,5735,5737,5744,5745,5749,5751
585,5753,5754,5760,5764,5774,5775,5784,5792,5793,5799,5807,5814
586,5815,5816,5818,5819,5820,5821,5822,5824,5825,5828
587,5829,5831,5832,5840,5841
588,5845
589,5846
590,5847,5848,5850
591,5851,5859,5863,5869
592,5874,5892
593,5897,5900,5905,5907,5916,5917,5918,5923,5924,5925,5929,5933,5938,5940,5947,5948,5949,5950,5951,5954,5958
594,5959,5960,5961,5962,5963,5964,5965,5966,5967,5969,5970,5971,5972
595,5973,5974,5975,5976,5977,5978,5979,5980,5981,5982,5983,5984,5985,5986,5987,5988
596,5989
597,5990
598,5991,5994
599,5995,5996,5998,6004,6005,6007,6010,6013,6014,6015,6017
600,6018,6024,6027,6029
601,6041,6042,6043,6044,6047,6048,6049,6050,6051,6052,6053,6054,6055,6056,6057,6058,6059,6060,6062,6065,6066,6067,6068,6069,6070,6071,6072,6073,6074,6075,6076,6077,6079,6080,6081,6082,6083,6084,6085,6086,6087,6089,6090,6091,6092,6093,6094,6095,6096,6097,6098,6099,6100,6102
602,6103,6104,6105,6107,6108,6109,6110,6111,6112,6113,6114,6115
603,6117,6124,6127,6129,6132
604,6133
605,6134
606,6135,6136,6138
607,6139,6140,6141,6142,6143,6144,6145,6147,6148,6150,6152,6153,6154,6155,6156,6157,6158,6159,6160
608,6162,6163,6166,6170,6173,6174,6176,6178,6179,6182,6183
609,6185,6186,6187,6188,6189,6190,6191,6193,6195,6196,6199,6204,6205,6206,6209,6210,6211,6212,6213,6215,6217,6218,6219,6220,6222,6223,6224,6225,6226,6227,6228,6229,6230,6231,6235,6236,6237,6238,6239,6240,6241,6242,6243,6245,6246
610,6247,6249,6250,6255,6257,6259,6260
611,6261,6263,6265,6273
612,6277
613,6278
614,6279,6282
615,6283,6284,6285,6286,6291,6292,6293,6294,6295,6297,6298,6300,6302,6303,6305
616,6306,6307,6311,6324
617,6329,6333,6335,6336,6337,6339,6347,6349,6355,6358,6362,6363,6369,6377,6387
618,6391,6392,6403
619,6405,6406,6407,6408,6409,6410,6411,6412,6413,6414,6415,6416,6417,6418,6419,6420
620,6421
621,6422
622,6423,6424,6425,6426
623,6427,6429,6442,6443,6449
624,6450,6457,6458,6460,6470
625,6473,6479,6481,6482,6483,6484,6485,6486,6487,6495,6496,6499,6501,6504,6508,6509,6510,6511,6515,6516,6521,6522,6527,6528
626,6535,6539,6541,6543,6547
627,6549,6550,6552,6555,6556,6557,6558,6559,6560,6563,6564
628,6565
629,6566
630,6567,6569,6570
631,6571,6572,6573,6574,6578,6580,6581,6582,6588,6589,6590,6592,6593
632,6594,6596,6599,6600,6601,6602,6604,6610,6611,6613,6614,6616
633,6617,6618,6629,6630,6634,6641,6643,6646,6655,6661,6664,6672,6673
634,6679,6681,6685,6686,6690,6692
635,6693,6695,6697,6698,6699,6701,6702,6703
636,6709
637,6710
638,6711,6713,6714
639,6715,6718,6723,6728,6733,6734
640,6738,6740,6741,6753,6756,6759
641,6761,6762,6763,6764,6765,6766,6767,6768,6769,6770,6771,6772,6773,6774,6775,6777,6778,6779,6780,6781,6782,6783,6784,6785,6786,6789,6790,6791,6792,6793,6794,6795,6796,6797,6798,6799,6800,6801,6802,6803,6804,6805,6806,6808,6811,6812,6813,6814,6815,6816,6817,6819,6820,6821,6822
642,6823,6824,6825,6827,6828,6831,6833,6834,6835,6836
643,6837,6838,6840,6841,6842,6843,6844,6845,6846,6847,6848,6849,6850,6851,6852
644,6853
645,6854
646,6855
647,6859,6864,6865,6875,6881
648,6882,6883,6888,6891,6892,6896,6897,6901,6902,6903
649,6905,6906,6907,6909,6910,6911,6912,6915,6916,6917,6918,6919,6921,6923,6925,6926,6927,6928,6929,6930,6931,6932,6933,6934,6936,6937,6938,6939,6941,6942,6943,6944,6945,6946,6947,6948,6950,6951,6952,6953,6954,6955,6956,6957,6958,6959,6960,6961,6964,6965,6966
650,6967,6968,6969,6970,6971,6972,6973,6974,6975,6976,6977,6978,6979,6980
651,6981,6994
652,6997
653,6998
654,6999,7001,7002
655,7003,7005,7006,7007,7009,7010,7011,7012,7013,7014,7015,7016,7018,7019,7020,7021,7022,7023
656,7026,7027,7029,7041
657,7049,7050,7051,7053,7054,7055,7056,7057,7059,7065,7069,7072,7073,7074,7075,7081,7082,7083,7084,7086,7087,7088,7089,7091,7092,7093,7095,7098,7100,7101,7103,7104,7107,7108,7110
658,7111,7118
659,7125,7127,7129,7130,7131,7132,7133,7134,7137,7138,7140
660,7141
661,7142
662,7143,7146
663,7147,7148,7150,7154,7156,7157,7158,7160,7161,7162,7164,7165,7166,7167,7168
664,7170,7171,7172,7173,7174,7175,7176,7177,7178,7179,7180,7181,7182,7183,7184,7185,7186,7187,7188,7189,7190,7191,7192
665,7193,7194,7195,7198,7199,7202,7203,7204,7207,7210,7211,7212,7214,7215,7216,7219,7221,7223,7227,7229,7230,7231,7234,7235,7240,7241,7243,7244,7248,7249,7251,7252,7254
666,7255,7257,7258,7264,7265,7266,7268
667,7269,7270,7272,7281,7283
668,7285
669,7286
670,7287,7289,7290
671,7291,7293,7294,7295,7296,7297,7298,7299,7300,7301,7305,7307,7308,7309,7311,7313
672,7314,7315,7316,7317,7318,7319,7320,7321,7322,7324,7326,7327,7328,7329,7330,7331,7332,7334,7335,7336
673,7337,7338,7343,7345,7346,7347,7348,7353,7354,7357,7362,7365,7366,7368,7372,7375,7378,7382,7384,7385,7386,7387,7388,7389,7390,7391,7392,7393,7396,7398
674,7399,7403,7406
675,7413,7421,7423
676,7429
677,7430
678,7431
679,7435,7436,7437,7439,7440,7441,7442,7443,7444,7445,7446,7448,7449,7451,7452,7453,7455,7456
680,7458,7462,7472,7479
681,7481,7482,7483,7484,7485,7487,7488,7490,7491,7495,7496,7497,7498,7499,7500,7501,7502,7503,7504,7505,7506,7508,7509,7510,7512,7513,7514,7516,7517,7518,7519,7520,7521,7522,7523,7526,7527,7529,7531,7532,7534,7535,7536,7537,7538,7539,7540,7542
682,7543,7544,7545,7547,7549,7552,7555,7556
683,7557,7564,7569,7570
684,7573
685,7574
686,7575,7576,7578
687,7579,7580,7581,7582,7583,7585,7586,7587,7591,7592,7593,7596,7599,7600
688,7602,7604,7606
689,7625,7626,7627,7628,7629,7630,7631,7632,7633,7634,7635,7636,7637,7638,7639,7640,7641,7642,7643,7644,7645,7646,7647,7648,7649,7650,7651,7652,7653,7654,7655,7656,7657,7658,7659,7660,7661,7662,7663,7664,7665,7666,7667,7668,7669,7670,7671,7672,7673,7674,7675,7676,7677,7678,7679,7680,7681,7682,7683,7684,7685,7686
690,7687,7688,7689,7691,7692,7693,7695,7696,7697,7698,7699,7700
691,7701,7702
692,7717
693,7718
694,7719,7720,7721,7722
695,7723,7726,7730,7732,7736,7737,7738,7740,7742,7743,7744,7745
696,7746,7748,7750,7751,7753,7754,7758,7760,7762,7767,7768
697,7769,7788,7792,7807,7811,7815
698,7831,7832,7833,7835,7839,7840,7842,7844
699,7845,7846,7847,7848,7850,7851,7852,7853,7855,7856,7857,7858,7859,7860
700,7861
701,7862
702,7863,7865,7866
703,7867,7870,7877,7879,7884
704,7890,7897,7899,7910,7911
705,7913,7914,7915,7917,7919,7920,7921,7923,7924,7925,7926,7927,7928,7929,7930,7931,7934,7935,7936,7938,7940,7943,7944,7945,7946,7948,7949,7950,7951,7952,7953,7955,7958,7959,7960,7962,7964,7965,7966,7967,7968,7969,7970,7971,7972,7973,7974
706,7975,7976,7977,7978,7981,7982,7983,7984,7985,7986,7987
707,7989,7990,7991,7992,7993,7994,7995,7997,7998,7999,8000,8001,8002,8003,8004
708,8005
709,8006
710,8007,8008,8009
711,8011,8012,8029,8030
712,8034,8035,8037,8038,8039,8040,8043,8045,8046,8047,8050,8052,8053,8055,8056
713,8057,8061,8065,8071,8072,8077,8086,8089,8094,8098,8102,8103,8110,8111,8116
714,8119,8120,8122,8123,8124,8125,8126,8127,8129,8130,8131,8132
715,8133,8148
716,8149
717,8150
718,8151,8152
719,8155,8161,8168,8175,8176
720,8178,8179,8180,8181,8183,8184,8185,8186,8187,8188,8189,8191,8192,8193,8195,8196,8197,8198,8199
721,8201,8202,8203,8205,8206,8207,8211,8213,8214,8215,8216,8218,8219,8222,8223,8224,8225,8226,8227,8230,8233,8234,8239,8240,8241,8242,8243,8246,8248,8249,8251,8252,8253,8254,8255,8256,8257,8258,8259
722,8263,8266,8267,8269,8275,8276
723,8277,8280,8283,8284,8287,8288
724,8293
725,8294
726,8295,8297,8298
727,8299,8301,8302,8303,8307,8310,8311,8312,8313,8314,8316,8318,8319,8321
728,8322,8326,8331
729,8345,8346,8347,8348,8349,8351,8352,8353,8354,8355,8356,8357,8358,8359,8360,8362,8363,8364,8365,8366,8367,8368,8369,8370,8371,8372,8373,8374,8375,8376,8377,8378,8379,8380,8381,8382,8383,8384,8385,8386,8387,8388,8389,8390,8391,8392,8393,8394,8395,8396,8397,8398,8399,8400,8401,8402,8403,8404,8405,8406
730,8407,8410,8412,8413,8415,8416,8417,8419,8420
731,8421,8426,8436
732,8437
733,8438
734,8439,8441,8442
735,8443,8447,8458
736,8466,8467,8469,8470,8471,8472,8473,8474,8476,8477,8478,8479,8480,8481,8482,8483,8484,8485,8486,8487,8488
737,8489,8491,8493,8497,8498,8501,8502,8503,8505,8508,8509,8510,8511,8513,8519,8528,8529,8530,8531,8535,8536,8537,8539,8542,8544,8546,8547,8548,8550
738,8551,8556,8557,8558,8559,8560,8561,8564
739,8565,8577
740,8581
741,8582
742,8583,8584
743,8587,8590,8593,8595,8596,8598,8599,8600,8602,8603,8605,8607,8608
744,8610,8618
745,8633,8637,8640,8645,8660,8674,8680,8691
746,8695,8696,8697,8699,8700,8701,8702,8704,8706,8707,8708
747,8709,8710,8711,8712,8713,8714,8715,8716,8717,8718,8719,8720,8721,8723,8724
748,8725
749,8726
750,8727,8728,8729
751,8731,8732,8733,8736,8738
752,8754,8755,8757,8760,8761,8765,8766,8769,8771,8772,8773,8774,8775,8776
753,8777,8778,8779,8780,8783,8784,8789,8792,8794,8796,8798,8799,8801,8803,8811,8813,8814,8815,8816,8820,8822,8827,8828,8830,8831,8833,8838
754,8839,8840,8841,8842,8843,8845,8846,8847,8848,8849,8850,8851,8852
755,8853,8861,8862,8867
756,8869
757,8870
758,8871,8872,8873,8874
759,8875,8877,8879,8880,8881,8882,8883,8884,8886,8887,8888,8889,8890,8891,8892,8893,8894,8895,8897
760,8898,8901,8902,8903,8906,8908,8910,8912,8919
761,8921,8922,8923,8924,8925,8926,8927,8928,8929,8930,8931,8932,8933,8934,8935,8936,8937,8938,8939,8940,8941,8942,8943,8944,8945,8946,8947,8948,8949,8950,8951,8952,8953,8954,8955,8956,8957,8958,8959,8960,8961,8963,8964,8965,8966,8967,8968,8969,8970,8971,8973,8974,8975,8976,8977,8978,8979,8980,8981,8982
762,8983,8984,8990,8991,8994,8995
763,8997,9003,9004,9005,9007,9008,9012
764,9013
765,9014
766,9015,9016
767,9019,9020,9022,9024,9025,9026,9028,9029,9030,9032,9033,9034,9035,9038,9039,9040,9041
768,9042,9044,9048,9050,9052,9053,9055,9056,9057,9058,9061,9062,9063,9064
769,9065,9066,9067,9068,9069,9070,9071,9072,9073,9075,9076,9077,9078,9079,9080,9081,9082,9083,9084,9085,9086,9087,9088,9089,9090,9091,9092,9093,9094,9095,9096,9097,9098,9099,9101,9102,9104,9105,9106,9107,9108,9109,9112,9113,9114,9115,9116,9118,9119,9120,9121,9122,9123,9124,9125,9126
770,9127,9128,9129,9130,9132,9137
771,9141,9142,9143,9144,9145,9146,9147,9148,9149,9151,9152,9153,9154,9155,9156
772,9157
773,9158
774,9159,9160,9162
775,9163,9166,9167,9168,9170,9171,9172,9174,9181,9182,9184
776,9186,9187,9189,9190,9192,9193,9195,9201,9203,9204,9208
777,9209,9211,9213,9220,9226,9227,9230,9242,9244,9252,9253,9260
778,9271,9273,9274,9279,9281,9282,9283
779,9285,9287,9291,9292,9298,9300
780,9301
781,9302
782,9303,9304,9305,9306
783,9307,9308,9309,9311,9314,9315,9316,9317,9319,9320,9322,9324,9326,9327,9328,9329
784,9330,9331,9332,9333,9334,9335,9336,9337,9339,9341,9342,9343,9344,9345,9346,9347,9348,9349,9350,9351,9352
785,9353,9354,9355,9357,9358,9359,9360,9361,9362,9363,9364,9365,9366,9367,9368,9369,9370,9371,9372,9373,9374,9375,9376,9377,9378,9379,9380,9381,9382,9383,9384,9385,9386,9387,9388,9389,9390,9391,9392,9393,9394,9395,9396,9397,9398,9399,9400,9401,9402,9403,9404,9405,9406,9407,9408,9409,9410,9411,9413,9414
786,9415,9419,9421,9424,9425,9427
787,9429,9430,9431,9432,9433,9436,9437,9439,9440,9441,9442,9443,9444
788,9445
789,9446
790,9447,9448,9449
791,9451
792,9474,9475,9478,9479,9481,9482,9483,9487,9496
793,9497,9498,9499,9500,9501,9504,9505,9506,9507,9508,9509,9510,9511,9512,9514,9515,9517,9518,9519,9520,9522,9523,9524,9526,9528,9529,9530,9531,9532,9533,9534,9536,9538,9539,9540,9541,9542,9543,9546,9547,9548,9549,9550,9551,9552,9553,9554,9555,9556,9557
794,9559,9561,9562,9563,9565,9566,9567,9568,9570
795,9573,9574,9576,9577,9579,9580,9581,9582,9586,9588
796,9589
797,9590
798,9591,9593,9594
799,9595,9596,9597,9598,9601,9602,9604,9606,9607,9608,9609,9611,9612,9613,9614,9615,9616,9617
800,9618,9619,9623,9625,9626,9629,9630,9640
801,9641,9642,9643,9645,9646,9648,9649,9650,9651,9652,9654,9656,9666,9667,9670,9671,9674,9676,9677,9679,9680,9683,9687,9689,9690,9692,9694,9695,9696,9697,9698,9700,9701,9702
802,9703,9706,9707,9711,9713
803,9717,9720,9721,9722,9723,9731
804,9733
805,9734
806,9735,9736,9737
807,9739,9746,9748,9753,9755
808,9762,9763,9764,9765,9766,9767,9768,9769,9770,9771,9772,9773,9774,9775,9776,9777,9778,9779,9780,9781,9782,9783,9784
809,9785,9788,9790,9792,9793,9795,9796,9804,9807,9814,9816,9819,9820,9821,9824,9829,9832,9834,9835,9838,9839,9840
810,9847,9848,9849,9851,9854,9855,9857,9859,9860
811,9861,9862,9863,9864,9865,9866,9867,9868,9869,9870,9871,9873,9875
812,9877
813,9878
814,9879,9880,9882
815,9883,9885
816,9906,9907,9908,9909,9910,9911,9912,9913,9914,9915,9916,9917,9918,9919,9920,9921,9922,9923,9924,9925,9926,9927,9928
817,9929,9930,9931,9932,9933,9934,9935,9936,9937,9938,9939,9940,9941,9942,9943,9944,9945,9946,9947,9948,9949,9950,9951,9952,9953,9954,9955,9956,9957,9958,9959,9960,9961,9962,9963,9964,9965,9966,9967,9968,9969,9970,9971,9972,9973,9974,9975,9976,9977,9978,9979,9980,9981,9982,9983,9984,9985,9986,9987,9988,9989,9990
818,9991,9992,9993,9994,9995,9996,9997,9998,10000,10001,10002,10003,10004
819,10005,10008,10011,10013
820,10021
821,10022
822,10023,10024,10025,10026
823,10027,10028,10029,10030,10031,10032,10033,10034,10035,10036,10037,10038,10039,10040,10041,10042,10043,10044,10045,10046,10047,10048,10049
824,10050,10051,10052,10053,10054,10055,10056,10057,10058,10059,10060,10061,10062,10063,10064,10065,10066,10067,10068,10069,10070,10071,10072
825,10073,10075,10076,10084,10086,10088,10090,10098,10100,10104,10106,10107,10108,10109,10110,10120,10123,10124,10127,10128,10130,10132
826,10135,10137,10139,10140,10141,10142,10143,10144,10145,10146
827,10149
828,10165
829,10166
830,10167,10168,10169,10170
831,10171,10173,10176,10177,10183,10184,10185,10187,10189,10191
832,10194,10205
833,10217,10221,10231,10233,10237,10241,10246,10249,10253,10254,10260,10262,10267,10270
834,10279,10282,10283,10284,10285,10286,10287,10288,10291,10292
835,10293,10294,10295,10296,10298,10299,10300,10301,10303,10304,10305,10307,10308
836,10309
837,10310
838,10311,10312,10313
839,10315,10325
840,10338,10340,10342,10343,10344,10345,10346,10347,10348,10349,10351,10354,10355,10356,10359,10360
841,10361,10363,10365,10369,10384,10385,10387,10389,10398,10412,10415,10422
842,10423,10424,10426,10427,10428,10429,10430,10431,10432,10433,10434,10435,10436
843,10437,10440,10442,10446
844,10453
845,10454
846,10455,10456,10457
847,10459,10462,10468,10476,10481
848,10482,10484,10485,10486,10487,10489,10490,10491,10492,10494,10495,10496,10498,10501,10502,10503
849,10505,10507,10508,10510,10511,10512,10513,10515,10516,10517,10518,10519,10520,10523,10524,10525,10526,10528,10533,10538,10539,10542,10543,10544,10545,10546,10547,10548,10551,10552,10554,10555,10557,10558,10561,10564
850,10567,10574,10575,10577
851,10581,10582,10584,10586,10588,10589,10590,10591,10593,10595,10596
852,10597
853,10598
854,10599,10602
855,10603,10604,10606,10607,10608,10609,10610,10611,10612,10613,10614,10615,10616,10617,10618,10619,10620,10621,10622,10623,10624,10625
856,10626,10629,10632,10636,10637,10638,10639,10640,10641,10643,10644,10646,10647,10648
857,10649,10650,10652,10653,10654,10659,10662,10664,10666,10667,10668,10670,10672,10674,10675,10676,10679,10680,10682,10684,10686,10688,10691,10692,10695,10696,10697,10700,10701,10703,10709
858,10711,10714,10723
859,10725,10726,10727,10728,10729,10730,10731,10732,10734,10735,10736,10737,10738,10739
860,10741
861,10742
862,10743,10744,10746
863,10747,10748,10752,10753,10754,10755,10756,10757,10761,10763,10765,10767
864,10770,10773,10777,10783,10786,10791,10792
865,10793,10794,10795,10796,10797,10798,10799,10800,10801,10802,10804,10805,10806,10807,10808,10809,10810,10811,10812,10813,10814,10815,10816,10817,10818,10819,10820,10821,10822,10823,10824,10825,10826,10827,10828,10829,10830,10831,10832,10833,10834,10835,10836,10837,10838,10839,10840,10841,10843,10844,10845,10846,10847,10848,10849,10850,10851,10852,10853,10854
866,10855,10859,10861,10862,10866,10868
867,10869,10872
868,10885
869,10886
870,10887,10888,10889,10890
871,10891,10892,10894,10895,10897,10898,10900,10901,10902,10903,10906,10907,10908,10909,10910,10911,10912,10913
872,10914,10915,10916,10919,10920,10921,10922,10923,10924,10926,10927,10928,10929,10930,10932,10933,10934,10936
873,10937,10938,10939,10940,10942,10944,10945,10946,10947,10948,10949,10952,10954,10956,10958,10959,10962,10963,10966,10967,10968,10969,10975,10979,10980,10981,10983,10984,10985,10986,10988,10989,10990,10991,10992,10993,10995,10996,10997
874,10999,11000,11002,11004,11005,11006,11007,11008,11009,11011,11012
875,11013,11017,11023,11026,11027
876,11029
877,11030
878,11031,11032,11033,11034
879,11035,11045,11048,11055
880,11058,11064,11066,11069,11071,11077,11078
881,11081,11083,11087,11088,11091,11101,11108,11115,11124,11133,11141
882,11143,11144,11145,11146,11148,11149,11150,11152,11154,11155
883,11157,11158,11159,11160,11163,11165,11168,11170,11171
884,11173
885,11174
886,11175
887,11179,11181,11182,11183,11184,11187,11188,11189,11190,11191,11192,11193,11194,11195,11196,11197,11198,11199,11200,11201
888,11202,11203,11210,11211,11213,11214,11221
889,11225,11234,11235,11241,11245,11246,11247,11255,11257,11261,11264,11272,11276,11278,11279,11281,11283,11284,11285,11286
890,11287,11288,11289,11290,11291,11292,11293,11294,11295,11296,11297,11298,11299,11300
891,11301,11304,11305,11306,11310,11312,11313,11314,11315,11316
892,11317
893,11318
894,11319
895,11323,11324,11327,11329,11331,11332,11336,11337,11341,11343,11344,11345
896,11346,11347,11348,11349,11352,11354,11356,11358,11359,11362,11363,11365,11366,11368
897,11369,11370,11371,11372,11373,11374,11375,11376,11377,11378,11379,11380,11381,11382,11383,11384,11385,11386,11387,11388,11389,11390,11391,11392,11393,11394,11395,11396,11397,11398,11399,11400,11401,11402,11403,11404,11405,11406,11407,11408,11409,11410,11411,11412,11413,11414,11416,11417,11418,11419,11420,11421,11422,11423,11424,11425,11426,11427,11428,11429,11430
898,11431,11432,11433,11434,11436,11437,11438,11439,11440,11441,11443,11444
899,11445,11446,11447,11448,11450,11452,11453,11455,11456,11457,11458,11459,11460
900,11461
901,11462
902,11463,11464,11465,11466
903,11467,11468,11469,11471,11473,11474,11479,11480,11481,11482,11484,11487,11489
904,11490,11500,11501
905,11513,11515,11519,11520,11524,11525,11526,11527,11528,11531,11532,11533,11534,11535,11537,11538,11539,11541,11542,11543,11544,11545,11546,11547,11548,11549,11551,11554,11555,11559,11560,11561,11562,11563,11564,11566,11567,11569,11573,11574
906,11575,11576,11578,11580,11581,11583,11584,11585,11586,11587
907,11589,11590,11591,11592,11594,11595,11596,11597,11598,11599,11600,11601,11603
908,11605
909,11606
910,11607,11609,11610
911,11611,11612,11613,11614,11615,11616,11617,11619,11621,11622,11623,11624,11625,11626,11627,11629,11631,11633
912,11634,11635,11637,11638,11639,11640,11641,11642,11643,11644,11645,11646,11647,11648,11649,11651,11653,11654,11655,11656
913,11657,11658,11659,11660,11662,11665,11671,11672,11673,11674,11675,11677,11678,11679,11680,11681,11682,11684,11685,11687,11688,11690,11691,11692,11693,11694,11697,11699,11701,11702,11705,11707,11708,11710,11711,11712,11716,11718
914,11719,11720,11721,11722,11725,11727,11729,11730,11731,11732
915,11733,11734,11736,11737,11738,11739,11740,11742,11743,11745,11748
916,11749
917,11750
918,11751,11752,11753,11754
919,11755,11756,11757,11758,11759,11761,11762,11764,11765,11767,11768,11769,11771,11772,11773,11775,11776,11777
920,11778,11779,11780,11782,11786,11788,11790,11792,11794,11795,11796,11798,11800
921,11801,11803,11805,11806,11809,11811,11816,11817,11818,11819,11824,11826,11828,11835,11838,11845,11848,11851,11853,11857,11859
922,11863,11864,11866,11867,11868,11869,11870,11873,11875,11876
923,11877,11881,11883,11884,11885,11886,11890,11892
924,11893
925,11894
926,11895,11896,11897
927,11899,11900,11901,11902,11903,11904,11905,11906,11907,11908,11910,11911,11913,11914,11916,11917,11918,11919,11920,11921
928,11922,11923,11924,11925,11926,11927,11928,11929,11930,11931,11932,11933,11935,11936,11937,11938,11939,11940,11941,11942,11943,11944
929,11945,11946,11947,11948,11949,11950,11951,11953,11954,11955,11956,11957,11958,11959,11961,11962,11963,11966,11967,11968,11969,11972,11973,11974,11975,11976,11977,11978,11980,11981,11982,11983,11984,11985,11986,11987,11989,11990,11991,11992,11993,11994,11995,11996,11997,11998,11999,12000,12001,12002,12003,12004,12005
930,12007,12008,12010,12011,12015,12018,12020
931,12021,12022,12024,12026,12027,12028,12029,12030,12031,12032,12033,12034,12035
932,12037
933,12038
934,12039,12040,12042
935,12043,12059
936,12066,12067,12070,12072,12075,12076,12078,12082,12083,12084,12086,12087
937,12089,12091,12092,12095,12096,12104,12106,12107,12108,12109,12110,12114,12115,12116,12117,12119,12120,12121,12123,12125,12127,12131,12132,12133,12135,12139,12141,12142,12143,12144,12149,12150
938,12151,12152,12153,12154,12158,12159,12160,12163
939,12165,12166,12167,12168,12169,12170,12172,12173,12174,12175,12176,12177,12178,12179,12180
940,12181
941,12182
942,12183,12184,12185,12186
943,12187,12188,12192
944,12210,12211,12213,12214,12216,12217,12218,12219,12221,12222,12224,12225,12226,12227,12228,12229,12231
945,12233,12235,12236,12237,12238,12239,12241,12242,12243,12244,12247,12248,12249,12250,12255,12256,12257,12258,12259,12260,12261,12262,12263,12264,12265,12266,12267,12268,12269,12270,12272,12274,12275,12276,12277,12278,12279,12281,12283,12285,12288,12289,12290,12291,12292,12293
946,12295,12296,12298,12303,12304,12305,12306,12307,12308
947,12309,12311,12316,12318,12319,12321,12322,12323
948,12325
949,12326
950,12327,12329
951,12331,12332,12333,12334,12335,12336,12338,12339,12343,12345,12348,12349,12351,12352,12353
952,12354,12356,12360,12367,12369,12370,12372,12374,12375
953,12377,12378,12383,12384,12386,12387,12388,12390,12392,12395,12396,12398,12399,12402,12407,12409,12410,12411,12412,12413,12419,12420,12423,12424,12425,12426,12427,12428,12430,12431,12432,12433,12434,12435,12436,12437
954,12439,12445,12446
955,12453,12454,12455,12456,12457,12459,12460,12461,12462,12463,12465,12467,12468
956,12469
957,12470
958,12471,12472,12474
959,12475,12476,12477,12478,12479,12480,12481,12483,12484,12485,12486,12487,12488,12490,12491,12492,12493,12494,12495,12496,12497
960,12498,12504,12505,12507,12508,12509,12512,12516
961,12521,12522,12525,12527,12528,12529,12534,12537,12538,12539,12540,12542,12543,12544,12545,12547,12548,12549,12557,12559,12560,12572,12574,12575,12576,12581,12582
962,12583,12587,12588,12591,12593
963,12597,12598,12601,12610,12612
964,12613
965,12614
966,12615,12617
967,12619,12621,12622,12624,12625,12627,12628,12631,12632,12635,12638,12640
968,12642,12643,12644,12647,12648,12649,12650,12651,12652,12653,12654,12655,12657,12658,12659,12660,12661,12662,12664
969,12665,12669,12688,12701,12711,12717,12721,12723
970,12727,12729,12730,12731,12735,12736,12738,12740
971,12741,12742,12743,12744,12745,12746,12747,12748,12749,12750,12751,12752,12753,12754,12755,12756
972,12757
973,12758
974,12759,12762
975,12763,12764,12765,12766,12767,12768,12769,12770,12771,12772,12773,12774,12775,12777,12778,12779,12780,12781,12782,12783,12784,12785
976,12786,12788,12789,12790,12794,12795,12797,12798,12799,12800,12803,12804,12805,12807,12808
977,12809,12812,12818,12821,12822,12824,12826,12827,12828,12830,12831,12832,12833,12834,12835,12836,12837,12838,12841,12843,12847,12848,12849,12850,12851,12854,12857,12861,12863,12864,12865,12866,12867
978,12871,12872,12874,12877,12878,12879,12881,12882,12883,12884
979,12885,12886,12887,12888,12890,12892,12895,12896,12898
980,12901
981,12902
982,12903,12904,12906
983,12907,12908,12909,12910,12912,12914,12919,12920,12922,12923,12925,12926,12927,12928
984,12930,12931,12933,12934,12936,12937,12939,12941,12942,12945,12946,12947,12948,12950,12952
985,12953,12954,12955,12956,12957,12958,12959,12960,12961,12962,12963,12964,12965,12966,12967,12968,12969,12970,12971,12972,12973,12974,12975,12976,12977,12978,12979,12981,12982,12983,12984,12985,12986,12987,12988,12989,12990,12991,12992,12993,12994,12995,12997,12998,12999,13001,13002,13003,13004,13005,13006,13007,13009,13010,13011,13012,13013,13014
986,13015,13016,13017,13018,13019,13020,13021,13022,13023,13024,13026,13027,13028
987,13029,13033,13036,13037,13038,13039,13041,13042,13043,13044
988,13045
989,13046
990,13047,13049
991,13051,13052,13053,13054,13055,13056,13057,13058,13059,13061,13062,13063,13065,13067,13068,13069,13070,13071,13073
992,13074,13082
993,13097,13143
994,13159,13160,13161,13162,13163,13164,13165,13166,13167,13168,13170,13171
995,13173,13177,13178
996,13189
997,13190
998,13191,13192,13193,13194
999,13195,13196,13198,13200,13202,13204,13206,13207,13214,13216,13217
1000,13218,13234,13236
1001,13241,13242,13243,13245,13246,13248,13249,13251,13252,13254,13256,13258,13260,13261,13262,13263,13264,13266,13269,13270,13271,13272,13273,13274,13275,13276,13278,13279,13280,13281,13282,13283,13286,13287,13288,13290,13291,13292,13294,13295,13296,13297,13298,13301,13302
1002,13303,13306,13309,13310,13312,13313,13315,13316
1003,13317,13318,13321,13322,13324,13325,13326,13327,13328,13329,13331,13332
1004,13333
1005,13334
1006,13335,13337
1007,13339,13340,13342,13343,13344,13345,13346,13347,13348,13350,13354,13355,13356,13359,13360,13361
1008,13362,13367,13368,13370,13372,13375,13379,13380
1009,13385,13388,13389,13391,13392,13395,13397,13399,13400,13402,13403,13405,13406,13408,13410,13412,13414,13415,13417,13418,13419,13420,13422,13424,13426,13428,13429,13430,13435,13436,13437,13438,13440,13441,13442,13446
1010,13447,13448,13449,13450,13452,13453,13455,13456,13457,13458,13459,13460
1011,13461,13463,13465,13467,13468,13470,13474,13476
1012,13477
1013,13478
1014,13479,13480
1015,13483,13485,13486,13490,13491,13492,13495,13496,13497,13503,13505
1016,13506,13507,13508,13509,13510,13511,13512,13513,13514,13515,13516,13517,13518,13519,13520,13521,13522,13523,13524,13525,13526,13527,13528
1017,13529,13561,13579,13582,13586
1018,13591,13599
1019,13605,13606,13607,13608,13609,13610,13611,13612,13613,13614,13615,13617,13618,13619,13620
1020,13621
1021,13622
1022,13623,13624,13625,13626
1023,13627,13631,13634,13644,13645,13646
1024,13650,13651,13652,13653,13654,13656,13657,13658,13659,13660,13661,13662,13663,13664,13665,13666,13667,13668,13669,13670,13671,13672
1025,13673,13674,13676,13678,13680,13683,13684,13685,13686,13689,13690,13691,13692,13693,13696,13698,13699,13700,13706,13713,13719,13722,13724,13725,13730,13731
1026,13735,13736,13738,13742,13745,13748
1027,13749,13750,13752,13753,13755,13756,13757,13758,13759,13760,13761,13762,13763,13764
1028,13765
1029,13766
1030,13767,13768,13769,13770
1031,13771,13772,13773,13774,13775,13776,13777,13778,13779,13780,13781,13782,13783,13784,13785,13786,13787,13790,13791,13792,13793
1032,13794,13795,13796,13797,13798,13799,13800,13801,13802,13803,13804,13805,13806,13807,13808,13809,13810,13811,13813,13814,13815,13816
1033,13817,13819,13821,13827,13828,13829,13832,13835,13837,13842,13850,13860,13861,13869,13870,13871,13872,13874,13878
1034,13879,13880,13881,13883,13884,13885,13886,13887,13888,13889,13890,13891,13892
1035,13893,13894,13896,13897,13898,13899,13900,13901,13902,13903,13904,13905,13906,13907,13908
1036,13909
1037,13910
1038,13911,13913,13914
1039,13915,13918,13919,13920,13921,13922,13923,13926,13927,13929,13931,13932,13933
1040,13938,13940,13942,13943,13947,13951,13954,13955,13956
1041,13961,13962,13967,13969,13972,13981,13994,14007,14009,14017,14019
1042,14023,14027,14028,14029,14030,14031,14032,14034,14035
1043,14037,14040,14042,14045,14046,14048,14052
1044,14053
1045,14054
1046,14055,14058
1047,14059,14062,14068,14071,14077,14080
1048,14082,14086,14087,14091,14093,14095,14098,14099,14101,14103
1049,14105,14111,14120,14126
1050,14167,14168,14170,14171,14172,14175,14176,14177,14179,14180
1051,14181,14182,14184,14186,14187,14190,14191,14192,14193,14194,14195,14196
1052,14197
1053,14198
1054,14199,14200
1055,14203,14205,14206,14207,14208,14209,14210,14211,14212,14213,14214,14216,14218,14219,14221,14224,14225
1056,14226,14227,14228,14229,14230,14231,14234,14235,14236,14237,14238,14239,14240,14242,14243,14244,14245,14246,14247
1057,14249,14250,14251,14254,14255,14256,14257,14258,14264,14266,14271,14275,14278,14279,14281,14283,14286,14289,14290,14291,14295,14296,14299,14300,14301
1058,14311,14317,14321
1059,14325,14326,14328,14331,14332,14333,14334,14336,14337,14338
1060,14341
1061,14342
1062,14343,14344,14345,14346
1063,14347,14350,14351,14352,14354,14355,14356,14358,14359,14360,14362,14363,14364,14365,14367,14368
1064,14370,14372,14373,14379,14380,14381,14383,14384,14385,14387,14389
1065,14393,14394,14395,14397,14398,14401,14402,14403,14404,14405,14406,14407,14408,14409,14410,14411,14412,14413,14414,14415,14416,14417,14418,14419,14420,14421,14422,14424,14425,14426,14428,14429,14430,14431,14432,14433,14434,14436,14437,14438,14439,14440,14441,14443,14444,14445,14446,14447,14448,14449,14450,14451,14452,14454
1066,14455,14456,14457,14458,14459,14460,14461,14462,14463,14465,14466,14467,14468
1067,14469,14470,14471,14472,14473,14474,14475,14476,14477,14479,14480,14481,14482,14484
1068,14485
1069,14486
1070,14487,14488
1071,14491,14502,14506,14511
1072,14514,14525,14529,14530,14532
1073,14537,14538,14540,14541,14545,14548,14553,14562,14568,14571,14572,14574,14575,14577,14581,14582,14584,14585,14591,14597
1074,14599,14600,14602,14604,14605,14606,14607,14608,14610,14611,14612
1075,14613,14614,14615,14616,14618,14620,14622,14623,14624,14625,14626,14627,14628
1076,14629
1077,14630
1078,14631,14632,14633
1079,14635,14637,14639,14641,14642,14643,14644,14645,14647,14648,14651,14654,14656
1080,14658,14662,14666,14667,14668,14669,14670,14671,14675,14678
1081,14681,14682,14683,14685,14686,14687,14689,14690,14691,14692,14693,14694,14695,14697,14698,14700,14701,14702,14703,14704,14706,14707,14708,14709,14711,14712,14713,14715,14716,14719,14720,14721,14724,14725,14726,14728,14730,14731,14732,14733,14734,14736,14737,14740,14742
1082,14743,14744,14745,14746,14748,14749,14750,14751,14754,14755
1083,14757,14759,14760,14765,14766,14768,14769,14770,14771,14772
1084,14773
1085,14774
1086,14775,14776,14778
1087,14779,14783,14786,14788,14789,14792,14796,14797,14800
1088,14802,14803,14804,14805,14806,14807,14808,14809,14810,14811,14812,14813,14814,14815,14816,14817,14818,14819,14820,14821,14822,14823,14824
1089,14825,14873
1090,14887,14888,14889,14890,14892,14893,14894,14895,14896,14897,14898,14899
1091,14901,14903,14915
1092,14917
1093,14918
1094,14919,14921
1095,14923,14924,14925,14926,14930,14932,14934,14935,14937,14938,14939,14940,14942,14943,14944,14945
1096,14946,14947,14948,14949,14950,14951,14952,14953,14954,14955,14956,14957,14958,14959,14960,14961,14962,14963,14964,14965,14966,14967,14968
1097,14969,14979,14982,14985,15008,15010,15012,15024,15026
1098,15031,15032,15034,15036,15037,15038,15039,15041,15042,15044
1099,15045,15046,15052,15054,15055
1100,15061
1101,15062
1102,15063,15064,15065,15066
1103,15067,15068,15069,15070,15071,15074,15075,15076,15079,15080,15081,15082,15085,15087,15088,15089
1104,15090,15097,15101,15107,15111
1105,15113,15115,15117,15118,15119,15121,15122,15124,15126,15128,15129,15133,15134,15137,15138,15139,15141,15142,15143,15147,15148,15149,15150,15154,15157,15158,15162,15164,15168,15169,15172
1106,15175,15179,15183,15188
1107,15189,15195,15199,15200
1108,15205
1109,15206
1110,15207,15208,15209,15210
1111,15211,15215,15224
1112,15234,15238,15239,15240,15243,15246,15250,15255
1113,15257,15262,15263,15264,15266,15270,15271,15274,15276,15277,15278,15279,15280,15281,15284,15286,15287,15288,15289,15292,15293,15294,15295,15296,15297,15298,15299,15301,15302,15303,15306,15307,15309,15311,15312,15313,15315
1114,15319,15320,15321,15322,15323,15324,15325,15326,15327,15328,15329,15330,15331,15332
1115,15333,15334,15335,15336,15337,15338,15339,15340,15341,15342,15344,15345,15348
1116,15349
1117,15350
1118,15351,15353
1119,15355,15358
1120,15378,15379,15380,15381,15386,15387,15389,15391,15392,15394,15396,15397,15399,15400
1121,15401,15403,15404,15406,15407,15408,15409,15410,15411,15412,15413,15414,15415,15416,15417,15418,15419,15423,15424,15425,15427,15428,15429,15430,15431,15432,15433,15434,15435,15436,15437,15439,15440,15442,15443,15444,15445,15446,15447,15448,15450,15451,15452,15454,15455,15456,15457,15458,15459,15460,15461,15462
1122,15463,15466,15472
1123,15477,15478,15479,15480,15481,15482,15483,15484,15485,15486,15487,15488,15489,15490,15491,15492
1124,15493
1125,15494
1126,15495,15497,15498
1127,15499,15509,15510,15512,15517,15521
1128,15522,15523,15524,15525,15526,15528,15529,15530,15531,15532,15533,15534,15535,15536,15537,15538,15539,15541,15542,15543,15544
1129,15545,15553,15561,15563,15564,15565,15571,15575,15582,15584,15588,15591,15593,15596,15599,15603
1130,15607,15608,15609,15610,15611,15612,15613,15614,15615,15616,15619,15620
1131,15621,15622,15623,15624,15625,15627,15628,15630,15631,15636
1132,15637
1133,15638
1134,15639,15640,15641
1135,15643,15645,15651,15655,15656,15658
1136,15666,15673,15678
1137,15689,15690,15691,15692,15693,15694,15695,15696,15697,15698,15699,15700,15701,15702,15703,15704,15705,15706,15707,15708,15709,15710,15711,15712,15713,15714,15715,15716,15717,15718,15719,15720,15721,15722,15723,15724,15725,15726,15727,15728,15729,15730,15731,15732,15733,15734,15735,15736,15737,15738,15739,15740,15741,15742,15743,15744,15745,15746,15747,15748,15749,15750
1138,15751,15752,15753,15754,15755,15756,15757,15758,15759,15760,15761,15762,15763,15764
1139,15765,15768
1140,15781
1141,15782
1142,15783,15785
1143,15787,15788,15789,15793,15796,15797,15798,15799,15800,15801,15802,15803,15805,15808
1144,15810,15811,15812,15813,15814,15815,15816,15817,15818,15820,15821,15824,15825,15826,15828,15829,15830,15831
1145,15833,15843,15844,15849,15850,15855,15858,15866,15869,15873,15874,15881,15883,15885,15887,15889,15892
1146,15895,15896,15897,15898,15899,15900,15901,15902,15903,15904,15905
1147,15909,15924
1148,15925
1149,15926
1150,15927,15930
1151,15931,15932,15936,15938,15942,15953
1152,15954,15955,15956,15957,15958,15960,15961,15962,15963,15964,15965,15966,15967,15968,15970,15971,15972,15974,15975
1153,15977,15978,15979,15980,15981,15982,15983,15984,15985,15986,15987,15989,15990,15991,15992,15993,15994,15995,15996,15997,15998,15999,16000,16001,16002,16003,16004,16006,16007,16008,16009,16010,16011,16012,16013,16014,16015,16016,16018,16019,16020,16021,16022,16023,16024,16025,16026,16027,16030,16031,16032,16033,16034,16035,16036,16037,16038
1154,16039,16040,16041,16044,16045,16047,16048,16049,16051,16052
1155,16053,16055,16056,16058,16059,16061,16062,16063,16066
1156,16069
1157,16070
1158,16071,16072,16074
1159,16075,16079,16090,16091,16096,16097
1160,16098,16099,16102,16103,16104,16105,16106,16109,16110,16114,16115,16117
1161,16121,16123,16126,16127,16136,16140,16146,16152,16169
1162,16183,16185,16189,16195
1163,16197,16198,16200,16203,16208,16212
1164,16213
1165,16214
1166,16215,16217
1167,16219,16220,16221,16222,16224,16225,16227,16228,16229,16230,16231,16233,16234,16235,16236,16237,16238,16239,16240,16241
1168,16242,16243,16244,16246,16247,16248,16249,16251,16253,16254,16255,16258,16259,16260,16261,16262,16263,16264
1169,16265,16267,16268,16271,16272,16273,16274,16275,16277,16281,16285,16287,16289,16290,16291,16293,16294,16295,16297,16300,16301,16304,16307,16309,16310,16312,16313,16314,16315,16318,16319,16320,16322,16323,16325,16326
1170,16327,16328,16333,16334,16335,16338,16339,16340
1171,16341,16342,16343,16345,16347,16348,16349,16350,16351,16352,16353,16354,16355
1172,16357
1173,16358
1174,16359
1175,16363,16364,16365,16366,16368,16373,16375,16376,16377,16378,16382,16383,16384,16385
1176,16386,16394,16399,16400
1177,16409,16412,16414,16415,16417,16418,16421,16423,16424,16426,16427,16428,16429,16430,16434,16435,16436,16437,16438,16439,16441,16442,16443,16445,16449,16450,16454,16455,16456,16457,16461,16462,16463,16464,16465,16466,16470
1178,16471,16472,16473,16474,16476,16477,16478,16479,16480,16481,16482,16483,16484
1179,16485,16486,16487,16488,16489,16490,16491,16492,16493,16494,16495,16497,16498,16499,16500
1180,16501
1181,16502
1182,16503,16505
1183,16507,16508,16509,16510,16512,16513,16514,16517,16520,16521,16522,16523,16524,16525,16526,16527,16528,16529
1184,16530,16531,16532,16533,16534,16535,16536,16537,16538,16539,16541,16542,16543,16544,16545,16546,16547,16548,16549,16550,16551,16552
1185,16553,16555,16560,16561,16563,16574,16581,16583,16586,16587,16588,16591,16593,16594,16599,16600,16608,16610,16612
1186,16615,16616,16617,16618,16619,16620,16622,16623,16624,16625,16626,16628
1187,16629,16631,16633,16634,16638
1188,16645
1189,16646
1190,16647,16648,16649,16650
1191,16651,16654,16655,16658,16661,16662,16663,16668,16670,16671,16672,16673
1192,16674,16675,16676,16678,16679,16681,16682,16683,16684,16685,16686,16687,16688,16689,16690,16692,16694,16695
1193,16697,16698,16738,16745,16750,16751,16755,16757
1194,16759,16764,16765,16767,16768,16769
1195,16773,16774,16775,16776,16777,16778,16779,16780,16781,16782,16783,16784,16786,16787,16788
1196,16789
1197,16790
1198,16791,16792,16793,16794
1199,16795,16796,16797,16799,16801,16802,16805,16806,16807,16808,16809,16810,16811,16813,16814,16815,16816,16817
1200,16818,16819,16822,16823,16825,16827,16828,16832,16835,16836,16837,16838,16839,16840
1201,16841,16842,16843,16844,16845,16846,16847,16848,16849,16851,16852,16853,16854,16855,16856,16857,16858,16859,16860,16861,16864,16866,16868,16869,16870,16871,16875,16876,16878,16879,16883,16884,16887,16889,16890,16891,16892,16894,16895,16896,16897,16898,16899,16901
1202,16903,16904,16905,16906,16909,16911,16912,16913,16916
1203,16917,16930
1204,16933
1205,16934
1206,16935,16936,16938
1207,16939,16942,16944,16945,16947,16948,16951,16958,16959,16960
1208,16962,16968,16970,16971
1209,16985,16990,16993,16995,16999,17002,17004,17005,17006,17026,17030
1210,17047,17049,17050,17053,17054,17055,17058,17060
1211,17061,17064
1212,17077
1213,17078
1214,17079,17080,17081,17082
1215,17083,17085,17086,17088,17089,17090,17092,17094,17097,17100,17101,17103
1216,17106,17108,17110,17112,17113,17114,17116,17117,17118,17119,17120,17122,17124,17126,17127,17128
1217,17129,17135,17138,17140,17141,17143,17151,17153,17157,17159,17161,17162,17163,17164,17169,17173,17179,17184,17188,17189,17190
1218,17191,17199
1219,17205,17209,17220
1220,17221
1221,17222
1222,17223,17226
1223,17227,17233,17235,17242,17244,17246,17248,17249
1224,17250,17251,17252,17256,17257,17260,17262,17263,17265,17266,17268,17269,17271,17272
1225,17273,17274,17275,17276,17278,17280,17281,17283,17285,17288,17290,17291,17292,17296,17297,17299,17300,17302,17303,17309,17310,17311,17312,17313,17315,17322,17324,17327,17330,17332
1226,17335,17337,17343,17345,17347
1227,17349,17350,17352,17356,17357,17358,17360,17363,17364
1228,17365
1229,17366
1230,17367,17368
1231,17371,17372,17375,17376,17379,17390,17392
1232,17394,17409
1233,17417,17419,17422,17423,17424,17427,17429,17431,17432,17435,17436,17437,17439,17440,17442,17443,17444,17445,17446,17448,17451,17452,17454,17456,17458,17460,17461,17462,17464,17465,17466,17469,17471,17472,17474,17476,17477
1234,17479,17480,17481,17483,17484,17485,17487,17489,17490,17492
1235,17493,17494,17495,17496,17497,17498,17499,17500,17501,17502,17503,17504,17506,17507,17508
1236,17509
1237,17510
1238,17511,17512,17513
1239,17515,17520,17524,17527,17532,17533,17534,17535
1240,17538,17540,17543,17545,17547,17552,17553,17554,17557
1241,17561,17572,17573,17591,17597,17613
1242,17623,17624,17625,17626,17628,17629,17630,17631,17633,17634,17635,17636
1243,17637,17638,17639,17640,17641,17642,17643,17644,17645,17646,17647,17648,17649,17650,17652
1244,17653
1245,17654
1246,17655,17657,17658
1247,17659,17660,17661,17662,17663,17665,17666,17667,17670,17672,17674,17676,17678,17679,17680
1248,17682,17684,17685,17688,17689,17691,17693,17694,17695,17696,17698,17700,17701,17702,17704
1249,17705,17706,17710,17714,17715,17719,17721,17722,17723,17731,17732,17738,17742,17744,17746,17748,17749,17751,17755,17756,17758,17761,17764
1250,17767,17768,17769,17772,17775,17776,17777,17779,17780
1251,17781,17785,17786,17787,17788,17789,17796
1252,17797
1253,17798
1254,17799,17801
1255,17803,17804,17805,17806,17807,17808,17809,17812,17813,17814,17817,17818,17819,17821,17822,17823,17825
1256,17826,17827,17828,17829,17830,17831,17832,17833,17834,17835,17836,17837,17838,17839,17840,17841,17842,17844,17845,17846,17847
1257,17849,17850,17851,17852,17853,17855,17857,17858,17859,17860,17861,17862,17863,17864,17865,17867,17868,17869,17870,17871,17872,17873,17874,17875,17876,17877,17878,17879,17880,17881,17882,17883,17884,17885,17886,17887,17888,17889,17890,17891,17892,17893,17894,17895,17896,17897,17898,17900,17901,17903,17904,17905,17906,17907,17908,17909,17910
1258,17911,17912,17913,17914,17916,17917,17918,17919,17920,17921,17922,17923,17924
1259,17925,17926,17928,17929,17931,17932,17933,17934,17937,17938,17939
1260,17941
1261,17942
1262,17943,17944,17946
1263,17947,17948,17949,17951,17953,17954,17955,17956,17957,17960,17963,17964,17965,17966,17967,17968,17969
1264,17970,17972,17986,17992
1265,17993,17997,17999,18000,18008,18011,18016,18017,18030,18033,18041,18046,18050,18052
1266,18055,18058,18062,18067,18068
1267,18069,18072,18075,18083
1268,18085
1269,18086
1270,18087,18090
1271,18091,18093,18094,18098,18100,18103,18106,18107,18108,18109,18111,18113
1272,18114,18115,18116,18117,18120,18121,18122,18123,18124,18125,18126,18127,18128,18129,18130,18131,18132,18133,18134,18135,18136
1273,18137,18138,18140,18141,18143,18144,18148,18149,18151,18152,18153,18154,18158,18159,18164,18165,18167,18168,18169,18171,18172,18174,18175,18178,18180,18181,18182,18183,18184,18185,18186,18187,18188,18189,18190,18192,18193,18198
1274,18199,18200,18201,18202,18203,18204,18205,18208,18209,18210,18211
1275,18213,18216,18221,18227
