178,1
179,2
180,3
181,4
182,5
183,6
184,7
185,9,8
186,10
187,11
188,12,13,15
189,24,17,20,22,23,25,16,18
190,26
191,27
192,28,29,31
193,40,33,36,38,39,41,32,34
194,42
195,43
196,44,45,46,47
197,55,49,50,54,56,57,48,51
198,59,58
199,61,60
200,62
201,66,63,64,65
202,67
203,71,68,69,70
204,74,81,77,84,87,89,73,72,75,76
205,90,101,119,112,115,91,93,105,103,99,121
206,123,134,130,143,132,135,161,160,162,138,127
207,189,181,188,190,192,177,174,178,179,182
208,193
209,197,194,195,196
210,198
211,202,199,200,201
212,217,205,212,208,215,218,220,204,203,206
213,221,232,250,243,246,222,224,236,234,230,252
214,254,283,265,261,274,263,266,292,291,293,269
215,320,312,319,321,323,308,305,309,310,313
216,324
217,328,325,326,327
218,329
219,333,330,331,332
220,348,336,343,339,349,346,351,335,334,337
221,352,363,381,374,377,353,355,367,365,361,383
222,385,414,396,392,405,394,397,423,422,424,400
223,451,443,450,452,454,439,436,440,441,444
224,455
225,459,456,457,458
226,460
227,464,461,462,463
228,479,467,474,470,477,480,482,466,465,468
229,483,494,512,505,508,484,486,498,496,492,514
230,516,545,527,523,536,525,528,554,553,555,531
231,582,574,581,583,585,570,567,571,572,575
232,586
233,587
234,588,589,591
235,592
236,593
237,594,595,597
238,598
239,599
240,600,601,603
241,604
242,606,605
243,607
244,609,608
245,616,614,617,611,610,613,615,618
246,619
247,620
248,621,622,624
249,628,626,627,629,625
250,630,654,637,640,646,636,631,633,635,632,653
251,655
252,657,656
253,658
254,660,659
255,667,665,668,662,661,664,666,669
256,670
257,671
258,672,673,675
259,679,677,678,680,676
260,681,705,688,691,697,687,682,684,686,683,704
261,713,726,724,727,706,707,708,711,709,716
262,728,737,729,736,732,734,739,741,738,745,743
263,765,753,758,755,748,751,747,749,752,750
264,767
265,769,768
266,770
267,772,771
268,779,777,780,774,773,776,778,781
269,782
270,783
271,784,785,787
272,791,789,790,792,788
273,817,800,799,794,796,795,798,816,793,812
274,818
275,819
276,820,821,823
277,824
278,826,825
279,827
280,829,828
281,836,834,837,831,830,833,835,838
282,839
283,840
284,841,842,844
285,848,846,847,849,845
286,874,857,856,851,853,852,855,873,850,869
287,875
288,877,876
289,878
290,880,879
291,887,885,888,882,881,884,886,889
292,890
293,891
294,892,893,895
295,899,897,898,900,896
296,925,908,907,902,904,903,906,924,901,920
297,933,946,944,947,926,927,928,931,929,936
298,948,957,949,956,952,954,959,961,958,965,963
299,973,979,969,974,971,988,987,967,968,970
300,1009,1010,1012,997,1001,998,1002,993,991,990
301,1022,1026,1023,1025,1019,1017,1014,1021,1013,1015
302,1032
303,1034,1033
304,1035
305,1037,1036
306,1042,1045,1039,1038,1041,1043,1046
307,1047
308,1048
309,1049,1050,1052
310,1054,1055,1057,1053
311,1082,1065,1081,1077,1064,1060,1058,1059,1061,1063
312,1083
313,1085,1084
314,1086
315,1088,1087
316,1095,1093,1096,1090,1089,1092,1094,1097
317,1098
318,1099
319,1100,1101,1103
320,1107,1105,1106,1108,1104
321,1133,1116,1115,1110,1112,1111,1114,1132,1109,1128
322,1134
323,1136,1135
324,1137
325,1139,1138
326,1146,1144,1147,1141,1140,1143,1145,1148
327,1149
328,1150
329,1151,1152,1154
330,1158,1156,1157,1159,1155
331,1184,1167,1166,1161,1163,1162,1165,1183,1160,1179
332,1185
333,1187,1186
334,1188
335,1190,1189
336,1197,1195,1198,1192,1191,1194,1196,1199
337,1200
338,1201
339,1202,1203,1205
340,1209,1207,1208,1210,1206
341,1235,1218,1217,1212,1214,1213,1216,1234,1211,1230
342,1236
343,1238,1237
344,1239
345,1241,1240
346,1248,1246,1249,1243,1242,1245,1247,1250
347,1251
348,1252
349,1253,1254,1256
350,1260,1258,1259,1261,1257
351,1286,1269,1268,1263,1265,1264,1267,1285,1262,1281
352,1294,1307,1305,1308,1287,1288,1289,1292,1290,1297
353,1309,1311,1316,1313,1315,1322,1326,1318,1320,1330,1329
354,1335,1342,1333,1338,1337,1344,1351,1352,1331,1332
355,1353
356,1355,1354
357,1356
358,1358,1357
359,1365,1363,1366,1360,1359,1362,1364,1367
360,1368
361,1369
362,1370,1371,1373
363,1377,1375,1376,1378,1374
364,1403,1386,1385,1380,1382,1381,1384,1402,1379,1398
365,1404
366,1406,1405
367,1407
368,1409,1408
369,1416,1414,1417,1411,1410,1413,1415,1418
370,1419
371,1420
372,1421,1422,1424
373,1428,1426,1427,1429,1425
374,1454,1437,1436,1431,1433,1432,1435,1453,1430,1449
375,1455
376,1457,1456
377,1458
378,1460,1459
379,1467,1465,1468,1462,1461,1464,1466,1469
380,1470
381,1471
382,1472,1473,1475
383,1479,1477,1478,1480,1476
384,1505,1488,1487,1482,1484,1483,1486,1504,1481,1500
385,1506
386,1508,1507
387,1509
388,1511,1510
389,1518,1516,1519,1513,1512,1515,1517,1520
390,1521
391,1522
392,1523,1524,1526
393,1530,1528,1529,1531,1527
394,1556,1539,1538,1533,1535,1534,1537,1555,1532,1551
395,1564,1577,1575,1578,1557,1558,1559,1562,1560,1567
396,1579,1581,1586,1583,1585,1592,1596,1588,1590,1600,1599
397,1605,1612,1603,1608,1607,1614,1621,1622,1601,1602
398,1641,1642,1630,1637,1638,1623,1626,1627,1624,1625
399,1654,1660,1662,1649,1651,1647,1652,1665,1645,1646
400,1667
401,1668
402,1669,1670,1672
403,1676,1674,1673
404,1681,1679,1680,1682,1678
405,1692,1686,1684,1687,1691,1693,1683
406,1707
407,1708
408,1709,1710,1712
409,1716,1714,1713
410,1721,1719,1720,1722,1718
411,1732,1726,1724,1727,1731,1733,1723
412,1747
413,1748
414,1749,1750,1752
415,1756,1754,1753
416,1761,1759,1760,1762,1758
417,1772,1766,1764,1767,1771,1773,1763
418,1787
419,1788
420,1789,1790,1792
421,1796,1794,1793
422,1801,1799,1800,1802,1798
423,1812,1806,1804,1807,1811,1813,1803
424,1862,1839,1864,1838,1827,1828,1829,1832,1834,1833
425,1866,1872,1896,1868,1879,1877,1874,1876,1889,1893,1881
426,1906,1913,1928,1920,1918,1932,1938,1935,1908,1916,1915
427,1942
428,1943
429,1944,1945,1947
430,1951,1949,1948
431,1956,1954,1955,1957,1953
432,1967,1961,1959,1962,1966,1968,1958
433,1982
434,1983
435,1984,1985,1987
436,1991,1989,1988
437,1996,1994,1995,1997,1993
438,2007,2001,1999,2002,2006,2008,1998
439,2022
440,2023
441,2024,2025,2027
442,2031,2029,2028
443,2036,2034,2035,2037,2033
444,2047,2041,2039,2042,2046,2048,2038
445,2062
446,2063
447,2064,2065,2067
448,2071,2069,2068
449,2076,2074,2075,2077,2073
450,2087,2081,2079,2082,2086,2088,2078
451,2102
452,2103
453,2104,2105,2107
454,2111,2109,2108
455,2116,2114,2115,2117,2113
456,2127,2121,2119,2122,2126,2128,2118
457,2177,2154,2179,2153,2142,2143,2144,2147,2149,2148
458,2181,2187,2211,2183,2194,2192,2189,2191,2204,2208,2196
459,2221,2228,2243,2235,2233,2247,2253,2250,2223,2231,2230
460,2257,2276,2264,2269,2280,2288,2285,2259,2267,2266,2268
461,2292,2321,2311,2320,2298,2301,2294,2300,2303,2315,2319
462,2324
463,2325
464,2326,2327,2329
465,2330
466,2331
467,2332,2333,2335
468,2339,2337,2338,2340,2336
469,2344,2342,2341
470,2355,2350,2347,2349,2356,2354,2346
471,2370
472,2371
473,2372,2373,2375
474,2376
475,2377
476,2378,2379,2381
477,2385,2383,2384,2386,2382
478,2390,2388,2387
479,2401,2396,2393,2395,2402,2400,2392
480,2416,2427,2417,2420,2434,2421,2439,2425,2435,2436,2441
481,2477,2450,2448,2443,2444,2445,2453,2455,2458,2452
482,2478,2494,2498,2483,2487,2492,2490,2488,2479,2485,2496
483,2502
484,2503
485,2504,2505,2507
486,2509,2510,2512,2508
487,2514,2513
488,2527,2518,2521,2526,2519,2522,2528
489,2542
490,2543
491,2544,2545,2547
492,2551,2549,2550,2552,2548
493,2556,2554,2553
494,2567,2562,2559,2561,2568,2566,2558
495,2582
496,2583
497,2584,2585,2587
498,2589,2590,2592,2588
499,2594,2593
500,2607,2598,2601,2606,2599,2602,2608
501,2622
502,2623,2624
503,2627,2626,2625
504,2630,2629,2628
505,2642,2639,2631,2636,2632,2635,2640,2643,2641,2637
506,2644
507,2645
508,2646,2647,2649
509,2662,2660,2651,2654,2655,2677,2684,2652,2650,2653
510,2718,2721,2696,2715,2697,2687,2690,2692,2686,2691
511,2722,2745,2734,2750,2731,2729,2756,2724,2732,2741,2753
512,2757,2776,2764,2769,2780,2788,2785,2759,2767,2766,2768
513,2792,2817,2807,2796,2818,2820,2801,2811,2800,2793,2798
514,2856,2833,2858,2832,2821,2822,2823,2826,2828,2827
515,2860,2873,2864,2870,2861,2866,2882,2886,2868,2878,2880
516,2888,2897,2908,2894,2903,2899,2904,2906,2892,2896,2889
517,2921,2912,2915,2911,2919,2914,2930,2935,2910,2913
518,2968,2971,2942,2939,2946,2947,2965,2949,2944,2937
519,2972,2998,2980,2986,3006,2994,3003,2974,2982,2983,2978
520,3010,3028,3017,3032,3022,3042,3039,3012,3020,3019,3021
521,3046,3070,3060,3050,3071,3073,3064,3055,3054,3047,3052
522,3109,3086,3111,3085,3074,3075,3076,3079,3081,3080
523,3113,3125,3126,3115,3146,3121,3123,3124,3144,3147,3152
524,3153,3160,3165,3166,3179,3175,3185,3182,3155,3163,3162
525,3224,3201,3226,3200,3189,3190,3191,3194,3196,3195
526,3228,3234,3258,3261,3230,3236,3239,3238,3241,3251,3255
527,3268,3275,3290,3282,3294,3280,3300,3297,3270,3278,3277
528,3304,3323,3311,3327,3335,3316,3332,3306,3313,3314,3309
529,3339,3368,3358,3367,3345,3348,3341,3347,3350,3366,3362
530,3371
531,3372
532,3373,3374,3375,3376
533,3377
534,3378
535,3379,3380,3381,3382
536,3393,3392,3396,3400,3394,3383,3385,3384,3388,3390
537,3414,3415,3419,3423,3413,3404,3405,3406,3410,3412
538,3451,3425,3426,3432,3431,3452,3449,3447,3450
539,3491
540,3492
541,3493,3494,3495,3496
542,3497
543,3498
544,3499,3500,3501,3502
545,3513,3512,3516,3520,3514,3503,3505,3504,3508,3510
546,3533,3529,3526,3527,3525,3528,3524
547,3548,3547,3549,3538,3539,3540,3543,3544,3545,3546
548,3567,3566,3568,3563,3564,3561,3562,3560,3559
549,3578,3596,3574,3582,3577,3584,3585,3575,3573,3583
550,3624,3625,3629,3633,3623,3614,3615,3616,3620,3622
551,3643,3642,3639,3637,3638,3636,3640,3646,3648,3635
552,3659,3662,3666,3658,3660,3649,3650,3651,3655,3657
553,3678,3672,3673,3671,3674,3675,3681,3683,3670
554,3702,3685,3689,3693,3695,3686,3684,3688,3694,3696
555,3749,3844,3835,3839,3725,3728,3742,3746,3743,3727
556,3867,3857,3859,3851,3862,3910,3913,3863,3849,3850
557,3917,3935,3925,3919,3927,3947,3977,3974,3930,3980,3970
558,4007,3985,3991,4008,4011,3986,3990,4009,4006
559,4103
560,4104
561,4105,4106,4107,4108
562,4109
563,4110
564,4111,4112,4113,4114
565,4125,4124,4128,4132,4126,4115,4117,4116,4120,4122
566,4146,4147,4151,4155,4145,4136,4137,4138,4142,4144
567,4183,4157,4158,4164,4163,4184,4181,4179,4182
568,4223
569,4224
570,4225,4226,4227,4228
571,4229
572,4230
573,4231,4232,4233,4234
574,4235
575,4236
576,4237,4238,4239,4240
577,4251,4250,4254,4258,4252,4241,4243,4242,4246,4248
578,4262,4291,4271,4272,4264,4269,4277,4282,4284,4290,4266
579,4302,4301,4303,4292,4293,4294,4297,4298,4299,4300
580,4313,4327,4320,4322,4315,4323,4326,4328,4339,4341,4317
581,4350,4394,4344,4357,4359,4345,4343,4347,4419,4360
582,4430,4431,4435,4439,4429,4420,4421,4422,4426,4428
583,4441,4466,4448,4451,4443,4455,4470,4450,4454,4461,4463
584,4481,4484,4488,4480,4482,4471,4472,4473,4477,4479
585,4492,4494,4502,4499,4501,4506,4496,4497,4503,4521,4517
586,4558,4547,4523,4529,4536,4538,4524,4598,4522,4526
587,4625,4764,4755,4759,4602,4599,4618,4622,4619,4601
588,4785,4777,4779,4832,4771,4782,4835,4783,4769,4770
589,4839,4855,4847,4869,4861,4841,4901,4849,4867,4898,4863
590,4931,4909,4915,4932,4935,4910,4914,4933,4930
591,5032,5030,5029
592,5069,5046,5071,5045,5034,5035,5036,5039,5041,5040
593,5073,5082,5084,5081,5074,5094,5078,5079,5098,5092,5076
594,5100,5113,5108,5128,5121,5123,5106,5102,5109,5126,5110
595,5133,5131,5130
596,5170,5147,5172,5146,5135,5136,5137,5140,5142,5141
597,5174,5183,5185,5182,5175,5179,5180,5200,5193,5195,5177
598,5204,5202,5201
599,5209,5207,5206
600,5212,5216,5218,5215,5233,5213,5211,5214,5219
601,5235,5236,5239,5242,5240,5241,5248,5251,5250,5256,5261
602,5277,5303,5272,5278,5275,5301,5300,5270,5295,5302
603,5312,5329,5328,5310,5305,5308,5318,5322,5304,5306
604,5335,5333,5332
605,5372,5349,5374,5348,5337,5338,5339,5342,5344,5343
606,5376,5382,5406,5378,5389,5387,5384,5386,5409,5399,5403
607,5416,5436,5420,5432,5430,5424,5423,5417,5421,5434,5419
608,5440,5460,5454,5448,5467,5462,5446,5442,5449,5465,5450
609,5472,5470,5469
610,5509,5486,5511,5485,5474,5475,5476,5479,5481,5480
611,5513,5522,5524,5521,5514,5518,5519,5539,5532,5534,5516
612,5540,5553,5548,5568,5561,5563,5546,5542,5549,5566,5550
613,5573,5571,5570
614,5610,5587,5612,5586,5575,5576,5577,5580,5582,5581
615,5614,5623,5625,5622,5615,5619,5620,5640,5633,5635,5617
616,5644,5642,5641
617,5649,5647,5646
618,5660,5652,5656,5658,5655,5673,5653,5651,5654,5659
619,5675,5676,5679,5690,5682,5680,5681,5691,5696,5701,5702
620,5717,5743,5712,5718,5715,5741,5740,5710,5735,5742
621,5752,5769,5768,5750,5745,5748,5758,5762,5744,5746
622,5791,5781,5777,5780,5800,5774,5778,5794,5772,5773
623,5804,5816,5818,5824,5809,5822,5830,5806,5811,5829,5812
624,5833,5847,5836,5841,5843,5853,5834,5846,5838,5849,5840
625,5860,5858,5857
626,5862,5873,5863,5866,5880,5867,5885,5871,5881,5882,5887
627,5908,5897,5894,5906,5892,5896,5889,5890,5911,5891
628,5924,5921,5925,5929,5927,5918,5916,5920,5913,5912
629,5934,5932,5931
630,5945,5946,5953,5936,5937,5938,5941,5942,5939,5940
631,5977,5979,5968,5967,5964,5965,5962,5961,5963,5966
632,6002,5990,6001,5998,5997,6005,5991,5992,5996,5981
633,6011,6029,6036,6006,6008,6009,6014,6015,6012,6013
634,6045,6079,6052,6054,6047,6050,6092,6089,6058,6081,6087
635,6096,6106,6141,6117,6119,6121,6124,6098,6100,6102,6118
636,6177,6154,6179,6153,6142,6143,6144,6147,6149,6148
637,6181,6194,6196,6187,6211,6183,6214,6189,6192,6191,6204
638,6221,6226,6242,6231,6237,6239,6222,6228,6230,6224,6244
639,6269,6255,6278,6273,6248,6256,6253,6257,6275,6246
640,6281,6280
641,6320,6297,6322,6296,6286,6290,6292,6285,6287,6291
642,6324,6333,6335,6345,6330,6349,6332,6325,6329,6343,6327
643,6351,6367,6375,6360,6382,6377,6358,6353,6361,6380,6362
644,6385,6384
645,6428,6402,6426,6403,6390,6395,6397,6389,6391,6392
646,6432,6441,6443,6438,6454,6436,6440,6433,6452,6437,6456
647,6463,6461,6460
648,6467,6466,6465
649,6469,6472,6476,6473,6490,6488,6470,6468,6471,6475
650,6492,6497,6493,6496,6498,6499,6508,6509,6513,6521,6520
651,6536,6531,6562,6537,6534,6560,6559,6556,6561,6529
652,6589,6571,6588,6563,6569,6565,6564,6567,6568,6570
653,6601,6597,6621,6612,6600,6594,6598,6615,6592,6593
654,6625,6633,6641,6635,6628,6639,6647,6626,6630,6648,6650
655,6651,6672,6657,6664,6668,6676,6653,6661,6663,6665,6667
656,6677,6691,6682,6703,6679,6684,6702,6685,6705,6704,6692
657,6706,6720,6709,6714,6726,6707,6711,6722,6713,6728,6727
658,6730,6739,6733,6751,6731,6735,6752,6754,6737,6753,6740
659,6755,6776,6761,6768,6780,6757,6759,6770,6774,6762,6778
660,6781
661,6783,6782
662,6787,6785,6786,6788,6784
663,6791,6789,6790
664,6798,6796,6797,6799,6795
665,6803,6801,6802,6804,6800
666,6814,6806,6809,6808,6815,6813,6805
667,6830,6832,6833,6829
668,6843,6844,6847,6846,6842,6841
669,6858,6857,6859,6852,6853,6854,6849,6850,6855,6848
670,6866,6890,6891,6885,6887,6888,6872,6874,6881,6882,6867
671,6896
672,6898,6897
673,6902,6900,6901,6904,6899
674,6911,6910,6909,6908
675,6916,6914,6915,6917,6913
676,6923,6920,6922,6924,6929,6934,6918,6919,6928,6921
677,6936,6949,6972,6968,6948,6937,6942,6947,6946,6941,6939
678,6973,7006,6985,7005,6979,7002,7003,6974,6978,6983,6984
679,7035,7029,7016,7011,7027,7017,7037,7034,7010,7030
680,7099,7109,7123,7125,7100,7103,7113,7110,7120,7102,7111
681,7138,7133,7139,7130,7131
682,7150,7149,7151,7141,7142,7144,7145,7146,7147,7140
683,7158,7164,7182,7166,7183,7177,7173,7179,7180,7174,7172
684,7188
685,7190,7189
686,7194,7192,7193,7196,7191
687,7203,7202,7201,7200
688,7206,7209,7213,7208,7211,7205
689,7221,7218,7220,7225,7217
690,7242,7233,7229,7230,7234,7241,7243
691,7261,7264,7263,7260
692,7280,7278,7282,7279,7283,7277,7276
693,7293,7294,7295,7288,7289,7290,7284,7287,7285,7286
694,7302,7326,7327,7321,7323,7324,7303,7312,7306,7308,7310
695,7333,7336,7339,7337,7354,7334,7332,7335,7340
696,7366,7363,7374,7361,7372,7359,7365,7357,7367,7356
697,7378,7385,7379,7380,7383,7382,7381,7384
698,7393,7396,7398,7409,7395,7401,7400,7399,7402,7415
699,7422,7440,7428,7441,7450,7438,7436,7437,7474,7475,7473
700,7479,7492,7493,7491,7495,7500,7483,7488,7482,7503,7508
701,7510,7522,7526,7531,7514,7519,7513,7527,7530,7525,7533
702,7560,7541,7545,7542,7546,7559,7556,7558,7561
703,7631,7625,7633,7627,7624,7623,7626,7622
704,7643,7638,7636,7639,7641,7647,7654,7653,7635,7637
705,7688,7692,7665,7693,7664,7658,7663,7684,7655,7674
706,7694,7725,7740,7727,7737,7699,7706,7701,7703,7696,7697
707,7757,7769,7776,7772,7774,7761,7768,7771,7773,7775,7782
708,7784,7796,7803,7799,7801,7793,7805,7788,7794,7797,7795
709,7827,7815,7812,7816,7823,7826,7811,7825,7828
710,7906,7882,7875,7881,7901,7880,7872,7873,7893,7876
711,7942,7921,7911,7924,7939,7946,7943,7908,7909,7913
712,7975
713,7977,7976
714,7978
715,7980,7979
716,7989,7987,7990,7984,7985,7991,7982,7983,7981
717,7996,7995,7997,7994,7993
718,8001,8002,8008,8006,8004,8007,7999,8000,7998
719,8013,8012,8014,8011,8010
720,8024,8025,8021,8019,8020,8016,8017,8022,8028,8015
721,8052,8036,8038,8031,8040,8034,8043,8059,8030,8032
722,8078,8077,8065,8061,8067,8064,8063,8072,8087,8060
723,8088
724,8090,8089
725,8094,8092,8093,8096,8091
726,8103,8102,8101,8100
727,8114,8128,8107,8110,8106,8112,8109,8105,8113,8108
728,8129,8158,8161,8144,8134,8131,8139,8142,8138,8155,8140
729,8162,8188,8170,8184,8196,8176,8193,8164,8172,8173,8168
730,8211,8213,8201,8206,8208,8210,8226,8203,8224,8200
731,8228,8237,8242,8254,8261,8256,8230,8238,8235,8239,8258
732,8272,8281,8264,8267,8268,8270,8279,8285,8265,8263
733,8287,8319,8322,8297,8303,8295,8293,8289,8316,8298,8315
734,8333,8348,8331,8341,8342,8324,8327,8328,8325,8323
735,8350,8369,8354,8368,8351,8357,8362,8358,8356,8355,8370
736,8388,8440,8397,8390,8407,8393,8395,8399,8400,8392,8434
737,8483,8473,8467,8452,8447,8445,8449,8451,8443,8450
738,8505,8491,8490,8508,8493,8487,8495,8520,8486,8488
739,8539,8531,8552,8525,8532,8529,8541,8533,8549,8523
740,8554,8574,8576,8570,8562,8566,8584,8583,8556,8582,8560
741,8603,8591,8585,8604,8607,8586,8590,8605,8602
742,8675,8663,8657,8665,8662,8655,8658,8667,8664,8654
743,8686,8681,8685,8678,8679
744,8697,8698,8696,8688,8689,8691,8692,8693,8694,8687
745,8705,8711,8729,8713,8730,8724,8720,8726,8721,8727,8719
746,8735
747,8737,8736
748,8739,8740,8742,8738
749,8745,8744,8743
750,8749,8753,8764,8750,8755,8759,8765,8754,8756,8769,8751
751,8791,8819,8810,8786,8792,8789,8813,8784,8818,8816
752,8847,8824,8826,8821,8828,8837,8848,8820,8822,8825
753,8871,8860,8882,8853,8861,8858,8862,8873,8879,8851
754,8884,8904,8908,8893,8916,8915,8886,8891,8894,8911,8912
755,8936,8923,8917,8937,8940,8918,8922,8938,8935
756,9013,9000,8994,9002,8999,8992,8995,9004,9001,8991
757,9024,9019,9023,9016,9017
758,9035,9036,9034,9026,9027,9029,9030,9031,9032,9025
759,9043,9049,9051,9067,9068,9058,9062,9059,9064,9065,9057
760,9073
761,9075,9074
762,9079,9077,9078,9081,9076
763,9088,9087,9086,9085
764,9099,9113,9092,9095,9091,9097,9094,9090,9098,9093
765,9136,9116,9125,9119,9115,9123,9118,9134,9139,9114
766,9141,9156,9142,9145,9146,9147,9163,9158,9151,9159,9148
767,9180,9183,9223,9190,9196,9217,9221,9201,9226,9193,9182
768,9253,9240,9234,9255,9235,9265,9238,9239,9242,9236
769,9276,9301,9289,9285,9270,9299,9271,9272,9274,9275
770,9324,9306,9307,9312,9311,9325,9328,9326,9323
771,9389,9401,9381,9383,9391,9384,9393,9390,9388,9380
772,9412,9407,9411,9405,9404
773,9423,9424,9422,9417,9414,9418,9419,9415,9420,9413
774,9431,9455,9456,9450,9437,9452,9453,9439,9446,9447,9445
775,9461
776,9463,9462
777,9464
778,9466,9465
779,9475,9473,9476,9470,9471,9477,9468,9469,9467
780,9482,9481,9483,9480,9479
781,9487,9488,9494,9492,9490,9493,9485,9486,9484
782,9499,9498,9500,9497,9496
783,9510,9507,9505,9506,9502,9503,9508,9501,9504,9509
784,9516,9540,9541,9538,9522,9524,9531,9532,9530,9517,9526
785,9564,9563,9551,9547,9546,9553,9550,9549,9548,9558
786,9574
787,9576,9575
788,9580,9578,9579,9582,9577
789,9589,9588,9587,9586
790,9592,9595,9599,9594,9597,9591
791,9628,9610,9613,9606,9611,9612,9622,9624,9603,9604
792,9630,9635,9657,9648,9656,9642,9660,9632,9639,9640,9637
793,9687,9671,9683,9676,9695,9692,9666,9674,9673,9664
794,9699,9708,9710,9707,9700,9720,9704,9705,9724,9718,9702
795,9726,9739,9734,9749,9747,9754,9732,9728,9735,9752,9736
796,9757,9761,9763,9760,9778,9758,9756,9759,9764
797,9780,9809,9812,9785,9782,9790,9789,9795,9806,9793,9791
798,9814,9818,9820,9817,9835,9815,9813,9816,9821
799,9837,9838,9841,9844,9842,9843,9847,9850,9853,9852,9858
800,9872,9881,9874,9877,9879,9883,9884,9901,9876,9906,9899
801,9951,9945,9931,9926,9961,9929,9922,9924,9923,9927
802,9982,9973,9968,9997,9971,9965,9969,9985,9964,9966
803,10016,10008,10029,10002,10009,10006,10018,10010,10026,10000
804,10031,10043,10053,10047,10039,10051,10061,10060,10033,10059,10037
805,10080,10068,10081,10084,10062,10063,10067,10082,10079
806,10152,10140,10134,10142,10139,10132,10135,10144,10141,10131
807,10163,10158,10162,10155,10156
808,10174,10175,10173,10165,10166,10168,10169,10170,10171,10164
809,10182,10188,10206,10190,10207,10201,10197,10203,10198,10204,10196
810,10212
811,10214,10213
812,10218,10216,10217,10220,10215
813,10227,10226,10225,10224
814,10229,10230,10233,10236,10234,10235,10239,10242,10245,10244,10250
815,10271,10297,10266,10272,10269,10295,10264,10289,10296,10294
816,10325,10306,10304,10324,10299,10302,10314,10318,10298,10300
817,10345,10336,10356,10330,10337,10334,10347,10338,10353,10328
818,10358,10371,10375,10366,10379,10387,10386,10360,10385,10364,10367
819,10406,10394,10388,10407,10410,10389,10393,10408,10405
820,10477,10465,10459,10467,10464,10457,10460,10469,10466,10456
821,10488,10483,10487,10480,10481
822,10499,10500,10498,10490,10491,10493,10494,10495,10496,10489
823,10507,10513,10531,10515,10532,10526,10522,10528,10523,10529,10521
824,10537
825,10539,10538
826,10543,10541,10542,10545,10540
827,10552,10551,10550,10549
828,10578,10579,10564,10561,10557,10563,10562,10572,10574,10554
829,10590,10582,10586,10599,10585,10588,10597,10603,10583,10581
830,10605,10606,10612,10609,10610,10611,10615,10621,10626,10607,10617
831,10640,10648,10646,10642,10652,10672,10643,10685,10645,10651,10675
832,10689,10710,10695,10712,10706,10718,10697,10691,10698,10721,10699
833,10723,10734,10744,10729,10740,10752,10735,10725,10731,10754,10742
834,10775,10757,10763,10758,10776,10779,10762,10777,10774
835,10850,10838,10830,10832,10840,10837,10833,10842,10839,10829
836,10861,10856,10860,10853,10854
837,10872,10873,10871,10863,10866,10867,10864,10868,10869,10862
838,10880,10904,10886,10905,10899,10888,10901,10902,10895,10896,10894
839,10910
840,10912,10911
841,10916,10914,10915,10918,10913
842,10925,10924,10923,10922
843,10927,10931,10948,10928,10932,10933,10942,10935,10950,10929,10937
844,10985,10952,10959,10953,10961,10972,10956,10958,10981,10964
845,10986,10995,11008,10988,10987,11006,10990,10992,11002,11017
846,11039,11020,11025,11021,11041,11038,11026,11040,11043
847,11105,11097,11100,11109,11106,11099,11107,11104,11096
848,11128,11124,11129,11122,11121
849,11140,11141,11139,11134,11135,11136,11131,11132,11137,11130
850,11148,11172,11173,11167,11169,11170,11154,11156,11163,11164,11162
851,11199,11187,11198,11195,11194,11202,11188,11189,11193,11178
852,11212,11221,11213,11215,11225,11214,11218,11203,11205,11204
853,11245,11228,11232,11244,11241,11229,11233,11243,11246
854,11301,11310,11302,11304,11314,11303,11307,11292,11294,11293
855,11334,11317,11321,11333,11330,11318,11322,11332,11335
856,11432,11395,11394,11428,11424,11396,11381,11383,11382,11386
857,11493,11454,11455,11485,11489,11453,11441,11440,11442,11446
858,11529,11499,11500,11506,11505,11528,11530,11527,11525
859,11627,11625,11629,11628,11617,11624,11621,11626,11616,11615
860,11630,11638,11634,11635,11637,11640,11643,11644,11642,11632,11639
861,11671,11665,11651,11672,11669,11666,11645,11646,11650,11663
862,11739,11746,11754,11741,11745,11743,11753,11750,11730,11731
863,11764,11766,11770,11767,11777,11772,11755,11757,11756,11758
864,11797,11780,11784,11796,11793,11781,11785,11795,11798
865,11844
866,11845
867,11846,11847,11849
868,11859,11862,11872,11863,11873,11861,11865,11867,11850,11852
869,11884,11888,11898,11886,11890,11891,11899,11895,11875,11876
870,11917,11900,11901,11905,11904,11918,11915,11913,11916
871,12015,11977,11978,12007,12011,11966,11964,11970,11972,11965
872,12023,12082,12075,12056,12050,12034,12032,12035,12036,12026,12074
873,12097,12099,12098,12084,12086,12090,12092,12126,12085,12089
874,12143,12174,12172,12154,12195,12176,12170,12152,12156,12146,12201
875,12210,12257,12205,12215,12217,12206,12208,12204,12296,12218
876,12350,12312,12346,12311,12340,12344,12342,12310,12297,12298
877,12356,12413,12385,12387,12367,12408,12383,12365,12368,12359,12407
878,12468,12470,12431,12430,12419,12417,12418,12423,12425,12422
879,12476,12528,12507,12503,12487,12485,12479,12488,12483,12489,12521
880,12580,12561,12538,12543,12548,12550,12539,12629,12537,12541
881,12656,12802,12793,12797,12633,12649,12653,12630,12731,12750
882,12827,12815,12874,12817,12809,12820,12877,12821,12807,12808
883,12881,12901,12889,12915,12907,12947,12883,12891,12913,12909,12917
884,12977,12955,12961,12978,12981,12956,12960,12979,12976
885,13088,13097,13096,13099,13093,13091,13101,13090,13094,13079
886,13125,13113,13118,13120,13128,13115,13119,13104,13105,13106
887,13146,13129,13133,13142,13145,13130,13134,13147,13144
888,13214,13202,13213,13210,13209,13217,13203,13204,13208,13193
889,13227,13236,13228,13230,13240,13229,13233,13218,13220,13219
890,13260,13243,13247,13259,13256,13244,13248,13258,13261
891,13358,13321,13320,13354,13350,13322,13307,13309,13308,13312
892,13419,13380,13381,13411,13415,13379,13366,13367,13368,13372
893,13455,13425,13426,13432,13431,13456,13453,13451,13454
894,13541
895,13542
896,13543,13544,13546
897,13556,13565,13557,13559,13569,13558,13562,13547,13549,13548
898,13593,13581,13592,13589,13588,13596,13582,13583,13587,13572
899,13614,13597,13602,13615,13612,13598,13601,13610,13613
900,13682,13670,13681,13678,13677,13685,13671,13672,13676,13661
901,13695,13704,13696,13698,13708,13697,13701,13686,13688,13687
902,13728,13711,13715,13727,13724,13712,13716,13726,13729
903,13796,13784,13795,13792,13791,13799,13785,13786,13790,13775
904,13809,13818,13810,13812,13822,13811,13815,13800,13802,13801
905,13842,13825,13829,13841,13838,13826,13830,13840,13843
906,13940,13903,13902,13932,13936,13904,13889,13891,13890,13894
907,13948,13997,13959,13960,13965,13990,13993,13951,13958,13971,13989
908,14013,14012,14014,13999,14000,14001,14004,14005,14006,14007
909,14058,14079,14068,14070,14075,14100,14103,14061,14069,14077,14081
910,14115,14161,14110,14120,14122,14111,14109,14113,14197,14123
911,14251,14212,14213,14243,14247,14211,14198,14199,14200,14204
912,14257,14304,14267,14268,14274,14299,14302,14260,14278,14306,14269
913,14322,14359,14361,14351,14355,14321,14323,14308,14309,14310
914,14367,14384,14409,14412,14370,14378,14377,14379,14388,14373,14375
915,14460,14442,14419,14424,14431,14429,14506,14420,14418,14422
916,14533,14678,14669,14673,14510,14526,14530,14507,14607,14626
917,14703,14691,14750,14693,14685,14696,14753,14697,14683,14684
918,14757,14777,14765,14791,14783,14823,14759,14767,14789,14820,14785
919,14853,14831,14837,14854,14857,14832,14836,14855,14852
920,14964,14958,14960,14966,14957,14956,14959,14955
921,14976,14971,14969,14972,14974,14980,14987,14986,14968,14970
922,14997,14989,14993,15006,14992,14995,15004,15010,14990,14988
923,15041,15044,15017,15014,15025,15022,15021,15029,15038,15012
924,15046,15050,15052,15049,15067,15047,15045,15048,15053
925,15069,15070,15073,15076,15074,15075,15079,15082,15085,15084,15090
926,15104,15113,15106,15109,15111,15115,15133,15131,15124,15116,15139
927,15154,15169,15160,15173,15166,15177,15165,15156,15162,15163,15185
928,15188,15203,15207,15194,15211,15221,15196,15197,15190,15220,15198
929,15240,15222,15227,15223,15239,15242,15228,15244,15241
930,15294,15334,15330,15335,15305,15306,15304,15297,15303,15331,15326
931,15369,15340,15363,15345,15379,15343,15337,15364,15341,15336
932,15398,15390,15411,15384,15391,15388,15400,15392,15408,15382
933,15413,15435,15425,15429,15421,15433,15443,15415,15441,15419,15422
934,15462,15450,15444,15463,15466,15445,15449,15464,15461
935,15553,15523,15548,15516,15524,15522,15513,15514,15539,15517
936,15570,15627,15556,15624,15569,15585,15592,15589,15555,15558
937,15628,15629,15635,15632,15633,15634,15638,15644,15649,15630,15640
938,15670,15672,15675,15665,15677,15683,15673,15663,15696,15668
939,15706,15708,15717,15721,15719,15709,15711,15699,15701,15725
940,15754,15735,15736,15740,15741,15753,15756,15758,15755
941,15813,15850,15854,15824,15855,15825,15823,15816,15822,15851,15846
942,15856,15880,15859,15885,15879,15862,15867,15860,15895,15908,15911
943,15949,15933,15961,15925,15931,15926,15927,15934,15929,15930
944,15962,15977,15973,15992,15986,15970,15975,15998,15978,15964,15968
945,16017,15999,16005,16018,16021,16000,16004,16019,16016
946,16085,16114,16077,16084,16109,16083,16074,16075,16078,16079
947,16129,16188,16119,16132,16185,16148,16155,16152,16116,16117
948,16209,16190,16194,16196,16193,16211,16191,16207,16205,16189
949,16222,16220,16218,16214,16217,16225,16215,16213,16216,16221
950,16251,16242,16237,16250,16256,16238,16243,16252,16258
951,16295,16330,16306,16334,16335,16298,16304,16305,16307,16332,16326
952,16339,16337,16338,16340,16336
953,16361,16342,16348,16345,16346,16363,16359,16343,16357,16341
954,16387,16374,16388,16372,16366,16369,16370,16377,16367,16365
955,16403,16395,16390,16394,16389,16404,16410,16402,16408
956,16458,16486,16450,16457,16456,16475,16477,16447,16448,16451
957,16503,16559,16502,16489,16556,16518,16525,16488,16491,16495
958,16582,16569,16587,16563,16568,16567,16578,16570,16584,16560
959,16588,16610,16597,16608,16614,16615,16591,16611,16595,16596,16612
960,16631,16622,16616,16632,16638,16617,16621,16636,16630
961,16682,16710,16700,16762,16699,16683,16689,16690,16698,16716,16717
962,16766,16818,16823,16824,16817,16820,16779,16815,16805,16821,16767
963,16825,16871,16876,16873,16875,16874,16836,16838,16870,16857,16826
964,16877,16925,16927,16926,16924,16921,16888,16908,16878,16881,16882
965,16928,16976,16977,16978,16972,16939,16975,16973,16971,16961,16929
966,16979,17021,17019,17013,17018,17015,16995,16997,17003,16988,16983
967,17022,17039,17041,17049,17053,17055,17027,17045,17029,17030,17024
968,17080,17074,17076,17086,17061,17088,17063,17064,17058,17056
969,17089,17090,17093,17095,17094,17096,17099,17102,17104,17105,17109
970,17139,17131,17140,17141,17124,17129,17126,17130,17145,17128
971,17164,17156,17165,17172,17167,17149,17151,17154,17155,17153
972,17174,17191,17179,17175,17189,17192,17178,17190,17187
973,17268,17272,17247,17273,17248,17246,17240,17245,17264,17237
974,17274,17291,17277,17306,17290,17292,17280,17275,17278,17285,17310
975,17349,17366,17343,17345,17348,17346,17350,17347,17351,17344
976,17391,17376,17388,17370,17372,17375,17371,17373,17377,17374
977,17413,17397,17402,17411,17414,17398,17401,17409,17412
978,17468,17492,17461,17467,17487,17466,17458,17459,17477,17462
979,17507,17560,17497,17510,17557,17525,17532,17529,17494,17495
980,17562,17568,17565,17566,17583,17563,17564,17561,17569,17578
981,17592,17589,17586,17590,17607,17595,17587,17585,17588,17593
982,17623,17609,17615,17610,17624,17614,17630,17622,17628
983,17667,17702,17678,17706,17707,17670,17676,17677,17679,17704,17698
984,17711,17709,17710,17712,17708
985,17714,17720,17735,17717,17718,17715,17721,17716,17713
986,17759,17744,17760,17738,17741,17742,17747,17739,17737,17745
987,17775,17761,17767,17776,17762,17782,17766,17774,17780
988,17830,17858,17822,17829,17828,17855,17847,17849,17819,17820
989,17875,17931,17874,17861,17928,17890,17860,17863,17897,17867
990,17954,17941,17959,17935,17940,17939,17950,17942,17956,17932
991,17960,17982,17969,17980,17986,17987,17963,17983,17967,17968,17984
992,18003,17988,17994,18004,18010,17989,17993,18008,18002
993,18054,18095,18152,18125,18119,18079,18124,18088,18070,18122,18120
994,18160,18177,18178,18221,18227,18210,18212,18163,18223,18226,18175
995,18231,18265,18267,18279,18282,18284,18244,18281,18283,18233,18235
996,18285,18333,18335,18334,18332,18316,18286,18329,18289,18290,18318
997,18336,18384,18386,18385,18380,18347,18383,18381,18349,18369,18337
998,18387,18429,18427,18421,18426,18423,18403,18405,18411,18396,18391
999,18430,18461,18447,18449,18457,18463,18435,18437,18438,18453,18432
1000,18488,18482,18484,18494,18469,18496,18471,18472,18466,18464
1001,18497
1002,18499,18498
1003,18500
1004,18502,18501
1005,18511,18509,18512,18506,18507,18513,18504,18505,18503
1006,18518,18517,18519,18516,18515
1007,18523,18524,18530,18528,18526,18529,18521,18522,18520
1008,18535,18534,18536,18533,18532
1009,18546,18543,18541,18542,18538,18539,18544,18537,18540,18545
1010,18552,18576,18577,18574,18558,18560,18567,18568,18566,18553,18562
1011,18600,18599,18587,18583,18582,18589,18586,18585,18584,18594
1012,18616,18613,18614,18617,18611,18618,18612,18615,18610
1013,18619
1014,18621,18620
1015,18622
1016,18624,18623
1017,18633,18631,18634,18628,18629,18635,18626,18627,18625
1018,18640,18639,18641,18638,18637
1019,18645,18646,18652,18650,18648,18651,18643,18644,18642
1020,18657,18656,18658,18655,18654
1021,18668,18665,18663,18664,18660,18661,18666,18659,18662,18667
1022,18674,18698,18699,18696,18680,18682,18689,18690,18688,18675,18684
1023,18722,18721,18709,18705,18704,18711,18708,18707,18706,18716
1024,18738,18735,18736,18739,18733,18740,18734,18737,18732
1025,18741
1026,18743,18742
1027,18744
1028,18746,18745
1029,18755,18753,18756,18750,18751,18757,18748,18749,18747
1030,18762,18761,18763,18760,18759
1031,18772,18770,18773,18767,18768,18774,18765,18766,18764
1032,18779,18778,18780,18777,18776
1033,18781,18787,18790,18788,18794,18783,18785,18791,18784,18782,18789
1034,18802,18800,18809,18797,18806,18804,18818,18825,18796,18798
1035,18844,18843,18831,18827,18833,18830,18829,18838,18853,18826
1036,18854
1037,18856,18855
1038,18857
1039,18859,18858
1040,18868,18866,18869,18863,18864,18870,18861,18862,18860
1041,18875,18874,18876,18873,18872
1042,18885,18883,18886,18880,18881,18887,18878,18879,18877
1043,18892,18891,18893,18890,18889
1044,18894,18900,18903,18901,18907,18896,18898,18904,18897,18902,18895
1045,18915,18913,18922,18910,18919,18917,18931,18938,18909,18911
1046,18957,18956,18944,18940,18946,18943,18942,18951,18966,18939
1047,18967
1048,18969,18968
1049,18970
1050,18972,18971
1051,18981,18979,18982,18976,18977,18983,18974,18975,18973
1052,18988,18987,18989,18986,18985
1053,18998,18996,18999,18993,18994,19000,18991,18992,18990
1054,19005,19004,19006,19003,19002
1055,19016,19013,19011,19017,19009,19014,19020,19008,19012,19007
1056,19028,19030,19044,19023,19032,19026,19035,19051,19022,19024
1057,19070,19069,19057,19053,19059,19056,19055,19064,19079,19052
1058,19080
1059,19082,19081
1060,19083
1061,19085,19084
1062,19094,19092,19095,19089,19090,19096,19087,19088,19086
1063,19101,19100,19102,19099,19098
1064,19111,19109,19112,19106,19107,19113,19104,19105,19103
1065,19118,19117,19119,19116,19115
1066,19129,19130,19126,19124,19125,19121,19122,19127,19133,19120
1067,19157,19141,19143,19136,19145,19139,19148,19164,19135,19137
1068,19183,19182,19170,19166,19172,19169,19168,19177,19192,19165
1069,19193
1070,19195,19194
1071,19196
1072,19198,19197
1073,19207,19205,19208,19202,19203,19209,19200,19201,19199
1074,19214,19213,19215,19212,19211
1075,19224,19222,19225,19219,19220,19226,19217,19218,19216
1076,19231,19230,19232,19229,19228
1077,19239,19242,19240,19235,19237,19236,19234,19241,19233,19238
1078,19248,19263,19264,19254,19262,19272,19273,19252,19261,19249,19258
1079,19296,19295,19283,19278,19279,19285,19280,19282,19281,19284
1080,19306
1081,19308,19307
1082,19309
1083,19311,19310
1084,19320,19318,19321,19315,19316,19322,19313,19314,19312
1085,19327,19326,19328,19325,19324
1086,19337,19335,19338,19332,19333,19339,19330,19331,19329
1087,19344,19343,19345,19342,19341
1088,19352,19355,19353,19348,19350,19349,19354,19347,19346,19351
1089,19361,19376,19377,19367,19375,19385,19386,19365,19374,19362,19371
1090,19409,19408,19396,19391,19392,19393,19398,19395,19394,19397
1091,19419
1092,19421,19420
1093,19422
1094,19424,19423
1095,19433,19431,19434,19428,19429,19435,19426,19427,19425
1096,19440,19439,19441,19438,19437
1097,19450,19448,19451,19445,19446,19452,19443,19444,19442
1098,19457,19456,19458,19455,19454
1099,19468,19465,19463,19461,19466,19460,19464,19459,19462,19467
1100,19474,19498,19499,19480,19489,19490,19488,19482,19496,19475,19484
1101,19522,19521,19509,19505,19511,19504,19508,19507,19506,19516
1102,19532
1103,19534,19533
1104,19535
1105,19537,19536
1106,19546,19544,19547,19541,19542,19548,19539,19540,19538
1107,19553,19552,19554,19551,19550
1108,19563,19561,19564,19558,19559,19565,19556,19557,19555
1109,19570,19569,19571,19568,19567
1110,19581,19578,19576,19577,19573,19574,19579,19572,19575,19580
1111,19587,19611,19612,19609,19593,19595,19602,19603,19601,19588,19597
1112,19635,19634,19622,19618,19624,19617,19621,19620,19619,19629
1113,19645
1114,19647,19646
1115,19648
1116,19650,19649
1117,19659,19657,19660,19654,19655,19661,19652,19653,19651
1118,19666,19665,19667,19664,19663
1119,19676,19674,19677,19671,19672,19678,19669,19670,19668
1120,19683,19682,19684,19681,19680
1121,19691,19694,19692,19687,19689,19688,19686,19693,19685,19690
1122,19700,19715,19716,19706,19714,19724,19725,19704,19713,19701,19710
1123,19748,19747,19735,19730,19731,19737,19732,19734,19733,19736
1124,19764,19761,19759,19762,19765,19766,19760,19763,19758
1125,19767
1126,19769,19768
1127,19770
1128,19772,19771
1129,19781,19779,19782,19776,19777,19783,19774,19775,19773
1130,19788,19787,19789,19786,19785
1131,19798,19796,19799,19793,19794,19800,19791,19792,19790
1132,19805,19804,19806,19803,19802
1133,19816,19813,19811,19812,19808,19809,19814,19807,19810,19815
1134,19822,19846,19847,19844,19828,19830,19837,19838,19836,19823,19832
1135,19870,19869,19857,19853,19859,19852,19856,19855,19854,19864
1136,19886,19883,19884,19887,19881,19888,19882,19885,19880
1137,19889
1138,19891,19890
1139,19892
1140,19894,19893
1141,19903,19901,19904,19898,19899,19905,19896,19897,19895
1142,19910,19909,19911,19908,19907
1143,19920,19918,19921,19915,19916,19922,19913,19914,19912
1144,19927,19926,19928,19925,19924
1145,19938,19935,19933,19931,19936,19930,19934,19929,19932,19937
1146,19944,19968,19969,19950,19959,19960,19958,19952,19966,19945,19954
1147,19992,19991,19979,19975,19981,19974,19978,19977,19976,19986
1148,20008,20005,20006,20009,20003,20010,20004,20007,20002
1149,20011
1150,20013,20012
1151,20014
1152,20016,20015
1153,20025,20023,20026,20020,20021,20027,20018,20019,20017
1154,20032,20031,20033,20030,20029
1155,20042,20040,20043,20037,20038,20044,20035,20036,20034
1156,20049,20048,20050,20047,20046
1157,20057,20060,20058,20053,20055,20054,20059,20052,20051,20056
1158,20066,20081,20082,20072,20080,20090,20091,20070,20079,20067,20076
1159,20114,20113,20101,20096,20097,20098,20103,20100,20099,20102
1160,20130,20127,20125,20128,20131,20132,20126,20129,20124
1161,20133
1162,20135,20134
1163,20136
1164,20138,20137
1165,20147,20145,20148,20142,20143,20149,20140,20141,20139
1166,20154,20153,20155,20152,20151
1167,20164,20162,20165,20159,20160,20166,20157,20158,20156
1168,20171,20170,20172,20169,20168
1169,20179,20182,20180,20175,20177,20176,20174,20181,20173,20178
1170,20188,20203,20204,20194,20202,20212,20213,20192,20201,20189,20198
1171,20236,20235,20223,20218,20219,20225,20220,20222,20221,20224
1172,20252,20249,20247,20250,20253,20254,20248,20251,20246
1173,20255
1174,20257,20256
1175,20258
1176,20260,20259
1177,20269,20267,20270,20264,20265,20271,20262,20263,20261
1178,20276,20275,20277,20274,20273
1179,20286,20284,20287,20281,20282,20288,20279,20280,20278
1180,20293,20292,20294,20291,20290
1181,20304,20301,20299,20300,20296,20297,20302,20295,20298,20303
1182,20310,20334,20335,20332,20316,20318,20325,20326,20324,20311,20320
1183,20358,20357,20345,20341,20347,20340,20344,20343,20342,20352
1184,20374,20371,20372,20375,20369,20376,20370,20373,20368
1185,20377
1186,20379,20378
1187,20380
1188,20382,20381
1189,20391,20389,20392,20386,20387,20393,20384,20385,20383
1190,20398,20397,20399,20396,20395
1191,20408,20406,20409,20403,20404,20410,20401,20402,20400
1192,20415,20414,20416,20413,20412
1193,20426,20423,20421,20419,20424,20418,20422,20417,20420,20425
1194,20432,20456,20457,20438,20447,20448,20446,20440,20454,20433,20442
1195,20480,20479,20467,20463,20469,20462,20466,20465,20464,20474
1196,20496,20493,20494,20497,20491,20498,20492,20495,20490
1197,20499
1198,20501,20500
1199,20502
1200,20504,20503
1201,20513,20511,20514,20508,20509,20515,20506,20507,20505
1202,20520,20519,20521,20518,20517
1203,20530,20528,20531,20525,20526,20532,20523,20524,20522
1204,20537,20536,20538,20535,20534
1205,20545,20548,20546,20541,20543,20542,20547,20540,20539,20544
1206,20554,20569,20570,20560,20568,20578,20579,20558,20567,20555,20564
1207,20602,20601,20589,20584,20585,20586,20591,20588,20587,20590
1208,20618,20615,20613,20616,20619,20620,20614,20617,20612
1209,20621
1210,20625,20628,20624,20627,20636,20623,20626,20629,20638,20622
1211,20645,20642,20643,20641,20640
1212,20646
1213,20648,20647
1214,20652,20650,20649
1215,20656,20654,20655
1216,20661,20662,20664,20660
1217,20667,20669,20671,20676,20681,20665,20675,20682,20666,20668
1218,20685,20686,20688,20683,20684
1219,20703,20689,20701,20692,20695,20725,20700,20702,20690,20694
1220,20732,20730,20733,20739,20727,20729,20731,20726
1221,20745,20748,20751,20746,20750,20752,20744,20743
1222,20753,20763,20762,20764,20757,20758,20759,20754,20755,20760,20769
1223,20771,20796,20792,20793,20777,20779,20772,20781,20775,20784,20800
1224,20807,20803,20829,20808,20804,20818,20801,20806,20802,20805
1225,20837,20833,20841,20838,20831,20834,20835,20842,20830,20832
1226,20843,20886,20859,20851,20865,20845,20856,20894,20855,20874,20881
1227,20897,20932,20910,20930,20950,20900,20906,20905,20928,20933,20904
1228,20983,21014,21043,20995,21035,20986,21006,20990,20991,21017,21019
1229,21091,21073,21066,21070,21072,21074,21065,21089,21094,21093
1230,21210
1231,21212,21211
1232,21216,21214,21213
1233,21220,21218,21219
1234,21227,21230,21226,21229,21238,21225,21228,21231,21240,21224
1235,21247,21244,21245,21243,21242
1236,21257,21254,21249,21252,21253,21250,21255,21248,21251,21256
1237,21263,21287,21269,21288,21285,21271,21278,21279,21277,21264,21273
1238,21293
1239,21295,21294
1240,21299,21297,21298,21300,21296
1241,21303,21301,21302
1242,21307,21322,21310,21313,21309,21312,21321,21308,21311,21314,21323
1243,21330,21327,21328,21325,21326
1244,21340,21332,21333,21337,21338,21335,21336,21331,21334,21339
1245,21346,21352,21354,21361,21370,21362,21371,21368,21360,21347,21356
1246,21376
1247,21378,21377
1248,21382,21380,21381,21384,21379
1249,21391,21390,21389,21388
1250,21408,21396,21397,21400,21409,21394,21395,21398,21407,21393
1251,21414,21413,21416,21412,21411
1252,21426,21418,21423,21419,21421,21422,21424,21417,21420,21425
1253,21432,21456,21438,21457,21454,21440,21447,21448,21446,21433,21442
1254,21462
1255,21464,21463
1256,21468,21466,21467,21470,21465
1257,21477,21476,21475,21474
1258,21501,21488,21482,21493,21480,21487,21483,21495,21489,21479
1259,21511,21506,21510,21503,21504
1260,21521,21513,21514,21518,21519,21516,21517,21512,21515,21520
1261,21530,21536,21538,21545,21554,21546,21555,21552,21544,21531,21540
1262,21560
1263,21562,21561
1264,21565,21564,21563
1265,21587,21589,21592,21569,21577,21567,21570,21576,21566
1266,21639,21640,21637,21620,21622,21595,21598,21599,21594,21625
1267,21641,21693,21672,21653,21674,21688,21651,21691,21694,21652,21649
1268,21695,21725,21727,21743,21733,21729,21703,21744,21723,21748,21706
1269,21750,21763,21759,21760,21768,21753,21771,21772,21758,21761,21770
1270,21781,21777,21779,21778,21776,21780,21775,21774,21773
1271,21782
1272,21784,21783
1273,21788,21786,21787,21790,21785
1274,21797,21796,21795,21794
1275,21799,21814,21802,21807,21803,21806,21815,21800,21801,21804,21813
1276,21820,21819,21822,21817,21818
1277,21832,21824,21825,21829,21827,21828,21830,21823,21826,21831
1278,21838,21844,21846,21862,21853,21863,21860,21854,21852,21839,21848
1279,21868
1280,21870,21869
1281,21874,21872,21873,21876,21871
1282,21883,21882,21881,21880
1283,21885,21900,21888,21891,21887,21890,21899,21886,21889,21892,21901
1284,21908,21905,21906,21903,21904
1285,21918,21910,21911,21915,21916,21913,21914,21909,21912,21917
1286,21924,21930,21932,21939,21948,21940,21949,21946,21938,21925,21934
1287,21954
1288,21956,21955
1289,21960,21958,21959,21962,21957
1290,21969,21968,21967,21966
1291,21986,21974,21975,21978,21987,21972,21973,21976,21985,21971
1292,21992,21991,21994,21989,21990
1293,22004,21996,22001,21997,21999,22000,22002,21995,21998,22003
1294,22010,22016,22034,22035,22032,22018,22025,22026,22024,22011,22020
1295,22040
1296,22042,22041
1297,22046,22044,22045,22048,22043
1298,22055,22054,22053,22052
1299,22079,22066,22060,22071,22058,22065,22061,22073,22067,22057
1300,22089,22084,22088,22081,22082
1301,22099,22091,22092,22096,22097,22094,22095,22090,22093,22098
1302,22108,22114,22116,22123,22132,22124,22133,22130,22122,22109,22118
1303,22138
1304,22140,22139
1305,22141
1306,22143,22142
1307,22152,22150,22153,22147,22148,22154,22145,22146,22144
1308,22159,22158,22160,22157,22156
1309,22169,22167,22170,22164,22165,22171,22162,22161,22163
1310,22176,22175,22177,22174,22173
1311,22184,22187,22185,22180,22182,22181,22179,22186,22178,22183
1312,22193,22208,22209,22199,22207,22217,22218,22197,22206,22194,22203
1313,22241,22240,22228,22223,22224,22225,22230,22227,22226,22229
1314,22251
1315,22253,22252
1316,22254
1317,22256,22255
1318,22265,22263,22266,22260,22261,22267,22258,22259,22257
1319,22272,22271,22273,22270,22269
1320,22282,22280,22283,22277,22278,22284,22275,22274,22276
1321,22289,22288,22290,22287,22286
1322,22291,22297,22300,22298,22304,22293,22295,22301,22294,22292,22299
1323,22312,22310,22319,22307,22316,22314,22328,22335,22306,22308
1324,22354,22353,22341,22337,22343,22340,22339,22348,22363,22336
1325,22364
1326,22366,22365
1327,22367
1328,22369,22368
1329,22378,22376,22379,22373,22374,22380,22371,22370,22372
1330,22385,22384,22386,22383,22382
1331,22395,22393,22396,22390,22391,22397,22388,22387,22389
1332,22402,22401,22403,22400,22399
1333,22404,22410,22413,22411,22417,22406,22408,22414,22407,22405,22412
1334,22425,22423,22432,22420,22429,22427,22441,22448,22419,22421
1335,22467,22466,22454,22450,22456,22453,22452,22461,22476,22449
1336,22477
1337,22479,22478
1338,22480
1339,22482,22481
1340,22491,22489,22492,22486,22487,22493,22484,22485,22483
1341,22498,22497,22499,22496,22495
1342,22508,22506,22509,22503,22504,22510,22501,22502,22500
1343,22515,22514,22516,22513,22512
1344,22523,22526,22524,22519,22530,22521,22527,22520,22518,22517
1345,22538,22536,22545,22533,22542,22540,22554,22561,22532,22534
1346,22580,22579,22567,22563,22569,22566,22565,22574,22589,22562
1347,22590
1348,22592,22591
1349,22593
1350,22595,22594
1351,22604,22602,22605,22599,22600,22606,22597,22598,22596
1352,22611,22610,22612,22609,22608
1353,22621,22619,22622,22616,22617,22623,22614,22615,22613
1354,22628,22627,22629,22626,22625
1355,22630,22636,22639,22637,22643,22632,22634,22640,22633,22631,22638
1356,22651,22649,22658,22646,22655,22653,22667,22674,22645,22647
1357,22693,22692,22680,22676,22682,22679,22678,22687,22702,22675
1358,22703
1359,22705,22704
1360,22706
1361,22708,22707
1362,22717,22715,22718,22712,22713,22719,22710,22709,22711
1363,22724,22723,22725,22722,22721
1364,22734,22732,22735,22729,22730,22736,22727,22726,22728
1365,22741,22740,22742,22739,22738
1366,22749,22752,22750,22745,22747,22746,22744,22751,22743,22748
1367,22758,22773,22774,22764,22772,22782,22783,22762,22771,22759,22768
1368,22806,22805,22793,22788,22789,22790,22795,22792,22791,22794
1369,22816
1370,22818,22817
1371,22819
1372,22821,22820
1373,22830,22828,22831,22825,22826,22832,22823,22824,22822
1374,22837,22836,22838,22835,22834
1375,22847,22845,22848,22842,22843,22849,22840,22841,22839
1376,22854,22853,22855,22852,22851
1377,22862,22865,22863,22858,22860,22859,22857,22856,22864,22861
1378,22871,22886,22877,22887,22885,22895,22896,22875,22884,22872,22881
1379,22919,22918,22906,22901,22902,22908,22903,22905,22904,22907
1380,22929
1381,22931,22930
1382,22932
1383,22934,22933
1384,22943,22941,22944,22938,22939,22945,22936,22937,22935
1385,22950,22949,22951,22948,22947
1386,22960,22958,22961,22955,22956,22962,22953,22954,22952
1387,22967,22966,22968,22965,22964
1388,22975,22978,22976,22971,22973,22972,22970,22977,22969,22974
1389,22984,22999,22990,23000,22998,23008,23009,22988,22997,22985,22994
1390,23032,23031,23019,23014,23015,23016,23021,23018,23017,23020
1391,23042
1392,23044,23043
1393,23045
1394,23047,23046
1395,23056,23054,23057,23051,23052,23058,23049,23050,23048
1396,23063,23062,23064,23061,23060
1397,23073,23071,23074,23068,23069,23075,23066,23067,23065
1398,23080,23079,23081,23078,23077
1399,23088,23091,23089,23084,23086,23085,23083,23090,23082,23087
1400,23097,23112,23103,23113,23111,23121,23122,23101,23110,23098,23107
1401,23145,23144,23132,23127,23128,23129,23134,23131,23130,23133
1402,23161,23158,23156,23159,23162,23163,23157,23160,23155
1403,23164
1404,23166,23165
1405,23167
1406,23169,23168
1407,23178,23176,23179,23173,23174,23180,23171,23172,23170
1408,23185,23184,23186,23183,23182
1409,23195,23193,23196,23190,23191,23197,23188,23189,23187
1410,23202,23201,23203,23200,23199
1411,23210,23213,23211,23206,23208,23207,23205,23204,23212,23209
1412,23219,23234,23225,23235,23233,23243,23244,23223,23232,23220,23229
1413,23267,23266,23254,23249,23250,23256,23251,23253,23252,23255
1414,23283,23280,23278,23281,23284,23285,23279,23282,23277
1415,23286
1416,23288,23287
1417,23289
1418,23291,23290
1419,23300,23298,23301,23295,23296,23302,23293,23292,23294
1420,23307,23306,23308,23305,23304
1421,23317,23315,23318,23312,23313,23319,23310,23309,23311
1422,23324,23323,23325,23322,23321
1423,23332,23335,23333,23328,23330,23329,23327,23334,23326,23331
1424,23341,23356,23357,23347,23355,23365,23366,23345,23354,23342,23351
1425,23389,23388,23376,23371,23372,23373,23378,23375,23374,23377
1426,23405,23402,23400,23403,23406,23407,23401,23404,23399
1427,23408
1428,23410,23409
1429,23411
1430,23413,23412
1431,23422,23420,23423,23417,23418,23424,23415,23416,23414
1432,23429,23428,23430,23427,23426
1433,23439,23437,23440,23434,23435,23441,23432,23431,23433
1434,23446,23445,23447,23444,23443
1435,23454,23457,23455,23450,23452,23451,23449,23456,23448,23453
1436,23463,23478,23479,23469,23477,23487,23488,23467,23476,23464,23473
1437,23511,23510,23498,23493,23494,23495,23500,23497,23496,23499
1438,23527,23524,23522,23525,23528,23529,23523,23526,23521
1439,23530
1440,23532,23531
1441,23533
1442,23535,23534
1443,23544,23542,23545,23539,23540,23546,23537,23538,23536
1444,23551,23550,23552,23549,23548
1445,23561,23559,23562,23556,23557,23563,23554,23555,23553
1446,23568,23567,23569,23566,23565
1447,23576,23579,23577,23572,23574,23573,23571,23578,23570,23575
1448,23585,23600,23591,23601,23599,23609,23610,23589,23598,23586,23595
1449,23633,23632,23620,23615,23616,23617,23622,23619,23618,23621
1450,23649,23646,23644,23647,23650,23651,23645,23648,23643
1451,23652
1452,23654,23653
1453,23655
1454,23657,23656
1455,23666,23664,23667,23661,23662,23668,23659,23660,23658
1456,23673,23672,23674,23671,23670
1457,23683,23681,23684,23678,23679,23685,23676,23677,23675
1458,23690,23689,23691,23688,23687
1459,23698,23701,23699,23694,23696,23695,23693,23692,23700,23697
1460,23707,23722,23713,23723,23721,23731,23732,23711,23720,23708,23717
1461,23755,23754,23742,23737,23738,23744,23739,23741,23740,23743
1462,23771,23768,23766,23769,23772,23773,23767,23770,23765
1463,23774
1464,23776,23775
1465,23777
1466,23779,23778
1467,23788,23786,23789,23783,23784,23790,23781,23780,23782
1468,23795,23794,23796,23793,23792
1469,23805,23803,23806,23800,23801,23807,23798,23797,23799
1470,23812,23811,23813,23810,23809
1471,23820,23823,23821,23816,23818,23817,23815,23822,23814,23819
1472,23829,23844,23845,23835,23843,23853,23854,23833,23842,23830,23839
1473,23877,23876,23864,23859,23860,23861,23866,23863,23862,23865
1474,23893,23890,23888,23891,23894,23895,23889,23892,23887
1475,23896
1476,23898,23897
1477,23899
1478,23901,23900
1479,23910,23908,23911,23905,23906,23912,23903,23904,23902
1480,23917,23916,23918,23915,23914
1481,23927,23925,23928,23922,23923,23929,23920,23919,23921
1482,23934,23933,23935,23932,23931
1483,23942,23945,23943,23938,23940,23939,23937,23944,23936,23941
1484,23951,23966,23967,23957,23965,23975,23976,23955,23964,23952,23961
1485,23999,23998,23986,23981,23982,23983,23988,23985,23984,23987
1486,24015,24012,24010,24013,24016,24017,24011,24014,24009
1487,24018
1488,24019
1489,24021,24020
1490,24043,24029,24042,24040,24041,24022,24023,24027,24028,24025
1491,24051,24065,24062,24044,24046,24049,24045,24048,24050,24047
1492,24081,24066,24070,24080,24077,24067,24071,24079,24082
1493,24126,24117,24118,24119,24122,24123,24120,24121,24124,24125
1494,24142,24145,24146,24143,24147,24133,24134,24135,24138,24139
1495,24166,24149,24154,24164,24167,24150,24153,24162,24165
1496,24204,24217,24240,24212,24206,24208,24253,24218,24210,24245,24249
1497,24261,24312,24274,24297,24301,24269,24308,24285,24265,24263,24267
1498,24348,24325,24319,24349,24346,24324,24318,24344,24347
1499,24432
1500,24433
1501,24434,24435,24437
1502,24438
1503,24440,24439
1504,24441
1505,24443,24442
1506,24450,24448,24451,24445,24444,24447,24449,24452
1507,24453
1508,24454
1509,24455,24456,24458
1510,24462,24460,24461,24463,24459
1511,24464,24488,24471,24474,24480,24470,24465,24467,24469,24466,24487
1512,24489,24495,24506,24490,24493,24499,24505,24497,24504,24503,24507
1513,24514,24509,24516,24512,24518,24523,24508,24510,24513,24511
1514,24543,24531,24527,24542,24539,24528,24532,24541,24544
1515,24580
1516,24582,24581
1517,24583
1518,24585,24584
1519,24592,24590,24593,24587,24586,24589,24591,24594
1520,24595
1521,24596
1522,24597,24598,24600
1523,24604,24602,24603,24605,24601
1524,24606,24630,24613,24616,24622,24612,24607,24609,24611,24608,24629
1525,24631
1526,24633,24632
1527,24634
1528,24636,24635
1529,24643,24641,24644,24638,24637,24640,24642,24645
1530,24646
1531,24647
1532,24648,24649,24651
1533,24655,24653,24654,24656,24652
1534,24657,24681,24664,24667,24673,24663,24658,24660,24662,24659,24680
1535,24703,24689,24702,24700,24701,24682,24683,24687,24688,24685
1536,24711,24725,24722,24704,24706,24709,24705,24708,24710,24707
1537,24741,24726,24730,24740,24737,24727,24731,24739,24742
1538,24777,24800,24794,24798,24799,24782,24792,24802,24778,24787,24781
1539,24851,24853,24854,24822,24811,24837,24812,24815,24816,24841
1540,24855,24878,24872,24876,24877,24860,24870,24865,24856,24859,24871
1541,24932,24912,24900,24889,24908,24890,24915,24893,24894,24896
1542,24939,24943,24945,25010,24979,24934,24935,24944,24933,24937
1543,25011,25032,25033,25016,25026,25036,25029,25012,25041,25015,25021
1544,25085,25087,25064,25068,25056,25082,25078,25080,25045,25052
1545,25089,25110,25111,25094,25104,25107,25090,25099,25119,25093,25102
1546,25165,25134,25156,25158,25146,25123,25135,25124,25126,25130
1547,25188,25177,25179,25173,25193,25168,25244,25169,25178,25167
1548,25390,25351,25399,25349,25394,25270,25245,25248,25263,25267
1549,25425,25412,25414,25406,25470,25417,25473,25418,25404,25405
1550,25477,25498,25485,25479,25512,25487,25504,25542,25510,25539,25506
1551,25572,25550,25556,25573,25576,25551,25555,25574,25571
1552,25694,25696,25699,25676,25684,25674,25677,25683,25673
1553,25704,25701,25702
1554,25710,25739,25736,25730,25715,25731,25711,25716,25714,25724,25746
1555,25748,25777,25768,25774,25773,25771,25776,25749,25752,25754,25762
1556,25786,25787,25807,25804,25808,25810,25791,25792,25806,25803,25801
1557,25872,25914,25938,25939,25884,25873,25893,25896,25876,25877,25900
1558,25946,25964,26012,25988,26013,25994,25947,25958,26019,25970,25969
1559,26047,26021,26045,26025,26026,26046,26041,26039,26020
1560,26151,26199,26164,26161,26152,26171,26200,26155,26156,26170,26187
1561,26231,26214,26202,26211,26216,26249,26205,26206,26201,26204
1562,26274,26256,26252,26257,26267,26273,26251,26269,26275
1563,26385,26393,26351,26357,26346,26350,26378,26384,26345,26348
1564,26406,26453,26454,26407,26412,26441,26418,26447,26411,26439,26445
1565,26473,26493,26492,26487,26467,26468,26472,26485,26491
1566,26580,26608,26601,26585,26607,26625,26581,26594,26586,26593,26628
1567,26643,26682,26664,26648,26670,26688,26644,26704,26649,26657,26666
1568,26713,26736,26737,26707,26712,26734,26732,26735,26706
1569,26826,26877,26865,26844,26831,26827,26841,26832,26871,26840,26849
1570,26892,26908,26893,26897,26937,26956,26898,26907,26954,26940,26948
1571,26988,26964,26989,26959,26965,26985,26990,26987,26958
1572,27084,27136,27124,27090,27085,27099,27089,27102,27107,27098,27133
1573,27151,27210,27167,27152,27157,27216,27200,27156,27166,27197,27214
1574,27219,27248,27224,27225,27249,27250,27245,27247,27218
1575,27345,27400,27388,27346,27361,27364,27350,27351,27360,27369,27394
1576,27416,27479,27417,27433,27432,27481,27421,27422,27473,27477,27465
1577,27488,27518,27493,27494,27519,27520,27515,27517,27487
1578,27653,27622,27624,27625,27630,27635,27621
1579,27667,27658,27661,27657,27665,27660,27676,27681,27656,27659
1580,27717,27720,27693,27697,27691,27689,27685,27694,27714,27683
1581,27721,27743,27728,27739,27733,27753,27750,27723,27731,27730,27732
1582,27757,27773,27761,27784,27775,27763,27783,27758,27765,27785,27759
1583,27788,27817,27790,27793,27851,27813,27819,27797,27818,27821,27823
1584,27894,27897,27868,27865,27873,27872,27875,27891,27874,27863
1585,27910,27935,27905,27903,27899,27907,27925,27937,27900,27898
1586,27940,27963,27958,27965,27953,27979,27972,27948,27942,27946,27949
1587,27992,28015,28010,28005,28013,28031,28000,28024,28043,27994,28034
1588,28044,28091,28045,28057,28059,28048,28049,28058,28060,28062,28114
1589,28169,28141,28160,28162,28132,28135,28133,28136,28137,28140
1590,28208,28209,28180,28199,28201,28206,28198,28172,28171,28181
1591,28232,28210,28216,28233,28227,28211,28215,28225,28231
1592,28321,28322,28294,28307,28301,28291,28295,28315,28290,28293
1593,28335,28359,28367,28339,28352,28336,28358,28346,28340,28354,28360
1594,28404,28386,28399,28405,28381,28385,28380,28397,28403
1595,28474,28502,28479,28495,28501,28475,28518,28488,28480,28487,28521
1596,28536,28574,28541,28557,28563,28537,28580,28596,28542,28550,28559
1597,28605,28628,28599,28629,28604,28626,28624,28627,28598
1598,28717,28768,28756,28735,28722,28718,28732,28723,28762,28731,28740
1599,28783,28799,28784,28788,28828,28847,28789,28798,28845,28831,28839
1600,28879,28855,28850,28880,28856,28876,28881,28878,28849
1601,28975,29027,29015,28981,28976,28990,28980,28993,28998,28989,29024
1602,29042,29101,29058,29043,29048,29107,29091,29047,29057,29088,29105
1603,29110,29139,29115,29116,29140,29141,29136,29138,29109
1604,29236,29291,29279,29237,29252,29255,29241,29242,29251,29260,29285
1605,29307,29370,29308,29324,29323,29372,29312,29313,29364,29368,29356
1606,29379,29409,29384,29385,29410,29411,29406,29408,29378
1607,29513,29523,29525,29521,29515,29516,29526,29524,29512
1608,29597,29558,29559,29548,29547,29550,29557,29579,29584,29590
1609,29598,29603,29631,29628,29629,29632,29630,29646,29602,29605,29627
1610,29657,29679,29678,29656,29655,29659,29665,29702,29705,29652
1611,29716,29745,29710,29720,29719,29722,29706,29707,29711,29721
1612,29805,29844,29834,29836,29799,29806,29804,29796,29797,29800
1613,29846,29875,29895,29894,29855,29892,29884,29886,29868,29870,29874
1614,29918,29896,29902,29919,29913,29897,29901,29911,29917
1615,29987,30037,30039,29993,30020,30043,29988,30002,29994,30028,30001
1616,30061,30083,30113,30101,30067,30094,30117,30100,30062,30133,30068
1617,30167,30136,30141,30142,30166,30162,30164,30165,30135
1618,30269,30288,30316,30294,30270,30284,30274,30275,30299,30283,30322
1619,30343,30362,30368,30344,30372,30415,30348,30349,30358,30370,30373
1620,30418,30447,30449,30423,30424,30448,30444,30446,30417
1621,30588,30563,30552,30566,30555,30556,30571,30551,30554,30562
1622,30603,30604,30615,30620,30651,30618,30622,30607,30608,30623,30621
1623,30661,30680,30681,30675,30656,30655,30660,30673,30679
1624,30796,30772,30773,30763,30779,30770,30760,30764,30759,30762
1625,30840,30835,30808,30805,30815,30809,30845,30804,30807,30814
1626,30873,30855,30850,30854,30868,30874,30849,30866,30872
1627,30957,30948,30945,30951,30950,30969,30965,30972,30943,30944
1628,31011,31002,30974,30977,30983,30978,30975,31016,30973,30976
1629,31023,31024,31027,31020,31021,31022,31028
1630,31034,31036,31046,31041,31068,31045,31040,31065,31067,31066,31075
1631,31077,31079,31089,31083,31110,31088,31086,31108,31111,31087,31100
1632,31120,31131,31132,31159,31124,31136,31121,31126,31127,31150,31147
1633,31224,31256,31267,31273,31247,31231,31282,31287,31244,31248,31249
1634,31356,31340,31346,31337,31420,31430,31331,31368,31328,31329
1635,31437,31462,31455,31461,31432,31433,31438,31457,31463
1636,31609,31656,31657,31667,31659,31663,31647,31616,31674,31610,31624
1637,31689,31710,31717,31736,31737,31747,31739,31743,31745,31728,31696
1638,31801,31770,31799,31775,31776,31800,31796,31798,31769
1639,31909,31957,31935,31910,31924,31923,31914,31915,31940,31963,31966
1640,31984,32002,32010,31985,32057,31999,32012,32049,32053,32014,31998
1641,32091,32060,32065,32066,32090,32086,32088,32089,32059
1642,32231,32209,32206,32195,32198,32199,32214,32194,32197,32205
1643,32246,32261,32247,32265,32258,32294,32250,32251,32263,32266,32264
1644,32304,32323,32318,32324,32299,32298,32303,32316,32322
1645,32439,32415,32406,32416,32422,32413,32403,32407,32402,32405
1646,32483,32478,32451,32448,32458,32452,32488,32447,32450,32457
1647,32516,32493,32498,32497,32511,32517,32492,32509,32515
1648,32586,32626,32615,32598,32630,32587,32590,32591,32629,32596,32620
1649,32636,32638,32646,32640,32637,32645,32633,32641,32635,32634
1650,32647,32688,32676,32659,32692,32648,32651,32652,32691,32657,32682
1651,32698,32700,32708,32702,32699,32707,32695,32703,32697,32696
1652,32748,32738,32710,32713,32719,32714,32753,32709,32712,32718
1653,32760,32770,32761,32769,32764,32758,32757,32759,32765
1654,32771,32781,32777,32772,32783,32775,32776,32773,32793,32778,32784
1655,32798,32804,32828,32822,32806,32814,32813,32799,32808,32802,32812
1656,32851,32837,32852,32833,32839,32836,32835,32864,32846,32832
1657,32866,32868,32871,32873,32877,32887,32893,32884,32865,32872
1658,32896,32905,32899,32897,32904,32902,32926,32918,32924,32919,32923
1659,32940,32927,32932,32941,32944,32928,32931,32942,32939
1660,33000,33009,32995,33002,32999,32993,32996,33004,33001,32992
1661,33018,33014,33017,33012,33011
1662,33019,33038,33039,33032,33033,33031,33026,33022,33027,33025,33021
1663,33055,33056,33046,33052,33053,33044,33063,33040,33042,33041
1664,33070,33093,33091,33096,33095,33105,33104,33076,33071,33074,33077
1665,33113
1666,33115,33114
1667,33116
1668,33118,33117
1669,33119
1670,33121,33120
1671,33126,33129,33123,33122,33125,33127,33130
1672,33131
1673,33132
1674,33133,33134,33136
1675,33138,33139,33141,33137
1676,33166,33149,33165,33161,33148,33144,33142,33143,33145,33147
1677,33167
1678,33169,33168
1679,33170
1680,33172,33171
1681,33177,33180,33174,33173,33176,33178,33181
1682,33182
1683,33183
1684,33184,33185,33187
1685,33189,33190,33192,33188
1686,33217,33200,33216,33212,33199,33195,33193,33194,33196,33198
1687,33239,33225,33238,33236,33237,33218,33219,33223,33224,33221
1688,33247,33261,33258,33240,33242,33245,33241,33244,33246,33243
1689,33277,33262,33266,33276,33273,33263,33267,33275,33278
1690,33313
1691,33315,33314
1692,33316
1693,33318,33317
1694,33323,33326,33320,33319,33322,33324,33327
1695,33328
1696,33329
1697,33330,33331,33333
1698,33335,33336,33338,33334
1699,33363,33346,33362,33358,33345,33341,33339,33340,33342,33344
1700,33371,33385,33382,33364,33366,33369,33365,33368,33370,33367
1701,33407,33393,33406,33404,33405,33386,33387,33391,33392,33389
1702,33423,33408,33413,33424,33421,33409,33412,33419,33422
1703,33506,33473,33472,33498,33502,33459,33492,33461,33493,33460
1704,33529,33563,33528,33553,33557,33555,33559,33527,33514,33515
1705,33599,33569,33576,33600,33597,33570,33575,33595,33598
1706,33681
1707,33683,33682
1708,33684
1709,33686,33685
1710,33693,33691,33694,33688,33687,33690,33692,33695
1711,33696
1712,33697
1713,33698,33699,33701
1714,33705,33703,33704,33706,33702
1715,33707,33731,33714,33717,33723,33713,33708,33710,33712,33709,33730
1716,33732
1717,33734,33733
1718,33735
1719,33737,33736
1720,33742,33745,33739,33738,33741,33743,33746
1721,33747
1722,33748
1723,33749,33750,33752
1724,33754,33755,33757,33753
1725,33782,33765,33781,33777,33764,33760,33758,33759,33761,33763
1726,33803,33804,33790,33801,33802,33784,33788,33786,33793,33783
1727,33812,33826,33823,33810,33806,33808,33805,33815,33807,33809
1728,33842,33827,33831,33841,33838,33828,33832,33840,33843
1729,33878
1730,33880,33879
1731,33881
1732,33883,33882
1733,33890,33888,33891,33885,33884,33887,33889,33892
1734,33893
1735,33894
1736,33895,33896,33898
1737,33902,33900,33901,33903,33899
1738,33904,33928,33911,33914,33920,33910,33905,33907,33909,33906,33927
1739,33929
1740,33931,33930
1741,33932
1742,33934,33933
1743,33941,33939,33942,33936,33935,33938,33940,33943
1744,33944
1745,33945
1746,33946,33947,33949
1747,33953,33951,33952,33954,33950
1748,33955,33979,33962,33965,33971,33961,33956,33958,33960,33957,33978
1749,33980
1750,33982,33981
1751,33983
1752,33985,33984
1753,33992,33990,33993,33987,33986,33989,33991,33994
1754,33995
1755,33996
1756,33997,33998,34000
1757,34004,34002,34003,34005,34001
1758,34006,34030,34013,34016,34022,34012,34007,34009,34011,34008,34029
1759,34052,34038,34051,34049,34050,34031,34032,34036,34037,34034
1760,34060,34074,34071,34053,34055,34058,34054,34057,34059,34056
1761,34090,34075,34079,34089,34086,34076,34080,34088,34091
1762,34126,34142,34146,34149,34147,34131,34140,34153,34127,34135,34130
1763,34202,34200,34203,34186,34163,34166,34167,34190,34172,34162
1764,34204,34220,34224,34239,34227,34225,34238,34209,34218,34213,34205
1765,34281,34241,34264,34244,34245,34261,34263,34242,34240,34250
1766,34292,34294,34318,34288,34358,34327,34283,34284,34282,34293
1767,34359,34379,34394,34380,34364,34373,34386,34376,34360,34363,34393
1768,34395,34433,34435,34430,34416,34419,34396,34405,34399,34400,34423
1769,34437,34457,34458,34442,34451,34454,34438,34446,34441,34449,34452
1770,34513,34474,34473,34483,34497,34477,34478,34476,34485,34480
1771,34515,34525,34527,34541,34551,34550,34591,34516,34521,34517,34526
1772,34736,34745,34740,34617,34592,34595,34610,34614,34611,34594
1773,34771,34763,34816,34819,34764,34758,34760,34752,34750,34751
1774,34823,34888,34885,34836,34891,34881,34883,34844,34825,34831,34833
1775,34918,34896,34902,34919,34922,34897,34901,34920,34917
1776,35045,35040,35042,35022,35030,35020,35023,35029,35019
1777,35050,35047,35048
1778,35056,35081,35061,35080,35072,35057,35060,35069,35074,35087,35063
1779,35091,35116,35114,35107,35115,35112,35111,35092,35095,35097,35103
1780,35126,35145,35127,35148,35142,35146,35131,35132,35144,35139,35141
1781,35200,35240,35264,35265,35246,35212,35221,35224,35201,35204,35205
1782,35272,35291,35336,35312,35337,35273,35284,35296,35343,35295,35299
1783,35345,35371,35369,35349,35350,35370,35365,35363,35344
1784,35473,35521,35483,35486,35474,35493,35522,35477,35478,35492,35509
1785,35553,35524,35536,35533,35538,35571,35527,35528,35523,35526
1786,35596,35578,35574,35579,35589,35595,35573,35591,35597
1787,35667,35692,35703,35673,35668,35681,35672,35710,35685,35691,35680
1788,35725,35759,35726,35761,35731,35745,35768,35781,35751,35730,35739
1789,35814,35790,35813,35784,35789,35811,35809,35812,35783
1790,35898,35949,35937,35916,35903,35899,35913,35904,35943,35912,35921
1791,35964,35980,35965,35969,36028,36009,35970,35979,36026,36012,36020
1792,36060,36036,36061,36031,36037,36057,36062,36059,36030
1793,36156,36196,36162,36157,36171,36161,36179,36205,36174,36170,36202
1794,36223,36243,36245,36224,36229,36246,36272,36288,36228,36238,36241
1795,36291,36296,36297,36321,36317,36320,36322,36319,36290
1796,36417,36469,36457,36418,36423,36432,36422,36435,36440,36431,36466
1797,36484,36485,36500,36549,36490,36489,36499,36533,36530,36547,36541
1798,36581,36557,36552,36582,36558,36578,36583,36580,36551
1799,36678,36718,36684,36679,36693,36683,36701,36696,36692,36727,36724
1800,36745,36765,36767,36746,36751,36810,36768,36794,36750,36760,36763
1801,36813,36818,36819,36843,36842,36839,36844,36841,36812
1802,36970,36940,36943,36942,36953,36948,36939
1803,37008,36985,37010,36984,36973,36974,36975,36978,36980,36979
1804,37012,37018,37042,37025,37014,37023,37020,37022,37045,37035,37039
1805,37052,37059,37084,37083,37078,37074,37064,37081,37054,37061,37062
1806,37088,37103,37094,37089,37092,37096,37115,37114,37105,37113,37090
1807,37118,37142,37121,37147,37141,37124,37129,37122,37157,37170,37173
1808,37187,37199,37200,37189,37220,37195,37197,37198,37218,37221,37226
1809,37227,37245,37256,37235,37255,37234,37229,37232,37246,37250,37228
1810,37262,37260,37261,37263,37259
1811,37273,37282,37267,37265,37270,37268,37284,37285,37264,37266
1812,37286,37295,37297,37304,37289,37293,37307,37292,37287,37306,37290
1813,37319,37313,37308,37320,37323,37309,37312,37318,37321
1814,37355,37380,37359,37389,37356,37365,37360,37372,37396,37378,37392
1815,37401,37426,37416,37443,37405,37435,37402,37406,37442,37411,37438
1816,37453,37470,37469,37448,37452,37467,37465,37468,37447
1817,37534,37562,37547,37538,37535,37544,37539,37566,37577,37552,37568
1818,37579,37592,37580,37623,37583,37611,37584,37622,37589,37594,37613
1819,37625,37629,37647,37630,37640,37646,37648,37642,37624
1820,37713,37748,37750,37719,37714,37727,37718,37740,37732,37726,37757
1821,37772,37798,37773,37809,37778,37829,37793,37799,37816,37777,37786
1822,37832,37837,37838,37861,37860,37857,37862,37859,37831
1823,37947,38000,37988,37948,37962,37953,37952,37967,37961,37972,37997
1824,38015,38016,38031,38081,38021,38020,38030,38065,38062,38079,38073
1825,38113,38089,38084,38114,38090,38110,38115,38112,38083
1826,38211,38251,38217,38212,38226,38216,38234,38229,38225,38260,38257
1827,38278,38298,38300,38279,38284,38343,38301,38327,38283,38293,38296
1828,38346,38351,38352,38376,38372,38375,38377,38374,38345
1829,38472,38524,38512,38473,38478,38487,38477,38490,38495,38486,38521
1830,38539,38540,38555,38604,38545,38544,38554,38588,38585,38602,38596
1831,38636,38612,38607,38637,38613,38633,38638,38635,38606
1832,38733,38773,38739,38734,38748,38738,38756,38751,38747,38782,38779
1833,38800,38820,38822,38801,38806,38865,38823,38849,38805,38815,38818
1834,38868,38873,38874,38898,38894,38897,38899,38896,38867
1835,38995,39007,39005,38998,38997,39008,39003,39006,38994
1836,39078,39038,39060,39065,39071,39066,39072,39029,39039,39028
1837,39079,39084,39112,39105,39106,39109,39113,39083,39108,39092,39123
1838,39133,39166,39138,39159,39161,39160,39163,39137,39145,39162,39146
1839,39188,39191,39192,39203,39205,39201,39200,39202,39187
1840,39316,39286,39306,39308,39280,39287,39285,39277,39278,39281
1841,39318,39358,39357,39327,39347,39349,39355,39344,39328,39321,39326
1842,39381,39359,39365,39382,39376,39360,39364,39374,39380
1843,39441,39489,39491,39447,39472,39495,39442,39456,39448,39480,39455
1844,39513,39563,39551,39519,39544,39567,39550,39514,39583,39520,39528
1845,39586,39591,39592,39616,39617,39615,39612,39614,39585
1846,39717,39774,39762,39718,39732,39740,39722,39723,39731,39745,39768
1847,39789,39790,39805,39859,39794,39795,39804,39840,39843,39851,39855
1848,39891,39867,39862,39892,39868,39888,39893,39890,39861
1849,39993,40033,39999,39994,40008,39998,40016,40011,40007,40042,40039
1850,40060,40080,40082,40061,40066,40125,40083,40109,40065,40075,40078
1851,40128,40133,40134,40158,40157,40154,40159,40156,40127
1852,40254,40306,40294,40255,40260,40269,40259,40272,40268,40277,40303
1853,40321,40322,40337,40386,40327,40326,40336,40370,40367,40384,40378
1854,40418,40394,40389,40419,40395,40415,40420,40417,40388
1855,40529,40520,40517,40523,40522,40537,40541,40544,40515,40516
1856,40589,40546,40550,40556,40549,40596,40547,40545,40548,40555
1857,40603,40604,40607,40601,40602,40608,40600
1858,40615,40617,40627,40647,40622,40646,40648,40626,40621,40649,40656
1859,40658,40660,40670,40691,40664,40669,40690,40692,40668,40681,40667
1860,40701,40713,40705,40740,40717,40702,40730,40729,40727,40732,40764
1861,40815,40871,40852,40818,40816,40817,40808,40872,40805,40806
1862,40873,40910,40904,40924,40929,40883,40876,40884,40934,40885,40939
1863,40965,40941,40947,40960,40966,40942,40946,40958,40964
1864,41056,41105,41091,41062,41084,41090,41109,41057,41071,41063,41070
1865,41127,41174,41176,41133,41155,41161,41180,41128,41196,41134,41142
1866,41199,41204,41205,41230,41229,41225,41227,41228,41198
1867,41329,41385,41373,41351,41330,41344,41334,41335,41343,41356,41379
1868,41400,41401,41416,41469,41405,41406,41415,41450,41453,41461,41465
1869,41501,41477,41472,41502,41478,41498,41503,41500,41471
1870,41602,41642,41608,41603,41617,41607,41625,41620,41616,41651,41648
1871,41669,41689,41691,41670,41675,41734,41692,41718,41674,41684,41687
1872,41737,41742,41743,41767,41766,41763,41768,41765,41736
1873,41863,41915,41903,41864,41869,41878,41868,41881,41886,41877,41912
1874,41930,41931,41946,41995,41936,41935,41945,41979,41976,41993,41987
1875,42027,42003,41998,42028,42004,42024,42029,42026,41997
1876,42124,42172,42125,42137,42129,42176,42128,42166,42175,42135,42164
1877,42182,42184,42192,42186,42183,42193,42187,42179,42181,42180
1878,42194,42243,42195,42207,42199,42247,42198,42237,42246,42205,42235
1879,42253,42255,42263,42257,42254,42264,42258,42250,42252,42251
1880,42310,42266,42270,42276,42269,42317,42265,42268,42275,42277
1881,42324,42334,42325,42335,42328,42322,42323,42329,42321
1882,42336,42346,42342,42348,42340,42341,42358,42337,42338,42343,42349
1883,42363,42387,42369,42393,42371,42379,42378,42364,42373,42367,42377
1884,42416,42402,42417,42398,42404,42401,42400,42429,42411,42397
1885,42442,42436,42431,42438,42433,42449,42452,42458,42430,42437
1886,42461,42467,42488,42490,42462,42464,42487,42469,42491,42489,42483
1887,42505,42492,42496,42493,42497,42507,42504,42506,42509
1888,42565,42574,42558,42561,42569,42566,42560,42567,42564,42557
1889,42582,42579,42583,42577,42576
1890,42584,42603,42604,42597,42598,42596,42591,42587,42592,42590,42586
1891,42620,42621,42611,42617,42618,42609,42628,42605,42607,42614
1892,42635,42658,42656,42661,42660,42670,42669,42636,42639,42642,42638
1893,42678
1894,42680,42679
1895,42681
1896,42683,42682
1897,42684,42705,42707,42693,42687,42695,42685,42692,42688,42697,42694
1898,42730,42729,42715,42722,42713,42716,42721,42712
1899,42764,42742,42731,42734,42739,42732,42740
1900,42766,42768,42767,42769,42765
1901,42778
1902,42784,42780,42779,42782
1903,42797,42796,42794,42795,42792,42793,42791
1904,42802,42801,42800,42803,42798,42799
1905,42804,42825,42827,42813,42807,42815,42805,42812,42808,42817,42814
1906,42850,42849,42836,42833,42835,42841,42842,42832
1907,42884,42862,42854,42859,42851,42852,42860
1908,42886,42888,42887,42889,42885
1909,42898
1910,42904,42900,42899,42902
1911,42917,42916,42914,42915,42912,42913,42911
1912,42922,42921,42920,42923,42918,42919
1913,42924,42933,42934,42925,42928,42926,42930,42929,42935,42931,42937
1914,42939,42945,42964,42954,42947,42955,42960,42961,42940,42949,42943
1915,42987,42986,42974,42970,42976,42973,42972,42981,42996,42969
1916,42997
1917,42999,42998
1918,43000
1919,43002,43001
1920,43009,43008,43006,43007,43004,43005,43003
1921,43014,43013,43012,43015,43010,43011
1922,43022,43021,43019,43020,43017,43018,43016
1923,43027,43026,43025,43028,43023,43024
1924,43038,43030,43031,43035,43033,43036,43034,43029,43032,43037
1925,43044,43050,43068,43052,43069,43059,43060,43066,43058,43045,43054
1926,43092,43091,43079,43075,43074,43081,43078,43076,43077,43086
1927,43102
1928,43104,43103
1929,43105
1930,43107,43106
1931,43114,43113,43111,43112,43109,43110,43108
1932,43119,43118,43117,43120,43115,43116
1933,43127,43126,43124,43125,43122,43123,43121
1934,43132,43131,43130,43133,43128,43129
1935,43143,43135,43136,43140,43138,43141,43139,43134,43137,43142
1936,43149,43155,43173,43157,43174,43164,43165,43171,43163,43150,43159
1937,43197,43196,43184,43180,43179,43186,43183,43181,43182,43191
1938,43213,43210,43211,43208,43214,43215,43209,43212,43207
1939,43216
1940,43218,43217
1941,43219
1942,43221,43220
1943,43228,43227,43225,43226,43223,43224,43222
1944,43233,43232,43231,43234,43229,43230
1945,43241,43240,43238,43239,43236,43237,43235
1946,43246,43245,43244,43247,43242,43243
1947,43257,43249,43250,43254,43252,43255,43253,43248,43251,43256
1948,43263,43269,43287,43271,43288,43278,43279,43285,43277,43264,43273
1949,43311,43310,43298,43294,43293,43300,43297,43295,43296,43305
1950,43327,43324,43325,43322,43328,43329,43323,43326,43321
